store,domain,own_store,model,size,load,title,qty_in_listing,price,compare_at,price_per_tire,available,product_id,variant_id,url,source,ship_qty1,ship_qty4,ship_per_tire,landed_per_tire,ship_note,flag,_delivered
Next Level Performance,,False,Terrain Pro A/T P,35x12.50R20,,AMP Terrain Pro A/T Tire - 35X12.50R20LT 121S,1,284.99,,284.99,,9562134413463,47624105853079,https://shop.com/products/9562134413463/amp-terrain-pro-a-t-tire-35x12-50r20lt-121s?variantId=47624105853079,shop.app,,,20.0,304.99,$20.00/tire (store_shipping.csv),,304.99
Battle Born Offroad,,False,Terrain Pro A/T P,35x12.50R24,F,24 Inch Terrain Pro A/T P 35X12.50R24LT 116R LR F 80 PSI Max AMP Tires,1,376.99,,376.99,,8892838183065,48849397743769,https://shop.com/products/8892838183065/24-inch-terrain-pro-a-t-p-35x12-50r24lt-116r-lr-f-80?variantId=48849397743769,shop.app,,,,,,,376.99
Gladiator Auto,,False,Terrain Pro A/T P,35x12.50R20,E,TERRAIN PRO A/T P 35X12.50R20LT 121S LR E 65PSI MAX - 35-125020AMP/CA2,1,299.0,,299.0,,9056631980286,47754431004926,https://shop.com/products/9056631980286/terrain-pro-a-t-p-35x12-50r20lt-121s-lr-e-65psi-max-35?variantId=47754431004926,shop.app,,,0.0,299.0,free shipping,,299.0
Forge USA,,False,Terrain Pro A/T P,285/70R17,,AMP Terrain Pro A/T LT285/70R17,1,241.0,,241.0,,10122090742000,50086590054640,https://shop.com/products/10122090742000/amp-terrain-pro-a-t-lt285-70r17?variantId=50086590054640,shop.app,,,,,,,241.0
Street Driven Performance,,False,Terrain Pro A/T P,33x12.50R24,,AMP Terrain Pro A/T Tire - 33x12.50R24LT 106R,1,298.03,350.99,298.03,,10875105673375,62579914342559,https://shop.com/products/10875105673375/amp-terrain-pro-a-t-tire-33x12-50r24lt-106r?variantId=62579914342559,shop.app,,,25.0,323.03,$25.00/tire (store_shipping.csv),,323.03
Battle Born Offroad,,False,Terrain Pro A/T P,33x12.50R20,E,20 Inch Terrain Pro A/T P 33X12.50R20LT 114S LR E 65PSI Max AMP Tires,1,256.99,,256.99,,8892837396633,48849396957337,https://shop.com/products/8892837396633/20-inch-terrain-pro-a-t-p-33x12-50r20lt-114s-lr-e-65psi?variantId=48849396957337,shop.app,,,,,,,256.99
Complete Street Performance,,False,Terrain Pro A/T P,33x12.50R24,,Amp Tires 33-125024AMP/CA2F - AMP Terrain Pro A/T Tire - 33x12.50R24LT 106R,1,350.99,386.09,350.99,,9986578841878,50065226891542,https://shop.com/products/9986578841878/amp-tires-33-125024amp-ca2f-amp-terrain-pro-a-t-tire-33x12-50r24lt?variantId=50065226891542,shop.app,,,,,,,350.99
Gladiator Auto,,False,Terrain Pro A/T P,305/35R24,XL,TERRAIN PRO A/T P 305/35R24 112S XL 50PSI MAX - 305-3524AMP/CA2,1,308.0,,308.0,,9056631226622,47754431922430,https://shop.com/products/9056631226622/terrain-pro-a-t-p-305-35r24-112s-xl-50psi-max-305-3524amp?variantId=47754431922430,shop.app,,,0.0,308.0,free shipping,,308.0
Forge USA,,False,Terrain Pro A/T P,285/65R18,,AMP Terrain Pro A/T LT285/65R18,1,262.0,,262.0,,10122090610928,50086589923568,https://shop.com/products/10122090610928/amp-terrain-pro-a-t-lt285-65r18?variantId=50086589923568,shop.app,,,,,,,262.0
Forge USA,,False,Terrain Pro A/T P,35x12.50R24,,AMP Terrain Pro A/T LT35X12.50R24,1,384.0,,384.0,,10122087923952,50086583566576,https://shop.com/products/10122087923952/amp-terrain-pro-a-t-lt35x12-50r24?variantId=50086583566576,shop.app,,,,,,,384.0
Complete Street Performance,,False,Terrain Pro A/T P,35x12.50R24,,Amp Tires 35-125024AMP/CA2F - AMP Terrain Pro A/T Tire - 35X12.50R24LT 116R,1,376.99,414.69,376.99,,9986579366166,50065227612438,https://shop.com/products/9986579366166/amp-tires-35-125024amp-ca2f-amp-terrain-pro-a-t-tire-35x12-50r24lt?variantId=50065227612438,shop.app,,,,,,,376.99
Speedzone Performance LLC,,False,Terrain Pro A/T P,285/65R18,,AMP Terrain Pro A/T Tire - LT285/65R18 125/122R,1,256.99,,256.99,,7350048948309,42283601952853,https://shop.com/products/7350048948309/amp-terrain-pro-a-t-tire-lt285-65r18-125-122r?variantId=42283601952853,shop.app,,,,,,,256.99
Black Patch Performance,,False,Terrain Pro A/T P,285/70R17,E,LT285/70R17 TERRAIN PRO A/T Load Range E,1,241.0,,241.0,,7070316920919,40739077095511,https://shop.com/products/7070316920919/lt285-70r17-terrain-pro-a-t-load-range-e?variantId=40739077095511,shop.app,,,,,,,241.0
eliteracefab.com,,False,Terrain Pro A/T P,33x12.50R20,,AMP Terrain Pro A/T P Tires - 33x12.50R20LT,1,270.0,,270.0,,9444123345064,55530721738920,https://shop.com/products/9444123345064/amp-terrain-pro-a-t-p-tires-33x12-50r20lt?variantId=55530721738920,shop.app,,,0.0,270.0,free shipping,,270.0
FI Performance,,False,Terrain Pro A/T P,275/70R18,,AMP Terrain Pro A/T Tire - LT275/70R18 122/125R,1,271.0,,271.0,,10653745545356,61739769200780,https://shop.com/products/10653745545356/amp-terrain-pro-a-t-tire-lt275-70r18-122-125r?variantId=61739769200780,shop.app,,,,,,,271.0
Dually Wheels,,False,Terrain Pro A/T P,285/70R17,,LT285/70R17/10 Amp Tires Terrain Pro A/T Tires Set of 6,6,1446.0,1590.6,241.0,,7916246794495,43681054490879,https://shop.com/products/7916246794495/lt285-70r17-10-amp-tires-terrain-pro-a-t-tires-set-of-6?variantId=43681054490879,shop.app,,,,,,,241.0
Complete Street Performance,,False,Terrain Pro A/T P,275/70R18,,Amp Tires 275-7018AMP/CA2 - AMP Terrain Pro A/T Tire - LT275/70R18 122/125R,1,271.0,298.1,271.0,,9986580087062,50065228595478,https://shop.com/products/9986580087062/amp-tires-275-7018amp-ca2-amp-terrain-pro-a-t-tire-lt275-70r18?variantId=50065228595478,shop.app,,,,,,,271.0
Forge USA,,False,Terrain Pro A/T P,35x12.50R20,,AMP Terrain Pro A/T LT35X12.50R20,1,299.0,,299.0,,10122088841456,50086585008368,https://shop.com/products/10122088841456/amp-terrain-pro-a-t-lt35x12-50r20?variantId=50086585008368,shop.app,,,,,,,299.0
TryBeepbeep,,False,Terrain Pro A/T P,285/65R18,E,285-6518AMP/CA2 Terrain Pro A/T Tire AMP Tires 285/65R18 122R LR E,1,256.99,,256.99,,10125593903386,51707325645082,https://shop.com/products/10125593903386/285-6518amp-ca2-terrain-pro-a-t-tire-amp-tires-285-65r18-122r?variantId=51707325645082,shop.app,,,0.0,256.99,free shipping,,256.99
Pure Auto Performance,,False,Terrain Pro A/T P,33x12.50R20,,AMP Terrain Pro A/T Tire - 33X12.50R20LT 114S,1,256.99,,256.99,,10025377694003,52837593055539,https://shop.com/products/10025377694003/amp-terrain-pro-a-t-tire-33x12-50r20lt-114s?variantId=52837593055539,shop.app,,,,,,,256.99
FI Performance,,False,Terrain Pro A/T P,33x12.50R24,,AMP Terrain Pro A/T Tire - 33x12.50R24LT 106R,1,350.99,,350.99,,10653747380364,61739772477580,https://shop.com/products/10653747380364/amp-terrain-pro-a-t-tire-33x12-50r24lt-106r?variantId=61739772477580,shop.app,,,,,,,350.99
Signature Performance,,False,Terrain Pro A/T P,295/65R20,,LT295/65R20 AMP Terrain Pro A/T Tire,1,325.0,,325.0,,8111613837452,43953158488204,https://shop.com/products/8111613837452/lt295-65r20-amp-terrain-pro-a-t-tire?variantId=43953158488204,shop.app,,,,,,,325.0
FI Performance,,False,Terrain Pro A/T P,35x12.50R20,,AMP Terrain Pro A/T Tire - 35X12.50R20LT 121S,1,284.99,,284.99,,10653748035724,61739773427852,https://shop.com/products/10653748035724/amp-terrain-pro-a-t-tire-35x12-50r20lt-121s?variantId=61739773427852,shop.app,,,,,,,284.99
FI Performance,,False,Terrain Pro A/T P,285/55R22,,AMP Terrain Pro A/T Tire - LT285/55R22 124/121R,1,331.99,,331.99,,10653745938572,61739769954444,https://shop.com/products/10653745938572/amp-terrain-pro-a-t-tire-lt285-55r22-124-121r?variantId=61739769954444,shop.app,,,,,,,331.99
TryBeepbeep,,False,Terrain Pro A/T P,325/60R20,E,325-6020AMP/CA2 Terrain Pro A/T P Tire AMP 325/60R20 123S LR E,1,368.99,,368.99,,10125594394906,51707327709466,https://shop.com/products/10125594394906/325-6020amp-ca2-terrain-pro-a-t-p-tire-amp-325-60r20-123s?variantId=51707327709466,shop.app,,,0.0,368.99,free shipping,,368.99
Tires Nation,,False,Terrain Pro A/T P,285/45R22,,Amp Terrain Pro A/T 285/45R22 117R Tire,1,286.0,412.23,286.0,,10464514310434,52387512320290,https://shop.com/products/10464514310434/amp-terrain-pro-a-t-285-45r22-117r-tire?variantId=52387512320290,shop.app,,,,,,,286.0
Speedzone Performance LLC,,False,Terrain Pro A/T P,275/55R20,,AMP Terrain Pro A/T Tire - LT275/55R20 115/112S,1,241.0,,241.0,,7350048489557,42283600609365,https://shop.com/products/7350048489557/amp-terrain-pro-a-t-tire-lt275-55r20-115-112s?variantId=42283600609365,shop.app,,,,,,,241.0
Speedzone Performance LLC,,False,Terrain Pro A/T P,285/70R17,,AMP Terrain Pro A/T Tire - LT285/70R17 121/118R,1,241.0,,241.0,,7350049013845,42283602149461,https://shop.com/products/7350049013845/amp-terrain-pro-a-t-tire-lt285-70r17-121-118r?variantId=42283602149461,shop.app,,,,,,,241.0
Complete Street Performance,,False,Terrain Pro A/T P,265/70R17,,Amp Tires 265-7017AMP/CA2 - AMP Terrain Pro A/T Tire - LT265/70R17 121/118S,1,221.0,243.1,221.0,,9986579792150,50065228300566,https://shop.com/products/9986579792150/amp-tires-265-7017amp-ca2-amp-terrain-pro-a-t-tire-lt265-70r17?variantId=50065228300566,shop.app,,,,,,,221.0
Forge USA,,False,Terrain Pro A/T P,33x12.50R24,,AMP Terrain Pro A/T LT33X12.50R24,1,358.0,,358.0,,10122087956720,50086583599344,https://shop.com/products/10122087956720/amp-terrain-pro-a-t-lt33x12-50r24?variantId=50086583599344,shop.app,,,,,,,358.0
EZ Wheeler,,False,Terrain Pro A/T P,265/70R17,E,TERRAIN PRO A/T 265/70R17 121/118S LR E 80 PSI MAX,1,221.0,,221.0,,9219912171753,50619114258665,https://shop.com/products/9219912171753/terrain-pro-a-t-265-70r17-121-118s-lr-e-80-psi-max?variantId=50619114258665,shop.app,,,,,,,221.0
EZ Wheeler,,False,Terrain Pro A/T P,265/60R20,E,TERRAIN PRO A/T 265/60R20 121/118S LR E 80 PSI MAX,1,277.0,,277.0,,9219913089257,50619116749033,https://shop.com/products/9219913089257/terrain-pro-a-t-265-60r20-121-118s-lr-e-80-psi-max?variantId=50619116749033,shop.app,,,,,,,277.0
Torque Ranch Motors,,False,Terrain Pro A/T P,275/65R20,,AMP Terrain Pro A/T Tire - LT275/65R20 126/123S,1,292.0,,292.0,,11072755367972,51022942011428,https://shop.com/products/11072755367972/amp-terrain-pro-a-t-tire-lt275-65r20-126-123s?variantId=51022942011428,shop.app,,,,,,,292.0
eliteracefab.com,,False,Terrain Pro A/T P,325/65R18,,AMP Terrain Pro A/T P Tires - LT325/65R18,1,333.0,,333.0,,9444123279528,55530721411240,https://shop.com/products/9444123279528/amp-terrain-pro-a-t-p-tires-lt325-65r18?variantId=55530721411240,shop.app,,,0.0,333.0,free shipping,,333.0
Street Driven Performance,,False,Terrain Pro A/T P,35x12.50R24,,AMP Terrain Pro A/T Tire - 35X12.50R24LT 116R,1,319.68,376.99,319.68,,10875106197663,62579915489439,https://shop.com/products/10875106197663/amp-terrain-pro-a-t-tire-35x12-50r24lt-116r?variantId=62579915489439,shop.app,,,25.0,344.68,$25.00/tire (store_shipping.csv),,344.68
Forge USA,,False,Terrain Pro A/T P,33x12.50R20,,AMP Terrain Pro A/T LT33X12.50R20,1,270.0,,270.0,,10122088972528,50086585401584,https://shop.com/products/10122088972528/amp-terrain-pro-a-t-lt33x12-50r20?variantId=50086585401584,shop.app,,,,,,,270.0
Forge USA,,False,Terrain Pro A/T P,265/70R17,,AMP Terrain Pro A/T LT265/70R17,1,221.0,,221.0,,10122090774768,50086590087408,https://shop.com/products/10122090774768/amp-terrain-pro-a-t-lt265-70r17?variantId=50086590087408,shop.app,,,,,,,221.0
Performance Discounters,,False,Terrain Pro A/T P,265/70R17,E,265/70R17 AMP Terrain Pro A/T All Terrain Tire 121/118S BSW LRE 2657017,1,221.0,,221.0,,9241684967589,45981245997221,https://shop.com/products/9241684967589/265-70r17-amp-terrain-pro-a-t-all-terrain-tire-121-118s-bsw?variantId=45981245997221,shop.app,,,,,,,221.0
Complete Street Performance,,False,Terrain Pro A/T P,295/65R20,,Amp Tires 295-6520AMP/CA2 - AMP Terrain Pro A/T Tire - LT295/65R20 129/126R,1,318.99,350.89,318.99,,9986578907414,50065226924310,https://shop.com/products/9986578907414/amp-tires-295-6520amp-ca2-amp-terrain-pro-a-t-tire-lt295-65r20?variantId=50065226924310,shop.app,,,,,,,318.99
Complete Street Performance,,False,Terrain Pro A/T P,325/60R20,,Amp Tires 325-6020AMP/CA2 - AMP Terrain Pro A/T Tire - LT325/60R20 126/123S,1,369.0,405.9,369.0,,9986579661078,50065228169494,https://shop.com/products/9986579661078/amp-tires-325-6020amp-ca2-amp-terrain-pro-a-t-tire-lt325-60r20?variantId=50065228169494,shop.app,,,,,,,369.0
Tires Nation,,False,Terrain Pro A/T P,275/60R20,,Amp Terrain Pro A/T P 275/60R20 123/120S Tire,1,271.0,402.94,271.0,,10463897977122,52384898023714,https://shop.com/products/10463897977122/amp-terrain-pro-a-t-p-275-60r20-123-120s-tire?variantId=52384898023714,shop.app,,,,,,,271.0
Dually Wheels,,False,Terrain Pro A/T P,275/70R18,,LT275/70R18/10 Amp Tires Terrain Pro A/T Tires Set of 6,6,1626.0,1788.6,271.0,,7916246237439,46049267286271,https://shop.com/products/7916246237439/lt275-70r18-10-amp-tires-terrain-pro-a-t-tires-set-of-6?variantId=46049267286271,shop.app,,,,,,,271.0
EZ Wheeler,,False,Terrain Pro A/T P,285/45R22,D,TERRAIN PRO A/T P LT285/45R22 117R LR D 65PSI MAX,1,286.0,,286.0,,8797998088425,47930391167209,https://shop.com/products/8797998088425/terrain-pro-a-t-p-lt285-45r22-117r-lr-d-65psi-max?variantId=47930391167209,shop.app,,,,,,,286.0
Dually Wheels,,False,Terrain Pro A/T P,35x12.50R20,,35X12.50R20LT/10 Amp Tires Terrain Pro A/T Tires Set of 6,6,1794.0,1973.4,299.0,,7916248662271,46049272496383,https://shop.com/products/7916248662271/35x12-50r20lt-10-amp-tires-terrain-pro-a-t-tires-set-of-6?variantId=46049272496383,shop.app,,,,,,,299.0
Dually Wheels,,False,Terrain Pro A/T P,325/65R18,,LT325/65R18/10 Amp Tires Terrain Pro A/T Tires Set of 6,6,1998.0,2197.8,333.0,,7916247908607,46049270825215,https://shop.com/products/7916247908607/lt325-65r18-10-amp-tires-terrain-pro-a-t-tires-set-of-6?variantId=46049270825215,shop.app,,,,,,,333.0
FI Performance,,False,Terrain Pro A/T P,295/50R22,,AMP Terrain Pro A/T Tire - LT295/50R22 122/119S,1,323.99,,323.99,,10653746659468,61739771035788,https://shop.com/products/10653746659468/amp-terrain-pro-a-t-tire-lt295-50r22-122-119s?variantId=61739771035788,shop.app,,,,,,,323.99
Complete Street Performance,,False,Terrain Pro A/T P,325/65R18,,Amp Tires 325-6518AMP/CA2 - AMP Terrain Pro A/T Tire - LT325/65R18 127/124R,1,333.0,366.3,333.0,,9986577891606,50065225187606,https://shop.com/products/9986577891606/amp-tires-325-6518amp-ca2-amp-terrain-pro-a-t-tire-lt325-65r18?variantId=50065225187606,shop.app,,,,,,,333.0
Speedzone Performance LLC,,False,Terrain Pro A/T P,285/45R22,,AMP Terrain Pro A/T Tire - LT285/45R22 117R,1,286.0,,286.0,,7350048686165,42283601100885,https://shop.com/products/7350048686165/amp-terrain-pro-a-t-tire-lt285-45r22-117r?variantId=42283601100885,shop.app,,,,,,,286.0
Forge USA,,False,Terrain Pro A/T P,275/70R18,,AMP Terrain Pro A/T LT275/70R18,1,271.0,,271.0,,10122090643696,50086589956336,https://shop.com/products/10122090643696/amp-terrain-pro-a-t-lt275-70r18?variantId=50086589956336,shop.app,,,,,,,271.0
Dually Wheels,,False,Terrain Pro A/T P,285/65R18,,LT285/65R18/10 Amp Tires Terrain Pro A/T Tires Set of 6,6,1572.0,1729.2,262.0,,7916247023871,46049999978751,https://shop.com/products/7916247023871/lt285-65r18-10-amp-tires-terrain-pro-a-t-tires-set-of-6?variantId=46049999978751,shop.app,,,,,,,262.0
Forge USA,,False,Terrain Pro A/T P,305/35R24,,AMP Terrain Pro A/T P305/35R24,1,308.0,,308.0,,10122087989488,50086583632112,https://shop.com/products/10122087989488/amp-terrain-pro-a-t-p305-35r24?variantId=50086583632112,shop.app,,,,,,,308.0
Renegade Speed by Renegade Racing & Performance,,False,Terrain Pro A/T P,305/55R20,,AMP Tires Terrain Pro A/T Tire - LT305/55R20 121/118S for All-Terrain Performance and Durability,1,274.99,,274.99,,11068220899601,53601860354321,https://shop.com/products/11068220899601/amp-tires-terrain-pro-a-t-tire-lt305-55r20-121-118s-for-all?variantId=53601860354321,shop.app,,,,,,,274.99
FR SPORT,,False,Terrain Pro A/T P,305/55R20,,AMP Tires AMP Terrain Pro A/T Tire - LT305/55R20 121/118S 305-5520AMP/CA2,1,274.99,,274.99,,8881865621656,47391137955992,https://shop.com/products/8881865621656/amp-tires-amp-terrain-pro-a-t-tire-lt305-55r20-121-118s-305?variantId=47391137955992,shop.app,,,,,,,274.99
FI Performance,,False,Terrain Pro A/T P,35x12.50R24,,AMP Terrain Pro A/T Tire - 35X12.50R24LT 116R,1,376.99,,376.99,,10653748330636,61739773984908,https://shop.com/products/10653748330636/amp-terrain-pro-a-t-tire-35x12-50r24lt-116r?variantId=61739773984908,shop.app,,,,,,,376.99
Battle Born Offroad,,False,Terrain Pro A/T P,33x12.50R24,F,24 Inch Terrain Pro A/T P 33X12.50R24LT 106R LR F 80PSI Max AMP Tires,1,350.99,,350.99,,8892838576281,48849398136985,https://shop.com/products/8892838576281/24-inch-terrain-pro-a-t-p-33x12-50r24lt-106r-lr-f-80psi?variantId=48849398136985,shop.app,,,,,,,350.99
CWO,,False,Terrain Pro A/T P,33x12.50R24,F,33x12.50R24LT Amp Tires Terrain Pro A/T 106R LRF Black Wall Tire,1,358.0,,358.0,,10122307535161,51952032481593,https://shop.com/products/10122307535161/33x12-50r24lt-amp-tires-terrain-pro-a-t-106r-lrf-black-wall-tire?variantId=51952032481593,shop.app,,,0.0,358.0,free shipping,,358.0
Flex Offroad,,False,Terrain Pro A/T P,275/65R20,E,LT275/65R20 AMP Terrain PRO A/T P (Load E),1,292.0,,292.0,,9684537213201,49266946867473,https://shop.com/products/9684537213201/lt275-65r20-amp-terrain-pro-a-t-p-load-e?variantId=49266946867473,shop.app,,,,,,,292.0
Tires Nation,,False,Terrain Pro A/T P,295/50R22,,Amp Terrain Pro A/T 295/50R22 122/119S Tire,1,330.0,470.17,330.0,,15321612714274,67411172786466,https://shop.com/products/15321612714274/amp-terrain-pro-a-t-295-50r22-122-119s-tire?variantId=67411172786466,shop.app,,,,,,,330.0
Forge USA,,False,Terrain Pro A/T P,285/60R20,,AMP Terrain Pro A/T LT285/60R20,1,333.0,,333.0,,10122089824496,50086586974448,https://shop.com/products/10122089824496/amp-terrain-pro-a-t-lt285-60r20?variantId=50086586974448,shop.app,,,,,,,333.0
Complete Street Performance,,False,Terrain Pro A/T P,295/50R22,,Amp Tires 295-5022AMP/CA2 - AMP Terrain Pro A/T Tire - LT295/50R22 122/119S,1,323.99,356.39,323.99,,9986579136790,50065227350294,https://shop.com/products/9986579136790/amp-tires-295-5022amp-ca2-amp-terrain-pro-a-t-tire-lt295-50r22?variantId=50065227350294,shop.app,,,,,,,323.99
Dually Wheels,,False,Terrain Pro A/T P,35x12.50R24,,35X12.50R24LT/12 Amp Tires Terrain Pro A/T Tires Set of 6,6,2304.0,2534.4,384.0,,7916249088255,46050005090559,https://shop.com/products/7916249088255/35x12-50r24lt-12-amp-tires-terrain-pro-a-t-tires-set-of-6?variantId=46050005090559,shop.app,,,,,,,384.0
Flex Offroad,,False,Terrain Pro A/T P,33x12.50R20,E,33X12.50R20LT AMP Terrain PRO A/T P (Load E) 65psi,1,257.0,,257.0,,9685123170577,49268073136401,https://shop.com/products/9685123170577/33x12-50r20lt-amp-terrain-pro-a-t-p-load-e-65psi?variantId=49268073136401,shop.app,,,,,,,257.0
EZ Wheeler,,False,Terrain Pro A/T P,295/50R22,E,TERRAIN PRO A/T P LT295/50R22 122/119S LR E 80PSI MAX,1,330.0,,330.0,,8787161809129,47887593373929,https://shop.com/products/8787161809129/terrain-pro-a-t-p-lt295-50r22-122-119s-lr-e-80psi-max?variantId=47887593373929,shop.app,,,,,,,330.0
Speedzone Performance LLC,,False,Terrain Pro A/T P,285/60R20,,AMP Terrain Pro A/T Tire - LT285/60R20 125/122S,1,326.99,,326.99,,7350048915541,42283601887317,https://shop.com/products/7350048915541/amp-terrain-pro-a-t-tire-lt285-60r20-125-122s?variantId=42283601887317,shop.app,,,,,,,326.99
Black Patch Performance,,False,Terrain Pro A/T P,35x12.50R24,F,35X12.50R24LT TERRAIN PRO A/T Load Range F,1,384.0,,384.0,,7070319968343,40739083518039,https://shop.com/products/7070319968343/35x12-50r24lt-terrain-pro-a-t-load-range-f?variantId=40739083518039,shop.app,,,,,,,384.0
Tires Nation,,False,Terrain Pro A/T P,275/55R20,,Amp Terrain Pro A/T P 275/55R20 115/112S Tire,1,241.0,356.04,241.0,,10463897813282,52384897728802,https://shop.com/products/10463897813282/amp-terrain-pro-a-t-p-275-55r20-115-112s-tire?variantId=52384897728802,shop.app,,,,,,,241.0
Speedzone Performance LLC,,False,Terrain Pro A/T P,275/60R20,,AMP Terrain Pro A/T Tire - LT275/60R20 123/120S,1,271.0,,271.0,,7350048555093,42283600838741,https://shop.com/products/7350048555093/amp-terrain-pro-a-t-tire-lt275-60r20-123-120s?variantId=42283600838741,shop.app,,,,,,,271.0
Tires Nation,,False,Terrain Pro A/T P,285/55R22,,Amp Terrain Pro A/T 285/55R22 124/121R Tire,1,338.0,435.87,338.0,,15321612976418,67411172852002,https://shop.com/products/15321612976418/amp-terrain-pro-a-t-285-55r22-124-121r-tire?variantId=67411172852002,shop.app,,,,,,,338.0
eliteracefab.com,,False,Terrain Pro A/T P,325/60R20,,AMP Terrain Pro A/T P Tires - LT325/60R20,1,369.0,,369.0,,9444123246760,55530721345704,https://shop.com/products/9444123246760/amp-terrain-pro-a-t-p-tires-lt325-60r20?variantId=55530721345704,shop.app,,,0.0,369.0,free shipping,,369.0
TryBeepbeep,,False,Terrain Pro A/T P,285/45R22,D,LT285/45R22 AMP Terrain Pro A/T D/8PR BSW,1,285.99,,285.99,,10125593641242,51707324662042,https://shop.com/products/10125593641242/lt285-45r22-amp-terrain-pro-a-t-d-8pr-bsw?variantId=51707324662042,shop.app,,,0.0,285.99,free shipping,,285.99
Speedzone Performance LLC,,False,Terrain Pro A/T P,285/55R20,,AMP Terrain Pro A/T Tire - LT285/55R20 122/119S,1,256.0,,256.0,,7350048718933,42283601231957,https://shop.com/products/7350048718933/amp-terrain-pro-a-t-tire-lt285-55r20-122-119s?variantId=42283601231957,shop.app,,,,,,,256.0
AutoHouseSupply,,False,Terrain Pro A/T P,285/55R22,,AMP Terrain Pro A/T Tire - LT285/55R22 124/121R,1,331.99,,331.99,,10304033161508,51514734477604,https://shop.com/products/10304033161508/amp-terrain-pro-a-t-tire-lt285-55r22-124-121r?variantId=51514734477604,shop.app,,,,,,,331.99
FI Performance,,False,Terrain Pro A/T P,33x12.50R20,,AMP Terrain Pro A/T Tire - 33X12.50R20LT 114S,1,256.99,,256.99,,10653747150988,61739772018828,https://shop.com/products/10653747150988/amp-terrain-pro-a-t-tire-33x12-50r20lt-114s?variantId=61739772018828,shop.app,,,,,,,256.99
Complete Street Performance,,False,Terrain Pro A/T P,33x12.50R20,,Amp Tires 33-125020AMP/CA2 - AMP Terrain Pro A/T Tire - 33X12.50R20LT 114S,1,256.99,282.69,256.99,,9986578579734,50065226203414,https://shop.com/products/9986578579734/amp-tires-33-125020amp-ca2-amp-terrain-pro-a-t-tire-33x12-50r20lt?variantId=50065226203414,shop.app,,,,,,,256.99
Forge USA,,False,Terrain Pro A/T P,285/45R22,,AMP Terrain Pro A/T LT285/45R22,1,286.0,,286.0,,10122088120560,50086583828720,https://shop.com/products/10122088120560/amp-terrain-pro-a-t-lt285-45r22?variantId=50086583828720,shop.app,,,,,,,286.0
Battle Born Offroad,,False,Terrain Pro A/T P,325/65R18,E,18 Inch Terrain Pro A/T P 325/65R18 127/124R LR E 65 PSI Max AMP Tires,1,332.99,,332.99,,8858005962905,48701620387993,https://shop.com/products/8858005962905/18-inch-terrain-pro-a-t-p-325-65r18-127-124r-lr-e?variantId=48701620387993,shop.app,,,,,,,332.99
Dually Wheels,,False,Terrain Pro A/T P,315/70R17,,LT315/70R17/10 Amp Tires Terrain Pro A/T Tires Set of 6,6,1902.0,2092.2,317.0,,7916247679231,46049269711103,https://shop.com/products/7916247679231/lt315-70r17-10-amp-tires-terrain-pro-a-t-tires-set-of-6?variantId=46049269711103,shop.app,,,,,,,317.0
Battle Born Offroad,,False,Terrain Pro A/T P,35x12.50R20,E,20 Inch Terrain Pro A/T P 35X12.50R20LT 121S LR E 65PSI Max AMP Tires,1,284.99,,284.99,,8892838412441,48849397973145,https://shop.com/products/8892838412441/20-inch-terrain-pro-a-t-p-35x12-50r20lt-121s-lr-e-65psi?variantId=48849397973145,shop.app,,,,,,,284.99
Dually Wheels,,False,Terrain Pro A/T P,275/60R20,,LT275/60R20/10 Amp Tires Terrain Pro A/T Tires Set of 6,6,1626.0,1788.6,271.0,,7916246106367,46049266893055,https://shop.com/products/7916246106367/lt275-60r20-10-amp-tires-terrain-pro-a-t-tires-set-of-6?variantId=46049266893055,shop.app,,,,,,,271.0
CWO,,False,Terrain Pro A/T P,35x12.50R24,F,35x12.50R24LT Amp Tires Terrain Pro A/T 116R LRF Black Wall Tire,1,384.0,,384.0,,10122308518201,51952033399097,https://shop.com/products/10122308518201/35x12-50r24lt-amp-tires-terrain-pro-a-t-116r-lrf-black-wall-tire?variantId=51952033399097,shop.app,,,0.0,384.0,free shipping,,384.0
Dually Wheels,,False,Terrain Pro A/T P,275/65R20,,LT275/65R20/10 Amp Tires Terrain Pro A/T Tires Set of 6,6,1752.0,1927.2,292.0,,7916246171903,46049998176511,https://shop.com/products/7916246171903/lt275-65r20-10-amp-tires-terrain-pro-a-t-tires-set-of-6?variantId=46049998176511,shop.app,,,,,,,292.0
eliteracefab.com,,False,Terrain Pro A/T P,295/50R22,,AMP Terrain Pro A/T P Tires - LT295/50R22,1,330.0,,330.0,,9444122460328,55530717937832,https://shop.com/products/9444122460328/amp-terrain-pro-a-t-p-tires-lt295-50r22?variantId=55530717937832,shop.app,,,0.0,330.0,free shipping,,330.0
ClassicAutoStoreOnline.com,,False,Terrain Pro A/T P,285/70R17,,AMP 2006-2008 Dodge Ram 1500 Terrain Pro A/T LT285/70R17 121/118R All-Terrain Tire - Period-Correct Fitment,1,288.99,,288.99,,15366907429235,62811799847283,https://shop.com/products/15366907429235/amp-2006-2008-dodge-ram-1500-terrain-pro-a-t-lt285-70r17-121?variantId=62811799847283,shop.app,,,,,,,288.99
PERFORMANCE MODS,,False,Terrain Pro A/T P,33x12.50R24,,AMP Tires 33-125024AMP/CA2F AMP Terrain Pro A/T Tire - 33x12.50R24LT 106R,1,350.99,,350.99,,8149781905594,44920713183418,https://shop.com/products/8149781905594/amp-tires-33-125024amp-ca2f-amp-terrain-pro-a-t-tire-33x12-50r24lt?variantId=44920713183418,shop.app,,,,,,,350.99
Speedzone Performance LLC,,False,Terrain Pro A/T P,305/55R20,,AMP Terrain Pro A/T Tire - LT305/55R20 121/118S,1,274.99,,274.99,,7350049308757,42283602968661,https://shop.com/products/7350049308757/amp-terrain-pro-a-t-tire-lt305-55r20-121-118s?variantId=42283602968661,shop.app,,,,,,,274.99
Forge USA,,False,Terrain Pro A/T P,305/55R20,,AMP Terrain Pro A/T LT305/55R20,1,289.0,,289.0,,10122089398512,50086586220784,https://shop.com/products/10122089398512/amp-terrain-pro-a-t-lt305-55r20?variantId=50086586220784,shop.app,,,,,,,289.0
MOTORMIA,,False,Terrain Pro A/T P,305/35R24,,AMP Terrain Pro A/T Tire - P305/35R24 112S,1,301.99,,301.99,,10468974428472,51835817296184,https://shop.com/products/10468974428472/amp-terrain-pro-a-t-tire-p305-35r24-112s?variantId=51835817296184,shop.app,,,0.0,301.99,free shipping,,301.99
CWO,,False,Terrain Pro A/T P,33x12.50R20,E,33x12.50R20LT Amp Tires Terrain Pro A/T 114S LRE Black Wall Tire,1,304.99,,304.99,,10122306978105,51952031859001,https://shop.com/products/10122306978105/33x12-50r20lt-amp-tires-terrain-pro-a-t-114s-lre-black-wall-tire?variantId=51952031859001,shop.app,,,0.0,304.99,free shipping,,304.99
Tires Nation,,False,Terrain Pro A/T P,275/65R20,,Amp Terrain Pro A/T 275/65R20 126/123S Tire,1,292.0,427.4,292.0,,10463898042658,52384898154786,https://shop.com/products/10463898042658/amp-terrain-pro-a-t-275-65r20-126-123s-tire?variantId=52384898154786,shop.app,,,,,,,292.0
CWO,,False,Terrain Pro A/T P,305/35R24,XL,P305/35R24 Amp Tires Terrain Pro A/T 112S XL Black Wall Tire,1,308.0,,308.0,,10122310025529,51952035070265,https://shop.com/products/10122310025529/p305-35r24-amp-tires-terrain-pro-a-t-112s-xl-black-wall-tire?variantId=51952035070265,shop.app,,,0.0,308.0,free shipping,,308.0
Dually Wheels,,False,Terrain Pro A/T P,33x12.50R20,,33X12.50R20LT/10 Amp Tires Terrain Pro A/T Tires Set of 6,6,1620.0,1782.0,270.0,,7916248203519,46049988509951,https://shop.com/products/7916248203519/33x12-50r20lt-10-amp-tires-terrain-pro-a-t-tires-set-of-6?variantId=46049988509951,shop.app,,,,,,,270.0
Forge USA,,False,Terrain Pro A/T P,275/65R20,,AMP Terrain Pro A/T LT275/65R20,1,292.0,,292.0,,10122090184944,50086587597040,https://shop.com/products/10122090184944/amp-terrain-pro-a-t-lt275-65r20?variantId=50086587597040,shop.app,,,,,,,292.0
Performance Discounters,,False,Terrain Pro A/T P,285/60R20,,285/60R20 AMP Terrain Pro A/T 125/122S BSW E 285 60 20 2856020,1,333.0,,333.0,,10501921112229,47550949327013,https://shop.com/products/10501921112229/285-60r20-amp-terrain-pro-a-t-125-122s-bsw-e-285-60?variantId=47550949327013,shop.app,,,,,,,333.0
Dually Wheels,,False,Terrain Pro A/T P,285/55R22,,LT285/55R22/10 Amp Tires Terrain Pro A/T Tires Set of 6,6,2028.0,2230.8,338.0,,7916246565119,46049267482879,https://shop.com/products/7916246565119/lt285-55r22-10-amp-tires-terrain-pro-a-t-tires-set-of-6?variantId=46049267482879,shop.app,,,,,,,338.0
Trail Ops,,False,Terrain Pro A/T P,33x12.50R24,F,AMP Terrain Pro A/T 33x12.50R24LT Load F Tire,1,358.0,,358.0,,9204446757103,47418207142127,https://shop.com/products/9204446757103/amp-terrain-pro-a-t-33x12-50r24lt-load-f-tire?variantId=47418207142127,shop.app,,,,,,,358.0
Wheels Below Retail,,False,Terrain Pro A/T P,275/55R20,,"AMP Terrain Pro A/T P - LT275/55R20 (32"") All-Terrain Tire | 275-5520AMP/CA2",1,266.0,,266.0,,8073220030699,44017377214699,https://shop.com/products/8073220030699/amp-terrain-pro-a-t-p-lt275-55r20-32-all-terrain-tire-275?variantId=44017377214699,shop.app,,,,,,,266.0
Street Driven Performance,,False,Terrain Pro A/T P,295/50R22,,AMP Terrain Pro A/T Tire - LT295/50R22 122/119S,1,274.73,323.99,274.73,,10875104952479,62579912704159,https://shop.com/products/10875104952479/amp-terrain-pro-a-t-tire-lt295-50r22-122-119s?variantId=62579912704159,shop.app,,,25.0,299.73,$25.00/tire (store_shipping.csv),,299.73
Dually Wheels,,False,Terrain Pro A/T P,265/60R20,,LT265/60R20/10 Amp Tires Terrain Pro A/T Tires Set of 6,6,1662.0,1828.2,277.0,,7916245778687,46049266237695,https://shop.com/products/7916245778687/lt265-60r20-10-amp-tires-terrain-pro-a-t-tires-set-of-6?variantId=46049266237695,shop.app,,,,,,,277.0
CWO,,False,Terrain Pro A/T P,325/60R20,E,LT325/60R20 Amp Tires Terrain Pro A/T 126S LRE Black Wall Tire,1,369.0,,369.0,,10122306912569,51952031826233,https://shop.com/products/10122306912569/lt325-60r20-amp-tires-terrain-pro-a-t-126s-lre-black-wall-tire?variantId=51952031826233,shop.app,,,0.0,369.0,free shipping,,369.0
TryBeepbeep,,False,Terrain Pro A/T P,35x12.50R20,E,Terrain Pro AMP A/T 35X12.50R20 E/10PLY BSW,1,284.99,,284.99,,10125594886426,51707329773850,https://shop.com/products/10125594886426/terrain-pro-amp-a-t-35x12-50r20-e-10ply-bsw?variantId=51707329773850,shop.app,,,0.0,284.99,free shipping,,284.99
EZ Wheeler,,False,Terrain Pro A/T P,285/60R20,E,TERRAIN PRO A/T 285/60R20 125/122S LR E 80 PSI MAX,1,333.0,,333.0,,9219911713001,50619113341161,https://shop.com/products/9219911713001/terrain-pro-a-t-285-60r20-125-122s-lr-e-80-psi-max?variantId=50619113341161,shop.app,,,,,,,333.0
Tires Nation,,False,Terrain Pro A/T P,285/60R20,,Amp Terrain Pro A/T 285/60R20 125/122S Tire,1,333.0,465.12,333.0,,10463898272034,52384898285858,https://shop.com/products/10463898272034/amp-terrain-pro-a-t-285-60r20-125-122s-tire?variantId=52384898285858,shop.app,,,,,,,333.0
Battle Born Offroad,,False,Terrain Pro A/T P,275/65R20,E,20 Inch Terrain Pro A/T 275/65R20 126/123S LR E 80 PSI Max AMP Tires,1,291.99,,291.99,,8857986760857,48701109141657,https://shop.com/products/8857986760857/20-inch-terrain-pro-a-t-275-65r20-126-123s-lr-e-80?variantId=48701109141657,shop.app,,,,,,,291.99
Mach Yeti Racing,,False,Terrain Pro A/T P,305/35R24,,AMP Terrain Pro A/T Tire - P305/35R24 112S,1,301.99,,301.99,,9798987087956,45266111856724,https://shop.com/products/9798987087956/amp-terrain-pro-a-t-tire-p305-35r24-112s?variantId=45266111856724,shop.app,,,,,,,301.99
Dually Wheels,,False,Terrain Pro A/T P,305/55R20,,LT305/55R20/10 Amp Tires Terrain Pro A/T Tires Set of 6,6,1734.0,1907.4,289.0,,7916247351551,46050000929023,https://shop.com/products/7916247351551/lt305-55r20-10-amp-tires-terrain-pro-a-t-tires-set-of-6?variantId=46050000929023,shop.app,,,,,,,289.0
Tires Nation,,False,Terrain Pro A/T P,265/60R20,,Amp Terrain Pro A/T 265/60R20 121/118S Tire,1,277.0,402.69,277.0,,10463897878818,52384897925410,https://shop.com/products/10463897878818/amp-terrain-pro-a-t-265-60r20-121-118s-tire?variantId=52384897925410,shop.app,,,,,,,277.0
Tires Nation,,False,Terrain Pro A/T P,285/65R18,,Amp Terrain Pro A/T P 285/65R18 125/122R Tire,1,262.0,374.66,262.0,,10463898304802,52384898384162,https://shop.com/products/10463898304802/amp-terrain-pro-a-t-p-285-65r18-125-122r-tire?variantId=52384898384162,shop.app,,,,,,,262.0
Battle Born Offroad,,False,Terrain Pro A/T P,325/60R20,E,20 Inch Terrain Pro A/T P 325/60R20 126/123S LR E 65 PSI Max AMP Tires,1,368.99,,368.99,,8857975062681,48700792045721,https://shop.com/products/8857975062681/20-inch-terrain-pro-a-t-p-325-60r20-126-123s-lr-e?variantId=48700792045721,shop.app,,,,,,,368.99
Gladiator Auto,,False,Terrain Pro A/T P,33x12.50R24,F,TERRAIN PRO A/T P 33X12.50R24LT 106R LR F 80PSI MAX - 33-125024AMP/CA2F,1,358.0,,358.0,,9056631914750,47754431070462,https://shop.com/products/9056631914750/terrain-pro-a-t-p-33x12-50r24lt-106r-lr-f-80psi-max-33?variantId=47754431070462,shop.app,,,0.0,358.0,free shipping,,358.0
RAV Performance,,False,Terrain Pro A/T P,265/60R20,,AMP Terrain Pro A/T Tire - LT265/60R20 121/118S,1,277.0,,277.0,,9455575728373,47431092601077,https://shop.com/products/9455575728373/amp-terrain-pro-a-t-tire-lt265-60r20-121-118s?variantId=47431092601077,shop.app,,,,,,,277.0
Dually Wheels,,False,Terrain Pro A/T P,295/50R22,,LT295/50R22/10 Amp Tires Terrain Pro A/T Tires Set of 6,6,1980.0,2178.0,330.0,,7916247220479,46050000535807,https://shop.com/products/7916247220479/lt295-50r22-10-amp-tires-terrain-pro-a-t-tires-set-of-6?variantId=46050000535807,shop.app,,,,,,,330.0
PERFORMANCE MODS,,False,Terrain Pro A/T P,295/50R22,,AMP Tires 295-5022AMP/CA2 AMP Terrain Pro A/T Tire - LT295/50R22 122/119S,1,330.0,,330.0,,8149781086394,44920711708858,https://shop.com/products/8149781086394/amp-tires-295-5022amp-ca2-amp-terrain-pro-a-t-tire-lt295-50r22?variantId=44920711708858,shop.app,,,,,,,330.0
Forge USA,,False,Terrain Pro A/T P,265/60R20,,AMP Terrain Pro A/T LT265/60R20,1,277.0,,277.0,,10122090512624,50086589169904,https://shop.com/products/10122090512624/amp-terrain-pro-a-t-lt265-60r20?variantId=50086589169904,shop.app,,,,,,,277.0
Dually Wheels,,False,Terrain Pro A/T P,285/55R20,,LT285/55R20/10 Amp Tires Terrain Pro A/T Tires Set of 6,6,1536.0,1689.6,256.0,,7916246335743,46049998864639,https://shop.com/products/7916246335743/lt285-55r20-10-amp-tires-terrain-pro-a-t-tires-set-of-6?variantId=46049998864639,shop.app,,,,,,,256.0
Flex Offroad,,False,Terrain Pro A/T P,35x12.50R24,F,35X12.50R24LT AMP Terrain PRO A/T P (Load F) 80psi,1,377.0,,377.0,,9685934932241,49270696116497,https://shop.com/products/9685934932241/35x12-50r24lt-amp-terrain-pro-a-t-p-load-f-80psi?variantId=49270696116497,shop.app,,,,,,,377.0
Tires Nation,,False,Terrain Pro A/T P,325/60R20,,Amp Terrain Pro A/T P 325/60R20 126/123S Tire,1,369.0,642.15,369.0,,10463915180322,52384986071330,https://shop.com/products/10463915180322/amp-terrain-pro-a-t-p-325-60r20-126-123s-tire?variantId=52384986071330,shop.app,,,,,,,369.0
Forge USA,,False,Terrain Pro A/T P,275/60R20,,AMP Terrain Pro A/T LT275/60R20,1,271.0,,271.0,,10122090250480,50086587695344,https://shop.com/products/10122090250480/amp-terrain-pro-a-t-lt275-60r20?variantId=50086587695344,shop.app,,,,,,,271.0
Battle Born Offroad,,False,Terrain Pro A/T P,285/60R20,E,20 Inch Terrain Pro A/T 285/60R20 125/122S LR E 80 PSI Max AMP Tires,1,326.99,,326.99,,8858010747033,48701703749785,https://shop.com/products/8858010747033/20-inch-terrain-pro-a-t-285-60r20-125-122s-lr-e-80?variantId=48701703749785,shop.app,,,,,,,326.99
Forge USA,,False,Terrain Pro A/T P,285/55R22,,AMP Terrain Pro A/T LT285/55R22,1,338.0,,338.0,,10122088055024,50086583697648,https://shop.com/products/10122088055024/amp-terrain-pro-a-t-lt285-55r22?variantId=50086583697648,shop.app,,,,,,,338.0
Legends Auto Parts,,False,Terrain Pro A/T P,33x12.50R24,,AMP Pro AT 33x12.50R24LT,1,509.99,,509.99,,8748694634755,45925340905731,https://shop.com/products/8748694634755/amp-pro-at-33x12-50r24lt?variantId=45925340905731,shop.app,,,,,,,509.99
FI Performance,,False,Terrain Pro A/T P,325/65R18,,AMP Terrain Pro A/T Tire - LT325/65R18 127/124R,1,333.0,,333.0,,10653747118220,61739771953292,https://shop.com/products/10653747118220/amp-terrain-pro-a-t-tire-lt325-65r18-127-124r?variantId=61739771953292,shop.app,,,,,,,333.0
Battle Born Offroad,,False,Terrain Pro A/T P,275/60R20,E,20 Inch Terrain Pro A/T P 275/60R20 123/120S LR E 80 PSI Max AMP Tires,1,270.99,,270.99,,8858082115737,48703209111705,https://shop.com/products/8858082115737/20-inch-terrain-pro-a-t-p-275-60r20-123-120s-lr-e?variantId=48703209111705,shop.app,,,,,,,270.99
TryBeepbeep,,False,Terrain Pro A/T P,295/50R22,,Terrain Pro Amp A/T P All Terrain LT295/50R22 122/119S E Light Truck Tire,1,323.99,,323.99,,10125594067226,51707326365978,https://shop.com/products/10125594067226/terrain-pro-amp-a-t-p-all-terrain-lt295-50r22-122-119s-e?variantId=51707326365978,shop.app,,,0.0,323.99,free shipping,,323.99
Tacoma Wheels,,False,Terrain Pro A/T P,35x12.50R20,E,35x12.50R20LT Amp Tires Terrain Pro A/T Tire E Rated 10 Ply,1,284.99,313.49,284.99,,8301955940543,45151982583999,https://shop.com/products/8301955940543/35x12-50r20lt-amp-tires-terrain-pro-a-t-tire-e-rated-10-ply?variantId=45151982583999,shop.app,,,0.0,284.99,free shipping,,284.99
Flex Offroad,,False,Terrain Pro A/T P,33x12.50R24,F,33x12.50R24LT AMP Terrain PRO A/T P (Load F) 80psi,1,351.0,,351.0,,9684752302353,49267270648081,https://shop.com/products/9684752302353/33x12-50r24lt-amp-terrain-pro-a-t-p-load-f-80psi?variantId=49267270648081,shop.app,,,,,,,351.0
Performance Discounters,,False,Terrain Pro A/T P,285/55R20,,285/55R20 AMP Terrain Pro A/T 122/119S BSW E 285 55 20 2855520,1,256.0,,256.0,,10501917311141,47550944772261,https://shop.com/products/10501917311141/285-55r20-amp-terrain-pro-a-t-122-119s-bsw-e-285-55?variantId=47550944772261,shop.app,,,,,,,256.0
Tacoma Wheels,,False,Terrain Pro A/T P,275/55R20,D,LT275/55R20 Amp Tires Terrain Pro A/T Tire D Rated 8 Ply,1,240.99,265.09,240.99,,8301954203839,45151980814527,https://shop.com/products/8301954203839/lt275-55r20-amp-tires-terrain-pro-a-t-tire-d-rated-8-ply?variantId=45151980814527,shop.app,,,0.0,240.99,free shipping,,240.99
Tires Nation,,False,Terrain Pro A/T P,285/70R17,,Amp Terrain Pro A/T P 285/70R17 121/118R Tire,1,241.0,357.98,241.0,,10463898403106,52384898416930,https://shop.com/products/10463898403106/amp-terrain-pro-a-t-p-285-70r17-121-118r-tire?variantId=52384898416930,shop.app,,,,,,,241.0
EZ Wheeler,,False,Terrain Pro A/T P,295/65R20,E,TERRAIN PRO A/T P LT295/65R20 129/126R LR E 80PSI MAX,1,325.0,,325.0,,8787162300649,47887593865449,https://shop.com/products/8787162300649/terrain-pro-a-t-p-lt295-65r20-129-126r-lr-e-80psi-max?variantId=47887593865449,shop.app,,,,,,,325.0
Flex Offroad,,False,Terrain Pro A/T P,265/60R20,E,LT265/60R20 AMP Terrain PRO A/T P (Load E),1,277.0,,277.0,,9684791165201,49267357319441,https://shop.com/products/9684791165201/lt265-60r20-amp-terrain-pro-a-t-p-load-e?variantId=49267357319441,shop.app,,,,,,,277.0
Torque Ranch Motors,,False,Terrain Attack A/T A,35x12.50R22,,AMP Terrain Attack A/T A Tire - 35x12.50R22LT 117R,1,314.99,,314.99,,11072756776996,51022944731172,https://shop.com/products/11072756776996/amp-terrain-attack-a-t-a-tire-35x12-50r22lt-117r?variantId=51022944731172,shop.app,,,,,,,314.99
Battle Born Offroad,,False,Terrain Pro A/T P,285/70R17,E,17 Inch Terrain Pro A/T P 285/70R17 121/118R LR E 80 PSI Max AMP Tires,1,240.99,,240.99,,8858088341657,48703319998617,https://shop.com/products/8858088341657/17-inch-terrain-pro-a-t-p-285-70r17-121-118r-lr-e?variantId=48703319998617,shop.app,,,,,,,240.99
Battle Born Offroad,,False,Terrain Pro A/T P,305/55R20,E,20 Inch Terrain Pro A/T P 305/55R20 121/118S LR E 65 PSI Max AMP Tires,1,274.99,,274.99,,8858076446873,48703120113817,https://shop.com/products/8858076446873/20-inch-terrain-pro-a-t-p-305-55r20-121-118s-lr-e?variantId=48703120113817,shop.app,,,,,,,274.99
CWO,,False,Terrain Pro A/T P,285/45R22,D,LT285/45R22 Amp Tires Terrain Pro A/T 117R LRD Black Wall Tire,1,291.99,,291.99,,10122309894457,51952034545977,https://shop.com/products/10122309894457/lt285-45r22-amp-tires-terrain-pro-a-t-117r-lrd-black-wall-tire?variantId=51952034545977,shop.app,,,0.0,291.99,free shipping,,291.99
CWO,,False,Terrain Pro A/T P,275/65R20,E,LT275/65R20 Amp Tires Terrain Pro A/T 126S LRE Black Wall Tire,1,295.99,,295.99,,10122307338553,51952032153913,https://shop.com/products/10122307338553/lt275-65r20-amp-tires-terrain-pro-a-t-126s-lre-black-wall-tire?variantId=51952032153913,shop.app,,,0.0,295.99,free shipping,,295.99
MSV Racing,,False,M/T,38x13.50R24,,AMP Terrain Attack M/T Tire - 38x13.50R24LT 127Q,1,616.99,,616.99,,8663168975001,46196028014745,https://shop.com/products/8663168975001/amp-terrain-attack-m-t-tire-38x13-50r24lt-127q?variantId=46196028014745,shop.app,,,,,,,616.99
Flex Offroad,,False,Terrain Pro A/T P,305/35R24,,P305/35R24 AMP Terrain PRO A/T P,1,302.0,,302.0,,9684907622673,49267573457169,https://shop.com/products/9684907622673/p305-35r24-amp-terrain-pro-a-t-p?variantId=49267573457169,shop.app,,,,,,,302.0
Flex Offroad,,False,Terrain Pro A/T P,325/60R20,E,LT325/60R20 AMP Terrain PRO A/T P (Load E),1,369.0,,369.0,,9685418639633,49268951023889,https://shop.com/products/9685418639633/lt325-60r20-amp-terrain-pro-a-t-p-load-e?variantId=49268951023889,shop.app,,,,,,,369.0
TryBeepbeep,,False,Terrain Pro A/T P,275/60R20,E,Terrain Pro AMP A/T LT275/60R20 E/10PLY BSW,1,270.99,,270.99,,10125593477402,51707324137754,https://shop.com/products/10125593477402/terrain-pro-amp-a-t-lt275-60r20-e-10ply-bsw?variantId=51707324137754,shop.app,,,0.0,270.99,free shipping,,270.99
Flex Offroad,,False,Terrain Pro A/T P,275/70R18,E,LT275/70R18 AMP Terrain PRO A/T P (Load E),1,271.0,,271.0,,9685264859409,49268487815441,https://shop.com/products/9685264859409/lt275-70r18-amp-terrain-pro-a-t-p-load-e?variantId=49268487815441,shop.app,,,,,,,271.0
ClassicAutoStoreOnline.com,,False,Terrain Pro A/T P,285/65R18,,AMP 2007-2025 Jeep Wrangler Rubicon Terrain Pro A/T LT285/65R18 - Period-Correct All-Terrain Tire,1,292.99,,292.99,,15366907363699,62811799748979,https://shop.com/products/15366907363699/amp-2007-2025-jeep-wrangler-rubicon-terrain-pro-a-t-lt285-65r18-period?variantId=62811799748979,shop.app,,,,,,,292.99
Trail Ops,,False,Terrain Pro A/T P,33x12.50R20,E,AMP Terrain Pro A/T 33x12.50R20LT Load E Tire,1,270.0,,270.0,,9204446494959,47418206322927,https://shop.com/products/9204446494959/amp-terrain-pro-a-t-33x12-50r20lt-load-e-tire?variantId=47418206322927,shop.app,,,,,,,270.0
Battle Born Offroad,,False,Terrain Pro A/T P,315/70R17,E,17 Inch Terrain Pro A/T P 315/70R17 121/118R LR E 65 PSI Max AMP Tires,1,50.0,317.0,50.0,,8892836675737,48849396236441,https://shop.com/products/8892836675737/17-inch-terrain-pro-a-t-p-315-70r17-121-118r-lr-e?variantId=48849396236441,shop.app,,,,,,"suspiciously low, check listing",
Battle Born Offroad,,False,Terrain Pro A/T P,285/55R20,E,20 Inch Terrain Pro A/T P 285/55R20 122/119S LR E 80 PSI Max AMP Tires,1,255.99,,255.99,,8858013827225,48701724983449,https://shop.com/products/8858013827225/20-inch-terrain-pro-a-t-p-285-55r20-122-119s-lr-e?variantId=48701724983449,shop.app,,,,,,,255.99
Battle Born Offroad,,False,Terrain Pro A/T P,295/50R22,E,22 Inch Terrain Pro A/T P LT295/50R22 122/119S LR E 80PSI Max AMP Tires,1,323.99,,323.99,,8892836708505,48849396269209,https://shop.com/products/8892836708505/22-inch-terrain-pro-a-t-p-lt295-50r22-122-119s-lr-e?variantId=48849396269209,shop.app,,,,,,,323.99
Battle Born Offroad,,False,Terrain Pro A/T P,265/60R20,E,20 Inch Terrain Pro A/T 265/60R20 121/118S LR E 80 PSI Max AMP Tires,1,276.99,,276.99,,8857985810585,48701055860889,https://shop.com/products/8857985810585/20-inch-terrain-pro-a-t-265-60r20-121-118s-lr-e-80?variantId=48701055860889,shop.app,,,,,,,276.99
Battle Born Offroad,,False,Terrain Pro A/T P,285/65R18,E,18 Inch Terrain Pro A/T P 285/65R18 125/122R LR E 80 PSI Max AMP Tires,1,256.99,,256.99,,8858013204633,48701724360857,https://shop.com/products/8858013204633/18-inch-terrain-pro-a-t-p-285-65r18-125-122r-lr-e?variantId=48701724360857,shop.app,,,,,,,256.99
Quadratec,,False,Terrain Pro A/T P,325/60R20,,AMP PRO A/T 325/60R20 TIRE,1,368.99,,368.99,,9127737622786,46804146356482,https://shop.com/products/9127737622786/amp-pro-a-t-325-60r20-tire?variantId=46804146356482,shop.app,,,0.0,368.99,free shipping,,368.99
CA Auto Parts,,False,Terrain Pro A/T P,305/55R20,,Terrain Pro A/T Tire <br> LT305/55R20 121/118S,1,274.99,,274.99,,15026192449899,53284674371947,https://shop.com/products/15026192449899/terrain-pro-a-t-tire-br-lt305-55r20-121-118s?variantId=53284674371947,shop.app,,,,,,,274.99
Dually Wheels,,False,Terrain Attack A/T A,305/70R18,,LT305/70R18/10 Amp Tires Terrain Attack A/T A Tires Set of 6,6,1848.0,2032.8,308.0,,7916247646463,46050003058943,https://shop.com/products/7916247646463/lt305-70r18-10-amp-tires-terrain-attack-a-t-a-tires-set-of?variantId=46050003058943,shop.app,,,,,,,308.0
Tacoma Wheels,,False,Terrain Pro A/T P,285/55R20,E,LT285/55R20 Amp Tires Terrain Pro A/T Tire E Rated 10 Ply,1,255.99,281.59,255.99,,8301954465983,45151981076671,https://shop.com/products/8301954465983/lt285-55r20-amp-tires-terrain-pro-a-t-tire-e-rated-10-ply?variantId=45151981076671,shop.app,,,0.0,255.99,free shipping,,255.99
FR SPORT,,False,M/T,33x12.50R22,,AMP Tires AMP Terrain Attack M/T Tire - 33x12.50R22LT 109Q 33-125022AMP/CM2,1,336.99,,336.99,,8881864474776,47391136743576,https://shop.com/products/8881864474776/amp-tires-amp-terrain-attack-m-t-tire-33x12-50r22lt-109q-33-125022amp?variantId=47391136743576,shop.app,,,,,,,336.99
Tacoma Wheels,,False,Terrain Pro A/T P,265/60R20,E,LT265/60R20 Amp Tires Terrain Pro A/T Tire E Rated 10 Ply,1,276.99,304.69,276.99,,8301954072767,45151980585151,https://shop.com/products/8301954072767/lt265-60r20-amp-tires-terrain-pro-a-t-tire-e-rated-10-ply?variantId=45151980585151,shop.app,,,0.0,276.99,free shipping,,276.99
Tacoma Wheels,,False,M/T,35x13.50R24,E,35x13.50R24LT Amp Tires Terrain Attack M/T Tire E Rated 10 Ply,1,437.99,481.79,437.99,,8301956268223,45151982944447,https://shop.com/products/8301956268223/35x13-50r24lt-amp-tires-terrain-attack-m-t-tire-e-rated-10-ply?variantId=45151982944447,shop.app,,,0.0,437.99,free shipping,,437.99
ClassicAutoStoreOnline.com,,False,Terrain Pro A/T P,275/55R20,,AMP 1999-2005 Chevrolet Silverado 1500 Terrain Pro A/T LT275/55R20 115/112S All-Terrain Tire - Period-Correct Fitment,1,288.99,,288.99,,15366907068787,62811799224691,https://shop.com/products/15366907068787/amp-1999-2005-chevrolet-silverado-1500-terrain-pro-a-t-lt275-55r20-115?variantId=62811799224691,shop.app,,,,,,,288.99
RAV Performance,,False,R/T,35x12.50R17,,AMP Terrain Attack R/T Tire - 35X12.50R17LT 125Q,1,344.99,,344.99,,9455577334005,47431097549045,https://shop.com/products/9455577334005/amp-terrain-attack-r-t-tire-35x12-50r17lt-125q?variantId=47431097549045,shop.app,,,,,,,344.99
Speedzone Performance LLC,,False,R/T,35x12.50R22,,AMP Terrain Attack R/T Tire - 35X12.50R22LT 117Q,1,367.99,,367.99,,7350050488405,42283605786709,https://shop.com/products/7350050488405/amp-terrain-attack-r-t-tire-35x12-50r22lt-117q?variantId=42283605786709,shop.app,,,,,,,367.99
chitosekagu.com,,False,Terrain Pro A/T P,265/60R20,E,"AMP Terrain Pro A/T LT265/60R20 E/10PLY BSW Fits: 2021-23 Chevrolet Silverado 1500 LT Trail Boss, 2015-19 Chevrolet Silverado 2500 HD High Country",1,74.74,,74.74,,9372656075002,50074905280762,https://shop.com/products/9372656075002/amp-terrain-pro-a-t-lt265-60r20-e-10ply-bsw-fits-2021-23?variantId=50074905280762,shop.app,,,,,,"suspiciously low, check listing",
Quadratec,,False,Terrain Pro A/T P,285/70R17,,AMP PRO A/T 285/70R17 TIRE,1,240.99,,240.99,,9127737360642,46804146061570,https://shop.com/products/9127737360642/amp-pro-a-t-285-70r17-tire?variantId=46804146061570,shop.app,,,0.0,240.99,free shipping,,240.99
Speedzone Performance LLC,,False,M/T,35x15.50R24,,AMP Terrain Attack M/T Tire - 35X15.50R24LT 117Q,1,496.0,,496.0,,7350050848853,42283606147157,https://shop.com/products/7350050848853/amp-terrain-attack-m-t-tire-35x15-50r24lt-117q?variantId=42283606147157,shop.app,,,,,,,496.0
SHOPWHEELXPRESS,,False,Terrain Pro A/T P,325/60R20,,AMP Pro AT All Terrain 325/60R20 Tire,1,417.34,,417.34,,8513413611657,45420347850889,https://shop.com/products/8513413611657/amp-pro-at-all-terrain-325-60r20-tire?variantId=45420347850889,shop.app,,,,,,,417.34
Mach Yeti Racing,,False,Terrain Attack A/T A,315/70R17,,AMP Terrain Attack A/T A Tire - LT315/70R17 121/118R,1,286.99,,286.99,,9798990004308,45266115100756,https://shop.com/products/9798990004308/amp-terrain-attack-a-t-a-tire-lt315-70r17-121-118r?variantId=45266115100756,shop.app,,,,,,,286.99
Mach Yeti Racing,,False,Terrain Attack A/T A,305/60R18,,AMP Terrain Attack A/T A Tire - LT305/60R18 121/118R,1,291.99,,291.99,,9798989381716,45266114347092,https://shop.com/products/9798989381716/amp-terrain-attack-a-t-a-tire-lt305-60r18-121-118r?variantId=45266114347092,shop.app,,,,,,,291.99
Late Model Truck,,False,M/T,37x13.50R20,,AMP Terrain Attack M/T Tire - 37x13.50R20LT 127Q,1,453.0,,453.0,,7841428963535,44974626046159,https://shop.com/products/7841428963535/amp-terrain-attack-m-t-tire-37x13-50r20lt-127q?variantId=44974626046159,shop.app,,,,,,,453.0
Speedzone Performance LLC,,False,Terrain Attack A/T A,285/70R17,,AMP Terrain Attack A/T A Tire - LT285/70R17 121/118R,1,221.0,,221.0,,7350049046613,42283602214997,https://shop.com/products/7350049046613/amp-terrain-attack-a-t-a-tire-lt285-70r17-121-118r?variantId=42283602214997,shop.app,,,,,,,221.0
Gladiator Auto,,False,Terrain Attack A/T A,35x12.50R20,E,TERRAIN ATTACK A/T A 35X12.50R20 121R LR E 65PSI MAX - 35-125020AMP/CA3,1,309.0,,309.0,,9056632176894,47754430808318,https://shop.com/products/9056632176894/terrain-attack-a-t-a-35x12-50r20-121r-lr-e-65psi-max-35?variantId=47754430808318,shop.app,,,0.0,309.0,free shipping,,309.0
Late Model Truck,,False,R/T,35x12.50R20,,AMP Terrain Attack R/T Tire - 35X12.50R20LT 125Q,1,353.99,,353.99,,7841428537551,44974625194191,https://shop.com/products/7841428537551/amp-terrain-attack-r-t-tire-35x12-50r20lt-125q?variantId=44974625194191,shop.app,,,,,,,353.99
ATOMIC-SHOP Performance Parts & Motorsport Equipment - USA,,False,R/T,35x12.50R22,,AMP Terrain Attack R/T Tire - 35X12.50R22LT 121Q,1,395.99,,395.99,,10491626324270,51939884171566,https://shop.com/products/10491626324270/amp-terrain-attack-r-t-tire-35x12-50r22lt-121q?variantId=51939884171566,shop.app,,,,,,,395.99
FI Performance,,False,Terrain Attack A/T A,315/70R17,,AMP Terrain Attack A/T A Tire - LT315/70R17 121/118R,1,287.0,,287.0,,10653747019916,61739771756684,https://shop.com/products/10653747019916/amp-terrain-attack-a-t-a-tire-lt315-70r17-121-118r?variantId=61739771756684,shop.app,,,,,,,287.0
Garage Collections,,False,M/T,35x12.50R20,,LT35X12.50R20 AMP TERRAIN ATTACK M/T,1,245.0,,245.0,,8966434422920,46165625700488,https://shop.com/products/8966434422920/lt35x12-50r20-amp-terrain-attack-m-t?variantId=46165625700488,shop.app,,,0.0,245.0,free shipping,,245.0
Gladiator Auto,,False,Terrain Pro A/T P,285/60R20,E,TERRAIN PRO A/T 285/60R20 125/122S LR E 80 PSI MAX - 285-6020AMP/CA2,1,333.0,,333.0,,9056631030014,47754432119038,https://shop.com/products/9056631030014/terrain-pro-a-t-285-60r20-125-122s-lr-e-80-psi-max?variantId=47754432119038,shop.app,,,0.0,333.0,free shipping,,333.0
Down East Offroad,,False,M/T,35x13.50R26,,AMP Terrain Attack M/T Tire - 35x13.50R26LT 117Q,1,540.0,,540.0,,14998232793460,54153003598196,https://shop.com/products/14998232793460/amp-terrain-attack-m-t-tire-35x13-50r26lt-117q?variantId=54153003598196,shop.app,,,,,,,540.0
Speedzone Performance LLC,,False,Terrain Attack A/T A,305/70R18,,AMP Terrain Attack A/T A Tire - LT305/70R18 126/123R,1,308.0,,308.0,,7350049505365,42283603492949,https://shop.com/products/7350049505365/amp-terrain-attack-a-t-a-tire-lt305-70r18-126-123r?variantId=42283603492949,shop.app,,,,,,,308.0
Late Model Truck,,False,M/T,37x13.50R24,,AMP Terrain Attack M/T Tire - 37x13.50R24LT 120Q,1,487.99,,487.99,,7841429029071,44974626177231,https://shop.com/products/7841429029071/amp-terrain-attack-m-t-tire-37x13-50r24lt-120q?variantId=44974626177231,shop.app,,,,,,,487.99
Late Model Truck,,False,M/T,33x13.50R24,,AMP Terrain Attack M/T Tire - 33x13.50R24LT 121Q,1,391.99,,391.99,,7841428177103,44974624407759,https://shop.com/products/7841428177103/amp-terrain-attack-m-t-tire-33x13-50r24lt-121q?variantId=44974624407759,shop.app,,,,,,,391.99
Mach Yeti Racing,,False,R/T,35x13.50R24,,AMP Terrain Attack R/T Tire - 35X13.50R24LT 112Q,1,440.99,,440.99,,9799000260692,45266126897236,https://shop.com/products/9799000260692/amp-terrain-attack-r-t-tire-35x13-50r24lt-112q?variantId=45266126897236,shop.app,,,,,,,440.99
Forge USA,,False,Terrain Attack A/T A,35x12.50R22,,AMP Terrain Attack A/T A LT35X12.50R22,1,331.0,,331.0,,10122095526128,50086599229680,https://shop.com/products/10122095526128/amp-terrain-attack-a-t-a-lt35x12-50r22?variantId=50086599229680,shop.app,,,,,,,331.0
FR SPORT,,False,Terrain Attack A/T A,285/70R17,,AMP Tires AMP Terrain Attack A/T A Tire - LT285/70R17 121/118R 285-7017AMP/CA3,1,220.99,,220.99,,8881863590040,47391135760536,https://shop.com/products/8881863590040/amp-tires-amp-terrain-attack-a-t-a-tire-lt285-70r17-121-118r?variantId=47391135760536,shop.app,,,,,,,220.99
Flex Offroad,,False,Terrain Attack A/T A,305/70R18,E,LT305/70R18 AMP Terrain Attack A/T A (Load E),1,308.0,,308.0,,9685950562577,49270749495569,https://shop.com/products/9685950562577/lt305-70r18-amp-terrain-attack-a-t-a-load-e?variantId=49270749495569,shop.app,,,,,,,308.0
Speedzone Performance LLC,,False,Terrain Attack A/T A,35x12.50R20,,AMP Terrain Attack A/T A Tire - 35x12.50R20LT 121R,1,302.99,,302.99,,7350050291797,42283605557333,https://shop.com/products/7350050291797/amp-terrain-attack-a-t-a-tire-35x12-50r20lt-121r?variantId=42283605557333,shop.app,,,,,,,302.99
Late Model Truck,,False,M/T,35x15.50R22,,AMP Terrain Attack M/T Tire - 35x15.50R22LT 125Q,1,487.0,,487.0,,7841428832463,44974625784015,https://shop.com/products/7841428832463/amp-terrain-attack-m-t-tire-35x15-50r22lt-125q?variantId=44974625784015,shop.app,,,,,,,487.0
Down East Offroad,,False,M/T,33x12.50R22,,AMP Terrain Attack M/T Tire - 33x12.50R22LT 109Q,1,354.0,,354.0,,14998234202484,54153007300980,https://shop.com/products/14998234202484/amp-terrain-attack-m-t-tire-33x12-50r22lt-109q?variantId=54153007300980,shop.app,,,,,,,354.0
Speedzone Performance LLC,,False,Terrain Attack A/T A,37x12.50R20,,AMP Terrain Attack A/T A Tire - 37x12.50R20LT 126R,1,361.99,,361.99,,7350050881621,42283606179925,https://shop.com/products/7350050881621/amp-terrain-attack-a-t-a-tire-37x12-50r20lt-126r?variantId=42283606179925,shop.app,,,,,,,361.99
Signature Performance,,False,M/T,285/65R18,,LT285/65R18 AMP Terrain Attack M/T Tire,1,329.0,,329.0,,8105876095116,43932432892044,https://shop.com/products/8105876095116/lt285-65r18-amp-terrain-attack-m-t-tire?variantId=43932432892044,shop.app,,,,,,,329.0
Mach Yeti Racing,,False,M/T,37x13.50R22,,AMP Terrain Attack M/T Tire - 37x13.50R22LT 123Q,1,468.99,,468.99,,9799003308116,45266130337876,https://shop.com/products/9799003308116/amp-terrain-attack-m-t-tire-37x13-50r22lt-123q?variantId=45266130337876,shop.app,,,,,,,468.99
ATOMIC-SHOP Performance Parts & Motorsport Equipment - USA,,False,R/T,33x12.50R22,,AMP Terrain Attack R/T Tire - 33X12.50R22LT 114Q,1,357.99,,357.99,,10491625701678,51939882729774,https://shop.com/products/10491625701678/amp-terrain-attack-r-t-tire-33x12-50r22lt-114q?variantId=51939882729774,shop.app,,,,,,,357.99
Speedzone Performance LLC,,False,M/T,35x13.50R24,,AMP Terrain Attack M/T Tire - 35x13.50R24LT 112Q,1,437.99,,437.99,,7350050586709,42283605885013,https://shop.com/products/7350050586709/amp-terrain-attack-m-t-tire-35x13-50r24lt-112q?variantId=42283605885013,shop.app,,,,,,,437.99
Down East Offroad,,False,Terrain Attack A/T A,33x12.50R22,,AMP Terrain Attack A/T A Tire - 33x12.50R22LT 109R?,1,318.0,,318.0,,14998235119988,54153010807156,https://shop.com/products/14998235119988/amp-terrain-attack-a-t-a-tire-33x12-50r22lt-109r?variantId=54153010807156,shop.app,,,,,,,318.0
Mach Yeti Racing,,False,M/T,325/50R22,,AMP Terrain Attack M/T Tire - LT325/50R22 122Q,1,436.99,,436.99,,9798990331988,45266115559508,https://shop.com/products/9798990331988/amp-terrain-attack-m-t-tire-lt325-50r22-122q?variantId=45266115559508,shop.app,,,,,,,436.99
MOTORMIA,,False,M/T,35x12.50R18,,AMP Terrain Attack M/T Tire - 35x12.50R18LT 123Q,1,374.0,,374.0,,10469005951288,51835848720696,https://shop.com/products/10469005951288/amp-terrain-attack-m-t-tire-35x12-50r18lt-123q?variantId=51835848720696,shop.app,,,0.0,374.0,free shipping,,374.0
Dually Wheels,,False,Terrain Attack A/T A,315/70R17,,LT315/70R17/10 Amp Tires Terrain Attack A/T A Tires Set of 6,6,1722.0,1894.2,287.0,,7916247810303,43681056719103,https://shop.com/products/7916247810303/lt315-70r17-10-amp-tires-terrain-attack-a-t-a-tires-set-of?variantId=43681056719103,shop.app,,,,,,,287.0
Down East Offroad,,False,M/T,35x11.50R20,,AMP Terrain Attack M/T Tire - 35X11.50R20LT 124Q,1,351.0,,351.0,,14998234595700,54153007759732,https://shop.com/products/14998234595700/amp-terrain-attack-m-t-tire-35x11-50r20lt-124q?variantId=54153007759732,shop.app,,,,,,,351.0
Sabaku Parts,,False,M/T,35x12.50R20,,AMP Terrain Attack M/T Tire - 35x12.50R20LT 121Q,1,328.99,,328.99,,9587467223260,52336237281500,https://shop.com/products/9587467223260/amp-terrain-attack-m-t-tire-35x12-50r20lt-121q?variantId=52336237281500,shop.app,,,,,,,328.99
TA Wheels and Tire,,False,Terrain Pro A/T P,305/35R24,,AMP Pro AT P305/35R24,1,1110.0,,1110.0,,7970084945968,43024669409328,https://shop.com/products/7970084945968/amp-pro-at-p305-35r24?variantId=43024669409328,shop.app,,,,,,"price looks like a set, not per tire",
Battle Born Offroad,,False,M/T,35x12.50R18,E,18 Inch Terrain Attack M/T A 35X12.50R18 123Q LR E 65PSI Max AMP Tires,1,373.99,,373.99,,8858014417049,48701743005849,https://shop.com/products/8858014417049/18-inch-terrain-attack-m-t-a-35x12-50r18-123q-lr-e-65psi?variantId=48701743005849,shop.app,,,,,,,373.99
Wheel Tire Direct,,True,R/T,35x13.50R24,F,AMP Terrain Attack RT 35x13.50R24LT (Load F),1,373.45,466.0,373.45,,9965884178746,51613466526010,https://shop.com/products/9965884178746/amp-terrain-attack-rt-35x13-50r24lt-load-f?variantId=51613466526010,shop.app,,,,,,,
Speedzone Performance LLC,,False,Terrain Attack A/T A,285/55R20,,AMP Terrain Attack A/T A Tire - LT285/55R20 122/119S,1,260.99,,260.99,,7350048751701,42283601494101,https://shop.com/products/7350048751701/amp-terrain-attack-a-t-a-tire-lt285-55r20-122-119s?variantId=42283601494101,shop.app,,,,,,,260.99
Battle Born Offroad,,False,Terrain Pro A/T P,305/35R24,XL,24 Inch Terrain Pro A/T P 305/35R24 112S XL 50PSI Max AMP Tires,1,301.99,,301.99,,8858081951897,48703204524185,https://shop.com/products/8858081951897/24-inch-terrain-pro-a-t-p-305-35r24-112s-xl-50psi-max?variantId=48703204524185,shop.app,,,,,,,301.99
Tires Nation,,False,Terrain Attack A/T A,275/55R20,,Amp Terrain Attack A/T A 275/55R20 115/112S Tire,1,267.0,373.03,267.0,,10465056489762,52389841731874,https://shop.com/products/10465056489762/amp-terrain-attack-a-t-a-275-55r20-115-112s-tire?variantId=52389841731874,shop.app,,,,,,,267.0
Battle Born Offroad,,False,Terrain Attack A/T A,35x12.50R20,E,20 Inch Terrain Attack A/T A 35X12.50R20 121R LR E 65PSI Max AMP Tires,1,302.99,,302.99,,8858016678041,48701815062681,https://shop.com/products/8858016678041/20-inch-terrain-attack-a-t-a-35x12-50r20-121r-lr-e-65psi?variantId=48701815062681,shop.app,,,,,,,302.99
MOTORMIA,,False,M/T,37x12.50R22,,AMP Terrain Attack M/T Tire - 37x12.50R22LT 127Q,1,450.0,,450.0,,10469001003320,51835843871032,https://shop.com/products/10469001003320/amp-terrain-attack-m-t-tire-37x12-50r22lt-127q?variantId=51835843871032,shop.app,,,0.0,450.0,free shipping,,450.0
Battle Born Offroad,,False,M/T,285/65R18,E,18 Inch Terrain Attack M/T A 285/65R18 125/122Q LR E 80PSI Max AMP Tires,1,328.99,,328.99,,8858072481945,48703049040025,https://shop.com/products/8858072481945/18-inch-terrain-attack-m-t-a-285-65r18-125-122q-lr-e?variantId=48703049040025,shop.app,,,,,,,328.99
Tuning4 Auto Parts,,False,R/T,35x12.50R22,,AMP Terrain Attack R/T Tire - 35X12.50R22LT 121Q,1,395.99,,395.99,,9969441767737,51122807472441,https://shop.com/products/9969441767737/amp-terrain-attack-r-t-tire-35x12-50r22lt-121q?variantId=51122807472441,shop.app,,,,,,,395.99
Speedzone Performance LLC,,False,M/T,35x12.50R17,,AMP Terrain Attack M/T Tire - 35x12.50R17LT 121Q,1,370.0,,370.0,,7350050127957,42283605295189,https://shop.com/products/7350050127957/amp-terrain-attack-m-t-tire-35x12-50r17lt-121q?variantId=42283605295189,shop.app,,,,,,,370.0
Battle Born Offroad,,False,M/T,33x12.50R20,E,20 Inch Terrain Attack M/T A 33X12.50R20 114Q LR E 65PSI Max AMP Tires,1,309.99,,309.99,,8858071695513,48703025381529,https://shop.com/products/8858071695513/20-inch-terrain-attack-m-t-a-33x12-50r20-114q-lr-e-65psi?variantId=48703025381529,shop.app,,,,,,,309.99
Down East Offroad,,False,M/T,35x12.50R20,,AMP Terrain Attack M/T Tire - 35x12.50R20LT 121Q,1,346.0,,346.0,,14998234464628,54153007628660,https://shop.com/products/14998234464628/amp-terrain-attack-m-t-tire-35x12-50r20lt-121q?variantId=54153007628660,shop.app,,,,,,,346.0
Wheel Tire Direct,,True,R/T,35x12.50R20,F,AMP Terrain Attack RT 35x12.50R20LT (Load F),1,286.63,372.0,286.63,,9967863300410,51621791367482,https://shop.com/products/9967863300410/amp-terrain-attack-rt-35x12-50r20lt-load-f?variantId=51621791367482,shop.app,,,,,,,
GE Tires Online Inc,,False,Terrain Pro A/T P,305/55R20,,AMP Terrain Pro AT 305/55R20,1,261.06,,261.06,,10352343580952,52432037216536,https://shop.com/products/10352343580952/amp-terrain-pro-at-305-55r20?variantId=52432037216536,shop.app,,,0.0,261.06,free shipping,,261.06
Dually Wheels,,False,Terrain Attack A/T A,285/55R20,,LT285/55R20/10 Amp Tires Terrain Attack A/T A Tires Set of 6,6,1596.0,1755.6,266.0,,7916246401279,46049999257855,https://shop.com/products/7916246401279/lt285-55r20-10-amp-tires-terrain-attack-a-t-a-tires-set-of?variantId=46049999257855,shop.app,,,,,,,266.0
TruckStoreOnline.com,,False,M/T,33x12.50R20,,AMP Terrain Attack M/T Tire - 33x12.50R20LT 114Q,1,334.99,,334.99,,15144893677932,53792916963692,https://shop.com/products/15144893677932/amp-terrain-attack-m-t-tire-33x12-50r20lt-114q?variantId=53792916963692,shop.app,,,107.0,441.99,$107.00/tire (store_shipping.csv),,441.99
Down East Offroad,,False,M/T,285/55R20,,AMP Terrain Attack M/T Tire - LT285/55R20 122/119Q,1,311.0,,311.0,,14998234694004,54153008349556,https://shop.com/products/14998234694004/amp-terrain-attack-m-t-tire-lt285-55r20-122-119q?variantId=54153008349556,shop.app,,,,,,,311.0
Dually Wheels,,False,M/T,35x11.50R20,,35X11.50R20LT/10 Amp Tires Terrain Attack M/T Tires Set of 6,6,2106.0,2316.6,351.0,,7916248432895,46049272037631,https://shop.com/products/7916248432895/35x11-50r20lt-10-amp-tires-terrain-attack-m-t-tires-set-of-6?variantId=46049272037631,shop.app,,,,,,,351.0
Torque Ranch Motors,,False,M/T,285/65R18,,AMP Terrain Attack M/T Tire - LT285/65R18 125/122Q,1,329.0,,329.0,,11072755793956,51022942765092,https://shop.com/products/11072755793956/amp-terrain-attack-m-t-tire-lt285-65r18-125-122q?variantId=51022942765092,shop.app,,,,,,,329.0
Torque Ranch Motors,,False,Terrain Attack A/T A,265/70R17,,AMP Terrain Attack A/T A Tire - LT265/70R17 121/118S,1,205.99,,205.99,,11072755236900,51022941782052,https://shop.com/products/11072755236900/amp-terrain-attack-a-t-a-tire-lt265-70r17-121-118s?variantId=51022941782052,shop.app,,,,,,,205.99
Battle Born Offroad,,False,M/T,305/55R20,E,20 Inch Terrain Attack M/T A 305/55R20 121/118Q LR E 65PSI Max AMP Tires,1,336.99,,336.99,,8857982304409,48700965093529,https://shop.com/products/8857982304409/20-inch-terrain-attack-m-t-a-305-55r20-121-118q-lr-e?variantId=48700965093529,shop.app,,,,,,,336.99
Battle Born Offroad,,False,M/T,33x13.50R26,F,26 Inch Terrain Attack M/T 33X13.50R26 116Q LR F 80PSI Max AMP Tires,1,460.99,,460.99,,8892837429401,48849396990105,https://shop.com/products/8892837429401/26-inch-terrain-attack-m-t-33x13-50r26-116q-lr-f-80psi-max?variantId=48849396990105,shop.app,,,,,,,460.99
Pure Auto Performance,,False,Terrain Attack A/T A,265/50R20,,AMP Terrain Attack A/T A Tire - LT265/50R20 115/112S,1,256.0,,256.0,,10188620792115,53395162562867,https://shop.com/products/10188620792115/amp-terrain-attack-a-t-a-tire-lt265-50r20-115-112s?variantId=53395162562867,shop.app,,,,,,,256.0
Torque Ranch Motors,,False,R/T,265/70R17,,AMP Terrain Attack R/T Tire - P265/70R17 113T,1,193.99,,193.99,,11072755269668,51022941847588,https://shop.com/products/11072755269668/amp-terrain-attack-r-t-tire-p265-70r17-113t?variantId=51022941847588,shop.app,,,,,,,193.99
Battle Born Offroad,,False,R/T,35x12.50R20,F,20 Inch 35X12.50R20LT Terrain Attack R/T 125Q LR F AMP Tires,1,353.99,,353.99,,8892836806809,48849396367513,https://shop.com/products/8892836806809/20-inch-35x12-50r20lt-terrain-attack-r-t-125q-lr-f-amp-tires?variantId=48849396367513,shop.app,,,,,,,353.99
eliteracefab.com,,False,M/T,38x15.50R26,,AMP Mud Terrain Attack M/T A Tires - 38x15.50R26LT,1,750.0,,750.0,,9444126032040,55530733437096,https://shop.com/products/9444126032040/amp-mud-terrain-attack-m-t-a-tires-38x15-50r26lt?variantId=55530733437096,shop.app,,,0.0,750.0,free shipping,,750.0
Battle Born Offroad,,False,M/T,37x13.50R22,E,22 Inch Terrain Attack M/T A 37X13.50R22 123Q LR E 65PSI Max AMP Tires,1,468.99,,468.99,,8892838281369,48849397842073,https://shop.com/products/8892838281369/22-inch-terrain-attack-m-t-a-37x13-50r22-123q-lr-e-65psi?variantId=48849397842073,shop.app,,,,,,,468.99
Battle Born Offroad,,False,R/T,35x12.50R22,F,22 Inch 35X12.50R22LT Terrain Attack R/T 121Q LR F AMP Tires,1,395.99,,395.99,,8892838641817,48849398202521,https://shop.com/products/8892838641817/22-inch-35x12-50r22lt-terrain-attack-r-t-121q-lr-f-amp-tires?variantId=48849398202521,shop.app,,,,,,,395.99
Speedzone Performance LLC,,False,M/T,285/55R20,,AMP Terrain Attack M/T Tire - LT285/55R20 122/119Q,1,304.99,,304.99,,7350048817237,42283601559637,https://shop.com/products/7350048817237/amp-terrain-attack-m-t-tire-lt285-55r20-122-119q?variantId=42283601559637,shop.app,,,,,,,304.99
Battle Born Offroad,,False,M/T,285/55R20,E,20 Inch Terrain Attack M/T A 285/55R20 122/119Q LR E 80PSI Max AMP Tires,1,304.99,,304.99,,8858019201177,48701926572185,https://shop.com/products/8858019201177/20-inch-terrain-attack-m-t-a-285-55r20-122-119q-lr-e?variantId=48701926572185,shop.app,,,,,,,304.99
TFS Wheels,,False,Terrain Pro A/T P,35x12.50R20,,AMP Pro AT 35x12.50R20,1,299.0,,299.0,,8731417870487,45042232098967,https://shop.com/products/8731417870487/amp-pro-at-35x12-50r20?variantId=45042232098967,shop.app,,,0.0,299.0,free shipping,,299.0
Street Car Performance,,False,Terrain Pro A/T P,285/70R17,,AMP Pro AT 285/70R17,1,240.99,,240.99,,8207009153068,45355805212716,https://shop.com/products/8207009153068/amp-pro-at-285-70r17?variantId=45355805212716,shop.app,,,,,,,240.99
SHOPWHEELXPRESS,,False,Terrain Pro A/T P,35x12.50R24,,AMP Pro AT All Terrain 35x12.50R24LT Tire,1,407.07,,407.07,,8509107863689,45407400591497,https://shop.com/products/8509107863689/amp-pro-at-all-terrain-35x12-50r24lt-tire?variantId=45407400591497,shop.app,,,,,,,407.07
TA Wheels and Tire,,False,Terrain Pro A/T P,35x12.50R24,F,AMP Pro AT 35X12.50R24LT (Load F),1,1500.0,,1500.0,,7974170165296,43047841693744,https://shop.com/products/7974170165296/amp-pro-at-35x12-50r24lt-load-f?variantId=43047841693744,shop.app,,,,,,"price looks like a set, not per tire",
TA Wheels and Tire,,False,Terrain Pro A/T P,33x12.50R20,E,AMP Pro AT 33X12.50R20 (Load E),1,1027.0,,1027.0,,7974162563120,43047819083824,https://shop.com/products/7974162563120/amp-pro-at-33x12-50r20-load-e?variantId=43047819083824,shop.app,,,,,,"price looks like a set, not per tire",
Wheel Tire Direct,,True,Terrain Pro A/T P,35x12.50R24,F,AMP Pro AT 35x12.50R24LT (Load F),1,343.68,384.0,343.68,,9965981303098,51613945102650,https://shop.com/products/9965981303098/amp-pro-at-35x12-50r24lt-load-f?variantId=51613945102650,shop.app,,,,,,,
Gladiator Auto,,False,Terrain Pro A/T P,35x12.50R24,F,TERRAIN PRO A/T P 35X12.50R24LT 116R LR F 80 PSI MAX - 35-125024AMP/CA2F,1,384.0,,384.0,,9056632307966,47754430677246,https://shop.com/products/9056632307966/terrain-pro-a-t-p-35x12-50r24lt-116r-lr-f-80-psi-max?variantId=47754430677246,shop.app,,,0.0,384.0,free shipping,,384.0
FR SPORT,,False,Terrain Pro A/T P,35x12.50R24,,AMP Tires AMP Terrain Pro A/T Tire - 35X12.50R24LT 116R 35-125024AMP/CA2F,1,376.99,,376.99,,8881866080408,47391138414744,https://shop.com/products/8881866080408/amp-tires-amp-terrain-pro-a-t-tire-35x12-50r24lt-116r-35-125024amp?variantId=47391138414744,shop.app,,,,,,,376.99
eliteracefab.com,,False,Terrain Pro A/T P,285/65R18,,AMP Terrain Pro A/T P Tires - LT285/65R18,1,262.0,,262.0,,9444122165416,55530716561576,https://shop.com/products/9444122165416/amp-terrain-pro-a-t-p-tires-lt285-65r18?variantId=55530716561576,shop.app,,,0.0,262.0,free shipping,,262.0
Wheel Tire Direct,,True,Terrain Pro A/T P,35x12.50R20,E,AMP Pro AT 35x12.50R20 (Load E),1,247.73,299.0,247.73,,9966021902650,51614140563770,https://shop.com/products/9966021902650/amp-pro-at-35x12-50r20-load-e?variantId=51614140563770,shop.app,,,,,,,
SHOPWHEELXPRESS,,False,Terrain Pro A/T P,33x12.50R24,,AMP Pro AT All Terrain 33x12.50R24LT Tire,1,365.86,,365.86,,8513472561289,45420535283849,https://shop.com/products/8513472561289/amp-pro-at-all-terrain-33x12-50r24lt-tire?variantId=45420535283849,shop.app,,,,,,,365.86
Wheel Tire Direct,,True,Terrain Pro A/T P,33x12.50R20,E,AMP Pro AT 33x12.50R20 (Load E),1,242.0,270.0,242.0,,9965861208378,51613371269434,https://shop.com/products/9965861208378/amp-pro-at-33x12-50r20-load-e?variantId=51613371269434,shop.app,,,,,,,
Wheel Tire Direct,,True,Terrain Pro A/T P,275/60R20,E,AMP Pro AT 275/60R20 (Load E),1,242.9,271.0,242.9,,9966245642554,51615427559738,https://shop.com/products/9966245642554/amp-pro-at-275-60r20-load-e?variantId=51615427559738,shop.app,,,,,,,
Wheel Tire Direct,,True,Terrain Pro A/T P,33x12.50R24,F,AMP Pro AT 33x12.50R24LT (Load F),1,321.2,358.0,321.2,,9966943469882,51618806235450,https://shop.com/products/9966943469882/amp-pro-at-33x12-50r24lt-load-f?variantId=51618806235450,shop.app,,,,,,,
Wheel Tire Direct,,True,Terrain Pro A/T P,275/65R20,E,AMP Pro AT 275/65R20 (Load E),1,261.8,292.0,261.8,,9966114439482,51614978834746,https://shop.com/products/9966114439482/amp-pro-at-275-65r20-load-e?variantId=51614978834746,shop.app,,,,,,,
Wheel Tire Direct,,True,Terrain Pro A/T P,265/60R20,E,AMP Pro AT 265/60R20 (Load E),1,275.99,277.0,275.99,,9965865697594,51613393748282,https://shop.com/products/9965865697594/amp-pro-at-265-60r20-load-e?variantId=51613393748282,shop.app,,,,,,,
Wheel Tire Direct,,True,Terrain Pro A/T P,285/70R17,E,AMP Pro AT 285/70R17 (Load E),1,239.09,241.0,239.09,,9966909292858,51618718548282,https://shop.com/products/9966909292858/amp-pro-at-285-70r17-load-e?variantId=51618718548282,shop.app,,,,,,,
Wheels Below Retail,,False,Terrain Pro A/T P,285/65R18,,AMP PRO AT 285/65R18 (32.6X11.5R 18) Tires,1,287.0,,287.0,,5426285609122,35033287655586,https://shop.com/products/5426285609122/amp-pro-at-285-65r18-32-6x11-5r-18-tires?variantId=35033287655586,shop.app,,,,,,,287.0
Wheel Tire Direct,,True,Terrain Pro A/T P,285/65R18,E,AMP Pro AT 285/65R18 (Load E),1,234.8,262.0,234.8,,9966904639802,51618709602618,https://shop.com/products/9966904639802/amp-pro-at-285-65r18-load-e?variantId=51618709602618,shop.app,,,,,,,
Quadratec,,False,Terrain Pro A/T P,315/70R17,,AMP PRO A/T 315/70R17 TIRE,1,316.99,,316.99,,9127737721090,46804146290946,https://shop.com/products/9127737721090/amp-pro-a-t-315-70r17-tire?variantId=46804146290946,shop.app,,,0.0,316.99,free shipping,,316.99
Performance Discounters,,False,Terrain Pro A/T P,285/45R22,,285/45R22 AMP Terrain Pro A/T 117R BSW D 285 45 22 2854522,1,286.0,,286.0,,10793334603941,50548098597029,https://shop.com/products/10793334603941/285-45r22-amp-terrain-pro-a-t-117r-bsw-d-285-45-22?variantId=50548098597029,shop.app,,,,,,,286.0
MSV Racing,,False,Terrain Pro A/T P,285/70R17,,AMP Terrain Pro A/T Tire - LT285/70R17 121/118R,1,241.0,,241.0,,8663167991961,46196026998937,https://shop.com/products/8663167991961/amp-terrain-pro-a-t-tire-lt285-70r17-121-118r?variantId=46196026998937,shop.app,,,,,,,241.0
Wheels Below Retail,,False,Terrain Pro A/T P,325/65R18,,AMP PRO AT 325/65R18 (34.6X13R 18) Tires,1,358.0,,358.0,,5426285346978,35033287098530,https://shop.com/products/5426285346978/amp-pro-at-325-65r18-34-6x13r-18-tires?variantId=35033287098530,shop.app,,,,,,,358.0
Legends Auto Parts,,False,Terrain Pro A/T P,33x12.50R20,,AMP Pro AT 33x12.50R20,1,389.99,,389.99,,8748700827907,45925380194563,https://shop.com/products/8748700827907/amp-pro-at-33x12-50r20?variantId=45925380194563,shop.app,,,,,,,389.99
TFS Wheels,,False,Terrain Pro A/T P,275/70R18,,AMP Pro AT LT275/70R18,1,271.0,,271.0,,8731501953175,45042333384855,https://shop.com/products/8731501953175/amp-pro-at-lt275-70r18?variantId=45042333384855,shop.app,,,0.0,271.0,free shipping,,271.0
Speedzone Performance LLC,,False,Terrain Pro A/T P,325/65R18,,AMP Terrain Pro A/T Tire - LT325/65R18 127/124R,1,333.0,,333.0,,7350049636437,42283603984469,https://shop.com/products/7350049636437/amp-terrain-pro-a-t-tire-lt325-65r18-127-124r?variantId=42283603984469,shop.app,,,,,,,333.0
TFS Wheels,,False,Terrain Pro A/T P,285/45R22,,AMP Pro AT LT285/45R22,1,286.0,,286.0,,8731417542807,45042231836823,https://shop.com/products/8731417542807/amp-pro-at-lt285-45r22?variantId=45042231836823,shop.app,,,0.0,286.0,free shipping,,286.0
Mach Yeti Racing,,False,Terrain Pro A/T P,33x12.50R24,,AMP Terrain Pro A/T Tire - 33x12.50R24LT 106R,1,350.99,,350.99,,9798993772628,45266119983188,https://shop.com/products/9798993772628/amp-terrain-pro-a-t-tire-33x12-50r24lt-106r?variantId=45266119983188,shop.app,,,,,,,350.99
Wheels Below Retail,,False,Terrain Pro A/T P,33x12.50R20,,AMP PRO AT 33X12.50R20 Tires,1,295.0,,295.0,,8073220325611,44017377640683,https://shop.com/products/8073220325611/amp-pro-at-33x12-50r20-tires?variantId=44017377640683,shop.app,,,,,,,295.0
Street Driven Performance,,False,Terrain Pro A/T P,33x12.50R20,,AMP Terrain Pro A/T Tire - 33X12.50R20LT 114S,1,206.56,256.99,206.56,,10875105443999,62579913883807,https://shop.com/products/10875105443999/amp-terrain-pro-a-t-tire-33x12-50r20lt-114s?variantId=62579913883807,shop.app,,,25.0,231.56,$25.00/tire (store_shipping.csv),,231.56
Late Model Truck,,False,Terrain Pro A/T P,295/65R20,,AMP Terrain Pro A/T Tire - LT295/65R20 129/126R,1,318.99,,318.99,,7841427488975,44974622998735,https://shop.com/products/7841427488975/amp-terrain-pro-a-t-tire-lt295-65r20-129-126r?variantId=44974622998735,shop.app,,,,,,,318.99
Wheels Below Retail,,False,Terrain Pro A/T P,305/35R24,,AMP PRO AT P305/35R24 (32.5X12R 24) Tires,1,333.0,,333.0,,8073220260075,44017377542379,https://shop.com/products/8073220260075/amp-pro-at-p305-35r24-32-5x12r-24-tires?variantId=44017377542379,shop.app,,,,,,,333.0
Speedzone Performance LLC,,False,Terrain Pro A/T P,275/70R18,,AMP Terrain Pro A/T Tire - LT275/70R18 122/125R,1,271.0,,271.0,,7350048653397,42283601002581,https://shop.com/products/7350048653397/amp-terrain-pro-a-t-tire-lt275-70r18-122-125r?variantId=42283601002581,shop.app,,,,,,,271.0
Down East Offroad,,False,Terrain Pro A/T P,275/65R20,,AMP Terrain Pro A/T Tire - LT275/65R20 126/123S,1,291.99,,291.99,,14998231286132,54152999928180,https://shop.com/products/14998231286132/amp-terrain-pro-a-t-tire-lt275-65r20-126-123s?variantId=54152999928180,shop.app,,,,,,,291.99
Tires Nation,,False,Terrain Pro A/T P,305/35R24,,Amp Terrain Pro A/T 305/35R24 112S Tire,1,308.0,438.83,308.0,,15321613009186,67411172524322,https://shop.com/products/15321613009186/amp-terrain-pro-a-t-305-35r24-112s-tire?variantId=67411172524322,shop.app,,,,,,,308.0
Wheel Tire Direct,,True,Terrain Pro A/T P,305/35R24,,AMP Pro AT P305/35R24,1,276.2,308.0,276.2,,9966861680954,51618571092282,https://shop.com/products/9966861680954/amp-pro-at-p305-35r24?variantId=51618571092282,shop.app,,,,,,,
MOTORMIA,,False,Terrain Pro A/T P,285/45R22,,AMP Terrain Pro A/T Tire - LT285/45R22 117R,1,286.0,,286.0,,10468943266104,51835786101048,https://shop.com/products/10468943266104/amp-terrain-pro-a-t-tire-lt285-45r22-117r?variantId=51835786101048,shop.app,,,0.0,286.0,free shipping,,286.0
Wheels Below Retail,,False,Terrain Pro A/T P,275/60R20,,AMP PRO AT 275/60R20 (33X11R 20) Tires,1,296.0,,296.0,,5426284953762,35033284477090,https://shop.com/products/5426284953762/amp-pro-at-275-60r20-33x11r-20-tires?variantId=35033284477090,shop.app,,,,,,,296.0
SHOPWHEELXPRESS,,False,Terrain Pro A/T P,275/65R20,,AMP Pro AT All Terrain 275/65R20 Tire,1,344.14,,344.14,,8508653174921,45406682546313,https://shop.com/products/8508653174921/amp-pro-at-all-terrain-275-65r20-tire?variantId=45406682546313,shop.app,,,,,,,344.14
SHOPWHEELXPRESS,,False,Terrain Pro A/T P,275/60R20,,AMP Pro AT All Terrain 275/60R20 Tire,1,324.22,,324.22,,8393226125449,45076870299785,https://shop.com/products/8393226125449/amp-pro-at-all-terrain-275-60r20-tire?variantId=45076870299785,shop.app,,,,,,,324.22
Wheel Tire Direct,,True,Terrain Pro A/T P,325/60R20,E,AMP Pro AT 325/60R20 (Load E),1,348.33,369.0,348.33,,9966288339258,51615541952826,https://shop.com/products/9966288339258/amp-pro-at-325-60r20-load-e?variantId=51615541952826,shop.app,,,,,,,
Wheels Below Retail,,False,Terrain Pro A/T P,295/65R20,,AMP PRO AT LT295X65R20 (35.1X11.6R 20) 295-6520AMP/CA2,1,350.0,,350.0,,9689402474731,48813400097003,https://shop.com/products/9689402474731/amp-pro-at-lt295x65r20-35-1x11-6r-20-295-6520amp-ca2?variantId=48813400097003,shop.app,,,,,,,350.0
Wheels Below Retail,,False,Terrain Pro A/T P,275/65R20,,AMP PRO AT 275/65R20 (34.1X10.8R 20) Tires,1,317.0,,317.0,,5426284724386,35033283854498,https://shop.com/products/5426284724386/amp-pro-at-275-65r20-34-1x10-8r-20-tires?variantId=35033283854498,shop.app,,,,,,,317.0
TFS Wheels,,False,Terrain Pro A/T P,285/55R22,,AMP Pro AT LT285/55R22,1,324.72,,324.72,,8731502051479,45042333417623,https://shop.com/products/8731502051479/amp-pro-at-lt285-55r22?variantId=45042333417623,shop.app,,,0.0,324.72,free shipping,,324.72
MOTORMIA,,False,Terrain Pro A/T P,325/60R20,,AMP Terrain Pro A/T Tire - LT325/60R20 126/123S,1,369.0,,369.0,,10468902273336,51835745108280,https://shop.com/products/10468902273336/amp-terrain-pro-a-t-tire-lt325-60r20-126-123s?variantId=51835745108280,shop.app,,,0.0,369.0,free shipping,,369.0
Wheels Below Retail,,False,Terrain Pro A/T P,285/55R20,,AMP PRO AT 285/55R20 (32.4X11.7R 20) Tires,1,281.0,,281.0,,5426284495010,35033283330210,https://shop.com/products/5426284495010/amp-pro-at-285-55r20-32-4x11-7r-20-tires?variantId=35033283330210,shop.app,,,,,,,281.0
Tires Nation,,False,Terrain Pro A/T P,265/70R17,,Amp Terrain Pro A/T 265/70R17 121/118S Tire,1,221.0,330.23,221.0,,10465056358690,52389841600802,https://shop.com/products/10465056358690/amp-terrain-pro-a-t-265-70r17-121-118s-tire?variantId=52389841600802,shop.app,,,,,,,221.0
JDR-Partsbarn and Sales,,False,Terrain Pro A/T P,275/55R20,,AMP Terrain Pro A/T Tire - LT275/55R20 115/112S,1,241.0,,241.0,,10172978594083,54891591794979,https://shop.com/products/10172978594083/amp-terrain-pro-a-t-tire-lt275-55r20-115-112s?variantId=54891591794979,shop.app,,,,,,,241.0
Mach Yeti Racing,,False,Terrain Pro A/T P,305/55R20,,AMP Terrain Pro A/T Tire - LT305/55R20 121/118S,1,274.99,,274.99,,9798987874388,45266112741460,https://shop.com/products/9798987874388/amp-terrain-pro-a-t-tire-lt305-55r20-121-118s?variantId=45266112741460,shop.app,,,,,,,274.99
Dually Wheels,,False,Terrain Pro A/T P,265/70R17,,LT265/70R17/10 Amp Tires Terrain Pro A/T Tires Set of 6,6,1326.0,1458.6,221.0,,7916245909759,43681051476223,https://shop.com/products/7916245909759/lt265-70r17-10-amp-tires-terrain-pro-a-t-tires-set-of-6?variantId=43681051476223,shop.app,,,,,,,221.0
MotionAutoPerformance,,False,Terrain Pro A/T P,35x12.50R24,,AMP Terrain Pro A/T Tire - 35X12.50R24LT 116R,1,440.99,,440.99,,9613036093717,50201495044373,https://shop.com/products/9613036093717/amp-terrain-pro-a-t-tire-35x12-50r24lt-116r?variantId=50201495044373,shop.app,,,,,,,440.99
Next Level Performance,,False,Terrain Pro A/T P,285/60R20,,AMP Terrain Pro A/T Tire - LT285/60R20 125/122S,1,326.99,,326.99,,9562134577303,47624106147991,https://shop.com/products/9562134577303/amp-terrain-pro-a-t-tire-lt285-60r20-125-122s?variantId=47624106147991,shop.app,,,20.0,346.99,$20.00/tire (store_shipping.csv),,346.99
Signature Performance,,False,Terrain Pro A/T P,325/60R20,,LT325/60R20 AMP Terrain Pro A/T Tire,1,369.0,,369.0,,8111613771916,43953158422668,https://shop.com/products/8111613771916/lt325-60r20-amp-terrain-pro-a-t-tire?variantId=43953158422668,shop.app,,,,,,,369.0
FR SPORT,,False,Terrain Pro A/T P,33x12.50R20,,AMP Tires AMP Terrain Pro A/T Tire - 33X12.50R20LT 114S 33-125020AMP/CA2,1,256.99,,256.99,,8881865719960,47391138021528,https://shop.com/products/8881865719960/amp-tires-amp-terrain-pro-a-t-tire-33x12-50r20lt-114s-33-125020amp?variantId=47391138021528,shop.app,,,,,,,256.99
Down East Offroad,,False,Terrain Pro A/T P,295/50R22,,AMP Terrain Pro A/T Tire - LT295/50R22 122/119S,1,330.0,,330.0,,14998230794612,54152998945140,https://shop.com/products/14998230794612/amp-terrain-pro-a-t-tire-lt295-50r22-122-119s?variantId=54152998945140,shop.app,,,,,,,330.0
kanemanomi.com,,False,Terrain Pro A/T P,265/60R20,E,"AMP Terrain Pro A/T LT265/60R20 E/10PLY BSW Fits: 2021-23 Chevrolet Silverado 1500 LT Trail Boss, 2015-19 Chevrolet Silverado 2500 HD High Country",1,74.74,,74.74,,8936338915499,47645445816491,https://shop.com/products/8936338915499/amp-terrain-pro-a-t-lt265-60r20-e-10ply-bsw-fits-2021-23?variantId=47645445816491,shop.app,,,,,,"suspiciously low, check listing",
Battle Born Offroad,,False,Terrain Pro A/T P,285/45R22,D,22 Inch Terrain Pro A/T P LT285/45R22 117R LR D 65PSI Max AMP Tires,1,285.99,,285.99,,8858034667673,48702383718553,https://shop.com/products/8858034667673/22-inch-terrain-pro-a-t-p-lt285-45r22-117r-lr-d-65psi?variantId=48702383718553,shop.app,,,,,,,285.99
Legends Auto Parts,,False,Terrain Pro A/T P,35x12.50R20,,AMP Pro AT 35x12.50R20,1,429.99,,429.99,,8748700664067,45925379866883,https://shop.com/products/8748700664067/amp-pro-at-35x12-50r20?variantId=45925379866883,shop.app,,,,,,,429.99
Next Level Performance,,False,M/T,35x13.50R24,,AMP Terrain Attack M/T Tire - 35x13.50R24LT 112Q,1,437.99,,437.99,,9618283430039,47847831011479,https://shop.com/products/9618283430039/amp-terrain-attack-m-t-tire-35x13-50r24lt-112q?variantId=47847831011479,shop.app,,,20.0,457.99,$20.00/tire (store_shipping.csv),,457.99
Dually Wheels,,False,Terrain Attack A/T A,305/55R20,,LT305/55R20/10 Amp Tires Terrain Attack A/T A Tires Set of 6,6,1794.0,1973.4,299.0,,7916247449855,46050001486079,https://shop.com/products/7916247449855/lt305-55r20-10-amp-tires-terrain-attack-a-t-a-tires-set-of?variantId=46050001486079,shop.app,,,,,,,299.0
TFS Wheels,,False,Terrain Attack A/T A,37x12.50R20,,AMP Terrain Attack AT A 37x12.50R20,1,369.0,,369.0,,8731325366423,45042123210903,https://shop.com/products/8731325366423/amp-terrain-attack-at-a-37x12-50r20?variantId=45042123210903,shop.app,,,0.0,369.0,free shipping,,369.0
Gladiator Auto,,False,M/T,33x13.50R24,F,TERRAIN ATTACK M/T A 33X13.50R24LT 121Q LR F 80PSI MAX - 33-135024AMP/CM2F,1,400.0,,400.0,,9056631816446,47754431168766,https://shop.com/products/9056631816446/terrain-attack-m-t-a-33x13-50r24lt-121q-lr-f-80psi-max-33?variantId=47754431168766,shop.app,,,0.0,400.0,free shipping,,400.0
Complete Street Performance,,False,Terrain Attack A/T A,35x12.50R22,,Amp Tires 35-125022AMP/CA3 - AMP Terrain Attack A/T A Tire - 35x12.50R22LT 117R,1,314.99,346.49,314.99,,9986578383126,50065225941270,https://shop.com/products/9986578383126/amp-tires-35-125022amp-ca3-amp-terrain-attack-a-t-a-tire-35x12?variantId=50065225941270,shop.app,,,,,,,314.99
Quadratec,,False,R/T,35x12.50R17,E,AMP - TERRAIN ATTACK R/T - 35X12.50R17LT 125Q LR E,1,344.99,,344.99,,9127739130114,46804148453634,https://shop.com/products/9127739130114/amp-terrain-attack-r-t-35x12-50r17lt-125q-lr-e?variantId=46804148453634,shop.app,,,0.0,344.99,free shipping,,344.99
SHOPWHEELXPRESS,,False,R/T,35x12.50R20,,AMP Terrain Attack RT Hybrid AT/MT 35x12.50R20LT Tire,1,372.0,,372.0,,8508672901257,45406741266569,https://shop.com/products/8508672901257/amp-terrain-attack-rt-hybrid-at-mt-35x12-50r20lt-tire?variantId=45406741266569,shop.app,,,,,,,372.0
Forge USA,,False,Terrain Attack A/T A,285/55R20,,AMP Terrain Attack A/T A LT285/55R20,1,266.0,,266.0,,10122095853808,50086599655664,https://shop.com/products/10122095853808/amp-terrain-attack-a-t-a-lt285-55r20?variantId=50086599655664,shop.app,,,,,,,266.0
MOTORMIA,,False,Terrain Attack A/T A,285/70R17,,AMP Terrain Attack A/T A Tire - LT285/70R17 121/118R,1,221.0,,221.0,,10468914561336,51835757396280,https://shop.com/products/10468914561336/amp-terrain-attack-a-t-a-tire-lt285-70r17-121-118r?variantId=51835757396280,shop.app,,,0.0,221.0,free shipping,,221.0
Complete Street Performance,,False,Terrain Attack A/T A,35x12.50R20,,Amp Tires 35-125020AMP/CA3 - AMP Terrain Attack A/T A Tire - 35x12.50R20LT 121R,1,302.99,333.29,302.99,,9986578153750,50065225482518,https://shop.com/products/9986578153750/amp-tires-35-125020amp-ca3-amp-terrain-attack-a-t-a-tire-35x12?variantId=50065225482518,shop.app,,,,,,,302.99
Street Driven Performance,,False,Terrain Attack A/T A,315/70R17,,AMP Terrain Attack A/T A Tire - LT315/70R17 121/118R,1,253.56,286.99,253.56,,10875105280159,62579913556127,https://shop.com/products/10875105280159/amp-terrain-attack-a-t-a-tire-lt315-70r17-121-118r?variantId=62579913556127,shop.app,,,25.0,278.56,$25.00/tire (store_shipping.csv),,278.56
Battle Born Offroad,,False,Terrain Attack A/T A,305/40R22,XL,22 Inch Terrain Attack A/T A 305/40R22 114S XL 50PSI Max AMP Tires,1,268.99,,268.99,,8892836479129,48849396039833,https://shop.com/products/8892836479129/22-inch-terrain-attack-a-t-a-305-40r22-114s-xl-50psi-max?variantId=48849396039833,shop.app,,,,,,,268.99
EZ Wheeler,,False,M/T,38x15.50R24,E,TERRAIN ATTACK M/T A 38X15.50R24 127Q LR E 65PSI MAX,1,702.0,,702.0,,9219912007913,50619113930985,https://shop.com/products/9219912007913/terrain-attack-m-t-a-38x15-50r24-127q-lr-e-65psi-max?variantId=50619113930985,shop.app,,,,,,,702.0
Signature Performance,,False,Terrain Attack A/T A,37x12.50R20,,37x12.50R20LT AMP Terrain Attack A/T A Tire,1,369.0,,369.0,,8105875767436,43932432564364,https://shop.com/products/8105875767436/37x12-50r20lt-amp-terrain-attack-a-t-a-tire?variantId=43932432564364,shop.app,,,,,,,369.0
MOTORMIA,,False,Terrain Attack A/T A,285/55R20,,AMP Terrain Attack A/T A Tire - LT285/55R20 122/119S,1,260.99,,260.99,,10469009391928,51835852226872,https://shop.com/products/10469009391928/amp-terrain-attack-a-t-a-tire-lt285-55r20-122-119s?variantId=51835852226872,shop.app,,,0.0,260.99,free shipping,,260.99
eliteracefab.com,,False,Terrain Attack A/T A,285/70R17,,AMP Terrain Attack A/T A Tires - LT285/70R17,1,221.0,,221.0,,9444122329256,55530717282472,https://shop.com/products/9444122329256/amp-terrain-attack-a-t-a-tires-lt285-70r17?variantId=55530717282472,shop.app,,,0.0,221.0,free shipping,,221.0
eliteracefab.com,,False,M/T,38x15.50R24,,AMP Mud Terrain Attack M/T A Tires - 38x15.50R24LT,1,702.0,,702.0,,9444125933736,55530733404328,https://shop.com/products/9444125933736/amp-mud-terrain-attack-m-t-a-tires-38x15-50r24lt?variantId=55530733404328,shop.app,,,0.0,702.0,free shipping,,702.0
eliteracefab.com,,False,M/T,35x15.50R24,,AMP Mud Terrain Attack M/T A Tires - 35x15.50R24LT,1,496.0,,496.0,,9444125212840,55530729832616,https://shop.com/products/9444125212840/amp-mud-terrain-attack-m-t-a-tires-35x15-50r24lt?variantId=55530729832616,shop.app,,,0.0,496.0,free shipping,,496.0
MOTORMIA,,False,M/T,33x12.50R22,,AMP Terrain Attack M/T Tire - 33x12.50R22LT 109Q,1,336.99,,336.99,,10468951556408,51835794358584,https://shop.com/products/10468951556408/amp-terrain-attack-m-t-tire-33x12-50r22lt-109q?variantId=51835794358584,shop.app,,,0.0,336.99,free shipping,,336.99
MOTORMIA,,False,Terrain Attack A/T A,265/70R17,,AMP Terrain Attack A/T A Tire - LT265/70R17 121/118S,1,205.99,,205.99,,10469028069688,51835870937400,https://shop.com/products/10469028069688/amp-terrain-attack-a-t-a-tire-lt265-70r17-121-118s?variantId=51835870937400,shop.app,,,0.0,205.99,free shipping,,205.99
Forge USA,,False,Terrain Attack A/T A,35x12.50R20,,AMP Terrain Attack A/T A LT35X12.50R20,1,309.0,,309.0,,10122095788272,50086599590128,https://shop.com/products/10122095788272/amp-terrain-attack-a-t-a-lt35x12-50r20?variantId=50086599590128,shop.app,,,,,,,309.0
TryBeepbeep,,False,M/T,35x11.50R20,,Terrain Attack Amp M/T A LT35X11.50R20 124Q,1,343.99,,343.99,,10125594788122,51707329347866,https://shop.com/products/10125594788122/terrain-attack-amp-m-t-a-lt35x11-50r20-124q?variantId=51707329347866,shop.app,,,0.0,343.99,free shipping,,343.99
eliteracefab.com,,False,Terrain Attack A/T A,305/70R18,,AMP Terrain Attack A/T A Tires - LT305/70R18,1,308.0,,308.0,,9444123017384,55530720395432,https://shop.com/products/9444123017384/amp-terrain-attack-a-t-a-tires-lt305-70r18?variantId=55530720395432,shop.app,,,0.0,308.0,free shipping,,308.0
Complete Street Performance,,False,Terrain Attack A/T A,37x12.50R20,,Amp Tires 37-125020AMP/CA3 - AMP Terrain Attack A/T A Tire - 37x12.50R20LT 126R,1,361.99,398.19,361.99,,9986578514198,50065226170646,https://shop.com/products/9986578514198/amp-tires-37-125020amp-ca3-amp-terrain-attack-a-t-a-tire-37x12?variantId=50065226170646,shop.app,,,,,,,361.99
Speedzone Performance LLC,,False,Terrain Attack A/T A,265/50R20,,AMP Terrain Attack A/T A Tire - LT265/50R20 115/112S,1,256.0,,256.0,,7350048325717,42283600052309,https://shop.com/products/7350048325717/amp-terrain-attack-a-t-a-tire-lt265-50r20-115-112s?variantId=42283600052309,shop.app,,,,,,,256.0
Renegade Speed by Renegade Racing & Performance,,False,Terrain Attack A/T A,285/55R20,,"AMP Tires Terrain Attack A/T A Tire - LT285/55R20 122/119S, All-Terrain Performance for Road and Trail",1,260.99,,260.99,,11068223160593,53601863532817,https://shop.com/products/11068223160593/amp-tires-terrain-attack-a-t-a-tire-lt285-55r20-122-119s-all?variantId=53601863532817,shop.app,,,,,,,260.99
Dually Wheels,,False,Terrain Attack A/T A,35x12.50R20,,35x12.50R20LT/10 Amp Tires Terrain Attack A/T A Tires Set of 6,6,1854.0,2039.4,309.0,,7916248760575,46050004173055,https://shop.com/products/7916248760575/35x12-50r20lt-10-amp-tires-terrain-attack-a-t-a-tires-set-of?variantId=46050004173055,shop.app,,,,,,,309.0
MOTORMIA,,False,Terrain Attack A/T A,275/55R20,,AMP Terrain Attack A/T A Tire - LT275/55R20 115/112S,1,261.99,,261.99,,10468993237304,51835836039480,https://shop.com/products/10468993237304/amp-terrain-attack-a-t-a-tire-lt275-55r20-115-112s?variantId=51835836039480,shop.app,,,0.0,261.99,free shipping,,261.99
eliteracefab.com,,False,R/T,35x12.50R17,,AMP Terrain Attack R/T Tires - 35x12.50R17LT,1,352.0,,352.0,,9444124098728,55530724884648,https://shop.com/products/9444124098728/amp-terrain-attack-r-t-tires-35x12-50r17lt?variantId=55530724884648,shop.app,,,0.0,352.0,free shipping,,352.0
FI Performance,,False,M/T,35x15.50R24,,AMP Terrain Attack M/T Tire - 35X15.50R24LT 117Q,1,496.0,,496.0,,10653748527244,61739774378124,https://shop.com/products/10653748527244/amp-terrain-attack-m-t-tire-35x15-50r24lt-117q?variantId=61739774378124,shop.app,,,,,,,496.0
Black Patch Performance,,False,Terrain Attack A/T A,35x12.50R22,E,35x12.50R22LT TERRAIN ATTACK A/T A Load Range E,1,331.0,,331.0,,7070306304087,40739063267415,https://shop.com/products/7070306304087/35x12-50r22lt-terrain-attack-a-t-a-load-range-e?variantId=40739063267415,shop.app,,,,,,,331.0
EZ Wheeler,,False,Terrain Attack A/T A,33x12.50R22,E,TERRAIN ATTACK A/T A 33X12.50R22 109R LR E 65PSI MAX,1,318.0,,318.0,,9219912663273,50619116093673,https://shop.com/products/9219912663273/terrain-attack-a-t-a-33x12-50r22-109r-lr-e-65psi-max?variantId=50619116093673,shop.app,,,,,,,318.0
FR SPORT,,False,R/T,35x12.50R22,,AMP Tires AMP Terrain Attack R/T Tire - 35X12.50R22LT 117Q 35-125022AMP/RTE,1,367.99,,367.99,,8881863131288,47391135367320,https://shop.com/products/8881863131288/amp-tires-amp-terrain-attack-r-t-tire-35x12-50r22lt-117q-35-125022amp?variantId=47391135367320,shop.app,,,,,,,367.99
GE Tires Online Inc,,False,M/T,35x12.50R20,,AMP Mud Terrain Attack A-T A 35X12.5R20,1,309.94,,309.94,,10325002649880,52356359455000,https://shop.com/products/10325002649880/amp-mud-terrain-attack-a-t-a-35x12-5r20?variantId=52356359455000,shop.app,,,0.0,309.94,free shipping,,309.94
Flex Offroad,,False,Terrain Attack A/T A,35x12.50R20,E,35x12.50R20LT AMP Terrain Attack A/T A (Load E) 65psi,1,303.0,,303.0,,9685949022481,49270744514833,https://shop.com/products/9685949022481/35x12-50r20lt-amp-terrain-attack-a-t-a-load-e-65psi?variantId=49270744514833,shop.app,,,,,,,303.0
MOTORMIA,,False,R/T,35x13.50R24,,AMP Terrain Attack R/T Tire - 35X13.50R24LT 112Q,1,440.99,,440.99,,10468949852472,51835792720184,https://shop.com/products/10468949852472/amp-terrain-attack-r-t-tire-35x13-50r24lt-112q?variantId=51835792720184,shop.app,,,0.0,440.99,free shipping,,440.99
Next Level Performance,,False,Terrain Attack A/T A,315/70R17,,AMP Terrain Attack A/T A Tire - LT315/70R17 121/118R,1,287.0,,287.0,,9562142769303,47624124170391,https://shop.com/products/9562142769303/amp-terrain-attack-a-t-a-tire-lt315-70r17-121-118r?variantId=47624124170391,shop.app,,,20.0,307.0,$20.00/tire (store_shipping.csv),,307.0
Down East Offroad,,False,Terrain Attack A/T A,305/40R22,,AMP Terrain Attack A/T A Tire - 305/40R22 114S,1,268.99,,268.99,,14998235414900,54153013199220,https://shop.com/products/14998235414900/amp-terrain-attack-a-t-a-tire-305-40r22-114s?variantId=54153013199220,shop.app,,,,,,,268.99
MOTORMIA,,False,M/T,37x13.50R28,,AMP Terrain Attack M/T Tire - 37X13.50R28LT 114Q,1,859.0,,859.0,,10468959682872,51835802452280,https://shop.com/products/10468959682872/amp-terrain-attack-m-t-tire-37x13-50r28lt-114q?variantId=51835802452280,shop.app,,,0.0,859.0,free shipping,,859.0
FI Performance,,False,Terrain Attack A/T A,305/60R18,,AMP Terrain Attack A/T A Tire - LT305/60R18 121/118R,1,291.99,,291.99,,10653746954380,61739771625612,https://shop.com/products/10653746954380/amp-terrain-attack-a-t-a-tire-lt305-60r18-121-118r?variantId=61739771625612,shop.app,,,,,,,291.99
EZ Wheeler,,False,Terrain Attack A/T A,285/70R17,E,TERRAIN ATTACK A/T A 285/70R17 121/118R LR E 80PSI MAX,1,220.99,221.0,220.99,,9219913613545,50619120255209,https://shop.com/products/9219913613545/terrain-attack-a-t-a-285-70r17-121-118r-lr-e-80psi-max?variantId=50619120255209,shop.app,,,,,,,220.99
Complete Street Performance,,False,Terrain Attack A/T A,285/70R17,,Amp Tires 285-7017AMP/CA3 - AMP Terrain Attack A/T A Tire - LT285/70R17 121/118R,1,221.0,243.1,221.0,,9986578678038,50065226334486,https://shop.com/products/9986578678038/amp-tires-285-7017amp-ca3-amp-terrain-attack-a-t-a-tire-lt285?variantId=50065226334486,shop.app,,,,,,,221.0
Complete Street Performance,,False,M/T,37x13.50R24,,Amp Tires 37-135024AMP/CM2 - AMP Terrain Attack M/T Tire - 37x13.50R24LT 120Q,1,487.99,536.79,487.99,,9986579071254,50065227284758,https://shop.com/products/9986579071254/amp-tires-37-135024amp-cm2-amp-terrain-attack-m-t-tire-37x13-50r24lt?variantId=50065227284758,shop.app,,,,,,,487.99
Forge USA,,False,Terrain Attack A/T A,33x12.50R22,,AMP Terrain Attack A/T A LT33X12.50R22,1,318.0,,318.0,,10122095657200,50086599393520,https://shop.com/products/10122095657200/amp-terrain-attack-a-t-a-lt33x12-50r22?variantId=50086599393520,shop.app,,,,,,,318.0
Next Level Performance,,False,M/T,35x12.50R20,,AMP Terrain Attack M/T Tire - 35x12.50R20LT 121Q,1,328.99,,328.99,,9562140147863,47624120270999,https://shop.com/products/9562140147863/amp-terrain-attack-m-t-tire-35x12-50r20lt-121q?variantId=47624120270999,shop.app,,,20.0,348.99,$20.00/tire (store_shipping.csv),,348.99
MOTORMIA,,False,Terrain Attack A/T A,305/60R18,,AMP Terrain Attack A/T A Tire - LT305/60R18 121/118R,1,291.99,,291.99,,10468853023032,51835695628600,https://shop.com/products/10468853023032/amp-terrain-attack-a-t-a-tire-lt305-60r18-121-118r?variantId=51835695628600,shop.app,,,0.0,291.99,free shipping,,291.99
Down East Offroad,,False,M/T,33x13.50R24,,AMP Terrain Attack M/T Tire - 33x13.50R24LT 121Q,1,391.99,,391.99,,14998233842036,54153007006068,https://shop.com/products/14998233842036/amp-terrain-attack-m-t-tire-33x13-50r24lt-121q?variantId=54153007006068,shop.app,,,,,,,391.99
Signature Performance,,False,Terrain Attack A/T A,305/60R18,,LT305/60R18 AMP Terrain Attack A/T A Tire,1,297.0,,297.0,,8111626420364,43953195352204,https://shop.com/products/8111626420364/lt305-60r18-amp-terrain-attack-a-t-a-tire?variantId=43953195352204,shop.app,,,,,,,297.0
FI Performance,,False,R/T,35x12.50R20,,AMP Terrain Attack R/T Tire - 35X12.50R20LT 125Q,1,353.99,,353.99,,10653748199564,61739773722764,https://shop.com/products/10653748199564/amp-terrain-attack-r-t-tire-35x12-50r20lt-125q?variantId=61739773722764,shop.app,,,,,,,353.99
Dually Wheels,,False,Terrain Attack A/T A,285/70R17,,LT285/70R17/10 Amp Tires Terrain Attack A/T A Tires Set of 6,6,1326.0,1458.6,221.0,,7916247056639,46049268564223,https://shop.com/products/7916247056639/lt285-70r17-10-amp-tires-terrain-attack-a-t-a-tires-set-of?variantId=46049268564223,shop.app,,,,,,,221.0
Dually Wheels,,False,Terrain Attack A/T A,265/50R20,,LT265/50R20/10 Amp Tires Terrain Attack A/T A Tires Set of 6,6,1536.0,1689.6,256.0,,7916246008063,46049987952895,https://shop.com/products/7916246008063/lt265-50r20-10-amp-tires-terrain-attack-a-t-a-tires-set-of?variantId=46049987952895,shop.app,,,,,,,256.0
Speedzone Performance LLC,,False,M/T,35x11.50R20,,AMP Terrain Attack M/T Tire - 35X11.50R20LT 124Q,1,343.99,,343.99,,7350050095189,42283605262421,https://shop.com/products/7350050095189/amp-terrain-attack-m-t-tire-35x11-50r20lt-124q?variantId=42283605262421,shop.app,,,,,,,343.99
Signature Performance,,False,R/T,35x12.50R22,,35x12.50R22LT AMP Terrain Attack R/T Tire,1,387.0,,387.0,,8111620325516,43953185751180,https://shop.com/products/8111620325516/35x12-50r22lt-amp-terrain-attack-r-t-tire?variantId=43953185751180,shop.app,,,,,,,387.0
GE Tires Online Inc,,False,M/T,35x13.50R26,,AMP Mud Terrain Attack M-T A 35X13.5R26,1,528.79,,528.79,,10325002813720,52356359618840,https://shop.com/products/10325002813720/amp-mud-terrain-attack-m-t-a-35x13-5r26?variantId=52356359618840,shop.app,,,0.0,528.79,free shipping,,528.79
MOTORMIA,,False,R/T,33x12.50R20,,AMP Terrain Attack R/T Tire - 33X12.50R20LT 114Q,1,320.99,,320.99,,10468822548792,51835665219896,https://shop.com/products/10468822548792/amp-terrain-attack-r-t-tire-33x12-50r20lt-114q?variantId=51835665219896,shop.app,,,0.0,320.99,free shipping,,320.99
FI Performance,,False,M/T,35x11.50R20,,AMP Terrain Attack M/T Tire - 35X11.50R20LT 124Q,1,343.99,,343.99,,10653747609740,61739772870796,https://shop.com/products/10653747609740/amp-terrain-attack-m-t-tire-35x11-50r20lt-124q?variantId=61739772870796,shop.app,,,,,,,343.99
Street Driven Performance,,False,Terrain Attack A/T A,305/60R18,,AMP Terrain Attack A/T A Tire - LT305/60R18 121/118R,1,247.25,291.99,247.25,,10875105214623,62579913425055,https://shop.com/products/10875105214623/amp-terrain-attack-a-t-a-tire-lt305-60r18-121-118r?variantId=62579913425055,shop.app,,,25.0,272.25,$25.00/tire (store_shipping.csv),,272.25
Gladiator Auto,,False,Terrain Attack A/T A,285/55R20,E,TERRAIN ATTACK A/T A 285/55R20 122/119S LR E 80PSI MAX - 285-5520AMP/CA3,1,266.0,,266.0,,9056630833406,47754432315646,https://shop.com/products/9056630833406/terrain-attack-a-t-a-285-55r20-122-119s-lr-e-80psi-max?variantId=47754432315646,shop.app,,,0.0,266.0,free shipping,,266.0
Dually Wheels,,False,R/T,35x12.50R20,,35x12.50R20LT/10 Amp Tires Terrain Attack R/T Tires Set of 6,6,2112.0,2323.2,352.0,,8350116151551,46050007974143,https://shop.com/products/8350116151551/35x12-50r20lt-10-amp-tires-terrain-attack-r-t-tires-set-of-6?variantId=46050007974143,shop.app,,,,,,,352.0
ATOMIC-SHOP Performance Parts & Motorsport Equipment - USA,,False,M/T,35x15.50R22,,AMP Terrain Attack M/T Tire - 35x15.50R22LT 125Q,1,487.0,,487.0,,10491626520878,51939884597550,https://shop.com/products/10491626520878/amp-terrain-attack-m-t-tire-35x15-50r22lt-125q?variantId=51939884597550,shop.app,,,,,,,487.0
Down East Offroad,,False,Terrain Attack A/T A,265/70R17,,AMP Terrain Attack A/T A Tire - LT265/70R17 121/118S,1,205.99,,205.99,,14998236299636,54153018900852,https://shop.com/products/14998236299636/amp-terrain-attack-a-t-a-tire-lt265-70r17-121-118s?variantId=54153018900852,shop.app,,,,,,,205.99
GE Tires Online Inc,,False,M/T,265/70R17,,AMP Mud Terrain Attack A-T A 265/70R17,1,203.37,,203.37,,10325001928984,52356356473112,https://shop.com/products/10325001928984/amp-mud-terrain-attack-a-t-a-265-70r17?variantId=52356356473112,shop.app,,,0.0,203.37,free shipping,,203.37
FI Performance,,False,M/T,38x13.50R24,,AMP Terrain Attack M/T Tire - 38x13.50R24LT 127Q,1,616.99,,616.99,,10653749149836,61739775459468,https://shop.com/products/10653749149836/amp-terrain-attack-m-t-tire-38x13-50r24lt-127q?variantId=61739775459468,shop.app,,,,,,,616.99
FR SPORT,,False,R/T,285/70R17,,AMP Tires AMP Terrain Attack R/T Tire - LT285/70R17 116/113Q 285-7017AMP/RTC,1,251.99,,251.99,,8881862967448,47391135170712,https://shop.com/products/8881862967448/amp-tires-amp-terrain-attack-r-t-tire-lt285-70r17-116-113q-285?variantId=47391135170712,shop.app,,,,,,,251.99
FI Performance,,False,M/T,38x15.50R26,,AMP Terrain Attack M/T Tire - 38X15.50R26LT 126P,1,712.99,,712.99,,10653749346444,61739775688844,https://shop.com/products/10653749346444/amp-terrain-attack-m-t-tire-38x15-50r26lt-126p?variantId=61739775688844,shop.app,,,,,,,712.99
MOTORMIA,,False,M/T,35x12.50R17,,AMP Terrain Attack M/T Tire - 35x12.50R17LT 121Q,1,370.0,,370.0,,10469095342392,51835938111800,https://shop.com/products/10469095342392/amp-terrain-attack-m-t-tire-35x12-50r17lt-121q?variantId=51835938111800,shop.app,,,0.0,370.0,free shipping,,370.0
BattlegroundOffroadSupply,,False,R/T,35x13.50R24,,AMP Terrain Attack R/T Tire - 35X13.50R24LT 112Q,1,440.99,,440.99,,9988578410744,49645577437432,https://shop.com/products/9988578410744/amp-terrain-attack-r-t-tire-35x13-50r24lt-112q?variantId=49645577437432,shop.app,,,,,,,440.99
FR SPORT,,False,Terrain Attack A/T A,285/55R20,,AMP Tires AMP Terrain Attack A/T A Tire - LT285/55R20 122/119S 285-5520AMP/CA3,1,260.99,,260.99,,8881863819416,47391135989912,https://shop.com/products/8881863819416/amp-tires-amp-terrain-attack-a-t-a-tire-lt285-55r20-122-119s?variantId=47391135989912,shop.app,,,,,,,260.99
Flex Offroad,,False,M/T,35x13.50R24,E,35x13.50R24LT AMP Terrain Attack M/T A (Load E),1,438.0,,438.0,,9684519354641,49266916360465,https://shop.com/products/9684519354641/35x13-50r24lt-amp-terrain-attack-m-t-a-load-e?variantId=49266916360465,shop.app,,,,,,,438.0
Dually Wheels,,False,Terrain Attack A/T A,265/70R17,,LT265/70R17/10 Amp Tires Terrain Attack A/T A Tires Set of 6,6,1260.0,1386.0,210.0,,7916246270207,46049961410815,https://shop.com/products/7916246270207/lt265-70r17-10-amp-tires-terrain-attack-a-t-a-tires-set-of?variantId=46049961410815,shop.app,,,,,,,210.0
MOTORMIA,,False,M/T,37x13.50R20,,AMP Terrain Attack M/T Tire - 37x13.50R20LT 127Q,1,453.0,,453.0,,10468995793208,51835838660920,https://shop.com/products/10468995793208/amp-terrain-attack-m-t-tire-37x13-50r20lt-127q?variantId=51835838660920,shop.app,,,0.0,453.0,free shipping,,453.0
ATOMIC-SHOP Performance Parts & Motorsport Equipment - USA,,False,Terrain Attack A/T A,275/55R20,,AMP Terrain Attack A/T A Tire - LT275/55R20 115/112S,1,261.99,,261.99,,10491624390958,51939879977262,https://shop.com/products/10491624390958/amp-terrain-attack-a-t-a-tire-lt275-55r20-115-112s?variantId=51939879977262,shop.app,,,,,,,261.99
Signature Performance,,False,R/T,35x13.50R24,,35x13.50R24LT AMP Terrain Attack R/T Tire,1,450.0,,450.0,,8111620292748,43953185718412,https://shop.com/products/8111620292748/35x13-50r24lt-amp-terrain-attack-r-t-tire?variantId=43953185718412,shop.app,,,,,,,450.0
Battle Born Offroad,,False,Terrain Attack A/T A,265/70R17,E,17 Inch Terrain Attack A/T A 265/70R17 121/118S LR E 80PSI Max AMP Tires,1,205.99,,205.99,,8857977225369,48700824715417,https://shop.com/products/8857977225369/17-inch-terrain-attack-a-t-a-265-70r17-121-118s-lr-e?variantId=48700824715417,shop.app,,,,,,,205.99
Kris Wilcox Racing,,False,Terrain Attack A/T A,37x12.50R20,,AMP Terrain Attack A/T A Tire - 37x12.50R20LT 126R,1,400.28,,400.28,,14886545162606,53007206973806,https://shop.com/products/14886545162606/amp-terrain-attack-a-t-a-tire-37x12-50r20lt-126r?variantId=53007206973806,shop.app,,,,,,,400.28
Red 5 Garage,,False,R/T,35x12.50R20,,AMP Terrain Attack R/T Tire - 35X12.50R20LT 125Q,1,353.99,,353.99,,7938475982891,44152676417579,https://shop.com/products/7938475982891/amp-terrain-attack-r-t-tire-35x12-50r20lt-125q?variantId=44152676417579,shop.app,,,,,,,353.99
Forge USA,,False,R/T,35x13.50R24,,AMP Terrain Attack R/T LT35X13.50R24,1,450.0,,450.0,,10122097656048,50086603718896,https://shop.com/products/10122097656048/amp-terrain-attack-r-t-lt35x13-50r24?variantId=50086603718896,shop.app,,,,,,,450.0
PERFORMANCE MODS,,False,Terrain Attack A/T A,315/70R17,,AMP Tires 315-7017AMP/CA3 AMP Terrain Attack A/T A Tire - LT315/70R17 121/118R,1,287.0,,287.0,,8149781446842,44920712396986,https://shop.com/products/8149781446842/amp-tires-315-7017amp-ca3-amp-terrain-attack-a-t-a-tire-lt315?variantId=44920712396986,shop.app,,,,,,,287.0
ATOMIC-SHOP Performance Parts & Motorsport Equipment - USA,,False,R/T,33x12.50R20,,AMP Terrain Attack R/T Tire - 33X12.50R20LT 114Q,1,320.99,,320.99,,10491625570606,51939882434862,https://shop.com/products/10491625570606/amp-terrain-attack-r-t-tire-33x12-50r20lt-114q?variantId=51939882434862,shop.app,,,,,,,320.99
Flex Offroad,,False,Terrain Attack A/T A,265/70R17,E,LT265/70R17 AMP Terrain Attack A/T A (Load E),1,206.0,,206.0,,9685976547601,49270854975761,https://shop.com/products/9685976547601/lt265-70r17-amp-terrain-attack-a-t-a-load-e?variantId=49270854975761,shop.app,,,,,,,206.0
Battle Born Offroad,,False,M/T,35x12.50R17,E,17 Inch Terrain Attack M/T A 35X12.50R17 121Q LR E 65PSI Max AMP Tires,1,369.99,,369.99,,8858001047705,48701508190361,https://shop.com/products/8858001047705/17-inch-terrain-attack-m-t-a-35x12-50r17-121q-lr-e-65psi?variantId=48701508190361,shop.app,,,,,,,369.99
Down East Offroad,,False,Terrain Attack A/T A,305/60R18,,AMP Terrain Attack A/T A Tire - LT305/60R18 121/118R,1,297.0,,297.0,,14998236103028,54153017262452,https://shop.com/products/14998236103028/amp-terrain-attack-a-t-a-tire-lt305-60r18-121-118r?variantId=54153017262452,shop.app,,,,,,,297.0
Quadratec,,False,M/T,35x12.50R17,,AMP ATTACK M/T 35X12.50R17 TIRE 3,1,369.99,,369.99,,9127737491714,46804146225410,https://shop.com/products/9127737491714/amp-attack-m-t-35x12-50r17-tire-3?variantId=46804146225410,shop.app,,,0.0,369.99,free shipping,,369.99
Flex Offroad,,False,M/T,37x13.50R20,E,37x13.50R20LT AMP Terrain Attack M/T A (Load E),1,453.0,,453.0,,9685282849041,49268537065745,https://shop.com/products/9685282849041/37x13-50r20lt-amp-terrain-attack-m-t-a-load-e?variantId=49268537065745,shop.app,,,,,,,453.0
Late Model Truck,,False,R/T,37x13.50R24,,AMP Terrain Attack R/T Tire - 37X13.50R24LT 120Q,1,483.99,,483.99,,7841429061839,44974626242767,https://shop.com/products/7841429061839/amp-terrain-attack-r-t-tire-37x13-50r24lt-120q?variantId=44974626242767,shop.app,,,,,,,483.99
FR SPORT,,False,Terrain Attack A/T A,33x12.50R22,,AMP Tires AMP Terrain Attack A/T A Tire - 33x12.50R22LT 109R? 33-125022AMP/CA3,1,302.99,,302.99,,8881863983256,47391136252056,https://shop.com/products/8881863983256/amp-tires-amp-terrain-attack-a-t-a-tire-33x12-50r22lt-109r-33?variantId=47391136252056,shop.app,,,,,,,302.99
ClassicAutoStoreOnline.com,,False,Terrain Attack A/T A,35x12.50R20,,AMP 2006-2008 Dodge Ram 1500 Terrain Attack A/T A 35x12.50R20LT 121R All-Terrain Tire - Authentic Off-Road Performance,1,335.99,,335.99,,15366907822451,62811800437107,https://shop.com/products/15366907822451/amp-2006-2008-dodge-ram-1500-terrain-attack-a-t-a-35x12-50r20lt?variantId=62811800437107,shop.app,,,,,,,335.99
MOTORMIA,,False,M/T,35x13.50R26,,AMP Terrain Attack M/T Tire - 35x13.50R26LT 117Q,1,512.99,,512.99,,10468983734584,51835826536760,https://shop.com/products/10468983734584/amp-terrain-attack-m-t-tire-35x13-50r26lt-117q?variantId=51835826536760,shop.app,,,0.0,512.99,free shipping,,512.99
EZ Wheeler,,False,M/T,33x14.50R22,F,TERRAIN ATTACK M/T A 33X14.50R22 117Q LR F 95PSI MAX,1,424.99,425.0,424.99,,8787162661097,47887594225897,https://shop.com/products/8787162661097/terrain-attack-m-t-a-33x14-50r22-117q-lr-f-95psi-max?variantId=47887594225897,shop.app,,,,,,,424.99
Signature Performance,,False,R/T,35x12.50R17,,35x12.50R17LT AMP Terrain Attack R/T Tire,1,352.0,,352.0,,8105874489484,43932431384716,https://shop.com/products/8105874489484/35x12-50r17lt-amp-terrain-attack-r-t-tire?variantId=43932431384716,shop.app,,,,,,,352.0
FI Performance,,False,M/T,35x15.50R22,,AMP Terrain Attack M/T Tire - 35x15.50R22LT 125Q,1,487.0,,487.0,,10653748494476,61739774312588,https://shop.com/products/10653748494476/amp-terrain-attack-m-t-tire-35x15-50r22lt-125q?variantId=61739774312588,shop.app,,,,,,,487.0
Battle Born Offroad,,False,M/T,35x15.50R24,E,24 Inch Terrain Attack M/T A 35X15.50R24 117Q LR E 65PSI Max AMP Tires,1,495.99,,495.99,,8892836905113,48849396465817,https://shop.com/products/8892836905113/24-inch-terrain-attack-m-t-a-35x15-50r24-117q-lr-e-65psi?variantId=48849396465817,shop.app,,,,,,,495.99
Flex Offroad,,False,Terrain Attack A/T A,305/60R18,E,LT305/60R18 AMP Terrain Attack A/T A (Load E),1,292.0,,292.0,,9685019001105,49267846578449,https://shop.com/products/9685019001105/lt305-60r18-amp-terrain-attack-a-t-a-load-e?variantId=49267846578449,shop.app,,,,,,,292.0
AutoHouseSupply,,False,Terrain Attack A/T A,305/40R22,,AMP Terrain Attack A/T A Tire - 305/40R22 114S,1,268.99,,268.99,,10304033554724,51514735657252,https://shop.com/products/10304033554724/amp-terrain-attack-a-t-a-tire-305-40r22-114s?variantId=51514735657252,shop.app,,,,,,,268.99
FI Performance,,False,M/T,35x13.50R26,,AMP Terrain Attack M/T Tire - 35x13.50R26LT 117Q,1,512.99,,512.99,,10653748461708,61739774247052,https://shop.com/products/10653748461708/amp-terrain-attack-m-t-tire-35x13-50r26lt-117q?variantId=61739774247052,shop.app,,,,,,,512.99
Renegade Speed by Renegade Racing & Performance,,False,Terrain Attack A/T A,315/70R17,E,AMP Tires Terrain Attack A/T A Tire - 315/70R17 121/118R Load Range E for All-Terrain Performance,1,287.0,,287.0,,11068223291665,53601863663889,https://shop.com/products/11068223291665/amp-tires-terrain-attack-a-t-a-tire-315-70r17-121-118r-load?variantId=53601863663889,shop.app,,,,,,,287.0
Signature Performance,,False,R/T,35x12.50R20,,35x12.50R20LT AMP Terrain Attack R/T Tire,1,352.0,,352.0,,8106278748300,43933624041612,https://shop.com/products/8106278748300/35x12-50r20lt-amp-terrain-attack-r-t-tire?variantId=43933624041612,shop.app,,,,,,,352.0
FI Performance,,False,M/T,325/50R22,,AMP Terrain Attack M/T Tire - LT325/50R22 122Q,1,436.99,,436.99,,10653747052684,61739771822220,https://shop.com/products/10653747052684/amp-terrain-attack-m-t-tire-lt325-50r22-122q?variantId=61739771822220,shop.app,,,,,,,436.99
Flex Offroad,,False,Terrain Attack A/T A,315/70R17,E,LT315/70R17 AMP Terrain Attack A/T A (Load E),1,287.0,,287.0,,9685493317905,49269186593041,https://shop.com/products/9685493317905/lt315-70r17-amp-terrain-attack-a-t-a-load-e?variantId=49269186593041,shop.app,,,,,,,287.0
Black Patch Performance,,False,M/T,33x12.50R20,E,33x12.50R20LT TERRAIN ATTACK M/T Load Range E,1,326.0,,326.0,,7070011654231,40736918503511,https://shop.com/products/7070011654231/33x12-50r20lt-terrain-attack-m-t-load-range-e?variantId=40736918503511,shop.app,,,,,,,326.0
MOTORMIA,,False,Terrain Attack A/T A,305/55R20,,AMP Terrain Attack A/T A Tire - LT305/55R20 121/118S,1,293.99,,293.99,,10469038620984,51835881455928,https://shop.com/products/10469038620984/amp-terrain-attack-a-t-a-tire-lt305-55r20-121-118s?variantId=51835881455928,shop.app,,,0.0,293.99,free shipping,,293.99
GE Tires Online Inc,,False,M/T,35x15.50R24,,AMP Mud Terrain Attack M-T A 35X15.5R24,1,680.42,,680.42,,10337600831768,52388308680984,https://shop.com/products/10337600831768/amp-mud-terrain-attack-m-t-a-35x15-5r24?variantId=52388308680984,shop.app,,,0.0,680.42,free shipping,,680.42
Next Level Performance,,False,R/T,35x12.50R20,,AMP Terrain Attack R/T Tire - 35X12.50R20LT 121Q,1,334.99,,334.99,,9618292768919,47847840481431,https://shop.com/products/9618292768919/amp-terrain-attack-r-t-tire-35x12-50r20lt-121q?variantId=47847840481431,shop.app,,,20.0,354.99,$20.00/tire (store_shipping.csv),,354.99
GE Tires Online Inc,,False,M/T,38x13.50R24,,AMP Mud Terrain Attack M-T A 38X13.5R24,1,792.04,,792.04,,10359203594520,52459566072088,https://shop.com/products/10359203594520/amp-mud-terrain-attack-m-t-a-38x13-5r24?variantId=52459566072088,shop.app,,,0.0,792.04,free shipping,,792.04
Street Driven Performance,,False,R/T,35x13.50R24,,AMP Terrain Attack R/T Tire - 35X13.50R24LT 112Q,1,364.5,440.99,364.5,,10875106263199,62579915620511,https://shop.com/products/10875106263199/amp-terrain-attack-r-t-tire-35x13-50r24lt-112q?variantId=62579915620511,shop.app,,,25.0,389.5,$25.00/tire (store_shipping.csv),,389.5
TryBeepbeep,,False,M/T,38x15.50R24,,38X15.50R24 Amp Terrain Attack M/T A 127Q E,1,666.99,,666.99,,10125595476250,51707332231450,https://shop.com/products/10125595476250/38x15-50r24-amp-terrain-attack-m-t-a-127q-e?variantId=51707332231450,shop.app,,,0.0,666.99,free shipping,,666.99
Signature Performance,,False,M/T,35x15.50R24,,35X15.50R24LT AMP Terrain Attack M/T Tire,1,496.0,,496.0,,8111625535628,43953194270860,https://shop.com/products/8111625535628/35x15-50r24lt-amp-terrain-attack-m-t-tire?variantId=43953194270860,shop.app,,,,,,,496.0
DNA Auto,,False,Terrain Attack A/T A,285/55R20,E,AMP Terrain Attack A/T LT285/55R20 Load Range E All-Terrain Tire,1,376.99,,376.99,,15411729432857,67629976027417,https://shop.com/products/15411729432857/amp-terrain-attack-a-t-lt285-55r20-load-range-e-all-terrain-tire?variantId=67629976027417,shop.app,,,,,,,376.99
Mach Yeti Racing,,False,Terrain Attack A/T A,305/70R18,,AMP Terrain Attack A/T A Tire - LT305/70R18 126/123R,1,307.99,,307.99,,9798989709396,45266114642004,https://shop.com/products/9798989709396/amp-terrain-attack-a-t-a-tire-lt305-70r18-126-123r?variantId=45266114642004,shop.app,,,,,,,307.99
Down East Offroad,,False,Terrain Attack A/T A,305/55R20,,AMP Terrain Attack A/T A Tire - LT305/55R20 121/118S,1,299.0,,299.0,,14998235644276,54153014378868,https://shop.com/products/14998235644276/amp-terrain-attack-a-t-a-tire-lt305-55r20-121-118s?variantId=54153014378868,shop.app,,,,,,,299.0
Tacoma Wheels,,False,Terrain Attack A/T A,35x12.50R20,E,35x12.50R20LT Amp Tires Terrain Attack A/T Tire E Rated 10 Ply,1,302.99,333.29,302.99,,8301955973311,45151982616767,https://shop.com/products/8301955973311/35x12-50r20lt-amp-tires-terrain-attack-a-t-tire-e-rated-10-ply?variantId=45151982616767,shop.app,,,0.0,302.99,free shipping,,302.99
ATOMIC-SHOP Performance Parts & Motorsport Equipment - USA,,False,M/T,33x13.50R26,,AMP Terrain Attack M/T Tire - 33X13.50R26LT 116Q,1,460.99,,460.99,,10491625799982,51939882959150,https://shop.com/products/10491625799982/amp-terrain-attack-m-t-tire-33x13-50r26lt-116q?variantId=51939882959150,shop.app,,,,,,,460.99
Forge USA,,False,M/T,35x15.50R24,,AMP Terrain Attack M/T A LT35X15.50R24,1,496.0,,496.0,,10122092904688,50086594543856,https://shop.com/products/10122092904688/amp-terrain-attack-m-t-a-lt35x15-50r24?variantId=50086594543856,shop.app,,,,,,,496.0
TryBeepbeep,,False,Terrain Attack A/T A,37x12.50R20,E,Terrain Attack AMP 37x12.50R20 A/T A 126R E/10 Ply Tire,1,361.99,,361.99,,10125595181338,51707330986266,https://shop.com/products/10125595181338/terrain-attack-amp-37x12-50r20-a-t-a-126r-e-10-ply-tire?variantId=51707330986266,shop.app,,,0.0,361.99,free shipping,,361.99
Complete Street Performance,,False,M/T,35x12.50R18,,Amp Tires 35-125018AMP/CM2 - AMP Terrain Attack M/T Tire - 35x12.50R18LT 123Q,1,374.0,411.4,374.0,,9986578448662,50065226105110,https://shop.com/products/9986578448662/amp-tires-35-125018amp-cm2-amp-terrain-attack-m-t-tire-35x12-50r18lt?variantId=50065226105110,shop.app,,,,,,,374.0
Next Level Performance,,False,M/T,285/55R20,,AMP Terrain Attack M/T Tire - LT285/55R20 122/119Q,1,304.99,,304.99,,9618299617431,47847847526551,https://shop.com/products/9618299617431/amp-terrain-attack-m-t-tire-lt285-55r20-122-119q?variantId=47847847526551,shop.app,,,20.0,324.99,$20.00/tire (store_shipping.csv),,324.99
Custom Trucks Unlimited,,False,M/T,35x13.50R24,E,TERRAIN ATTACK M/T A 35X13.50R24 112Q LR E 65PSI MAX,1,437.99,461.0,437.99,,8826174275782,45646130217158,https://shop.com/products/8826174275782/terrain-attack-m-t-a-35x13-50r24-112q-lr-e-65psi-max?variantId=45646130217158,shop.app,,,,,,,437.99
Down East Offroad,,False,M/T,325/50R22,,AMP Terrain Attack M/T Tire - LT325/50R22 122Q,1,459.0,,459.0,,14998234300788,54153007464820,https://shop.com/products/14998234300788/amp-terrain-attack-m-t-tire-lt325-50r22-122q?variantId=54153007464820,shop.app,,,,,,,459.0
Dually Wheels,,False,Terrain Attack A/T A,35x12.50R22,,35x12.50R22LT/10 Amp Tires Terrain Attack A/T A Tires Set of 6,6,1986.0,2184.6,331.0,,7916248793343,46049272889599,https://shop.com/products/7916248793343/35x12-50r22lt-10-amp-tires-terrain-attack-a-t-a-tires-set-of?variantId=46049272889599,shop.app,,,,,,,331.0
DNA Auto,,False,M/T,35x15.50R24,E,AMP Terrain Attack M/T 35x15.50R24 Load Range E Mud Terrain Tire,1,649.99,,649.99,,15411440714009,67627978195225,https://shop.com/products/15411440714009/amp-terrain-attack-m-t-35x15-50r24-load-range-e-mud-terrain-tire?variantId=67627978195225,shop.app,,,,,,,649.99
EZ Wheeler,,False,M/T,37x13.50R26,F,TERRAIN ATTACK M/T A 37x13.50R26 117Q LR F 80PSI MAX,1,551.0,,551.0,,8787161907433,47887593472233,https://shop.com/products/8787161907433/terrain-attack-m-t-a-37x13-50r26-117q-lr-f-80psi-max?variantId=47887593472233,shop.app,,,,,,,551.0
Dually Wheels,,False,R/T,35x13.50R24,,35x13.50R24LT/10 Amp Tires Terrain Attack R/T Tires Set of 6,6,2700.0,2970.0,450.0,,8350116511999,46049836499199,https://shop.com/products/8350116511999/35x13-50r24lt-10-amp-tires-terrain-attack-r-t-tires-set-of-6?variantId=46049836499199,shop.app,,,,,,,450.0
Signature Performance,,False,R/T,285/70R17,,LT285/70R17 AMP Terrain Attack R/T Tire,1,265.0,,265.0,,8111620489356,43953185915020,https://shop.com/products/8111620489356/lt285-70r17-amp-terrain-attack-r-t-tire?variantId=43953185915020,shop.app,,,,,,,265.0
Trail Ops,,False,Terrain Attack A/T A,305/70R18,E,AMP Terrain Attack A/T A LT305/70R18 Load E Tire,1,308.0,,308.0,,9212945236207,47515238039791,https://shop.com/products/9212945236207/amp-terrain-attack-a-t-a-lt305-70r18-load-e-tire?variantId=47515238039791,shop.app,,,,,,,308.0
FR SPORT,,False,Terrain Attack A/T A,305/70R18,,AMP Tires AMP Terrain Attack A/T A Tire - LT305/70R18 126/123R 305-7018AMP/CA3,1,307.99,,307.99,,8881863622808,47391135826072,https://shop.com/products/8881863622808/amp-tires-amp-terrain-attack-a-t-a-tire-lt305-70r18-126-123r?variantId=47391135826072,shop.app,,,,,,,307.99
GE Tires Online Inc,,False,M/T,38x15.50R24,,AMP Mud Terrain Attack M-T A 38X15.5R24,1,828.02,,828.02,,10359203627288,52459566104856,https://shop.com/products/10359203627288/amp-mud-terrain-attack-m-t-a-38x15-5r24?variantId=52459566104856,shop.app,,,0.0,828.02,free shipping,,828.02
Signature Performance,,False,M/T,37x12.50R17,,37x12.50R17LT AMP Terrain Attack M/T Tire,1,403.0,,403.0,,8148450410636,44085729493132,https://shop.com/products/8148450410636/37x12-50r17lt-amp-terrain-attack-m-t-tire?variantId=44085729493132,shop.app,,,,,,,403.0
RAV Performance,,False,M/T,35x13.50R26,,AMP Terrain Attack M/T Tire - 35x13.50R26LT 117Q,1,512.99,,512.99,,9455577792757,47431098466549,https://shop.com/products/9455577792757/amp-terrain-attack-m-t-tire-35x13-50r26lt-117q?variantId=47431098466549,shop.app,,,,,,,512.99
TryBeepbeep,,False,Terrain Attack A/T A,315/70R17,E,Terrain Attack AMP A/T LT315/70R17 E/10PLY BSW,1,286.99,,286.99,,10125594296602,51707327283482,https://shop.com/products/10125594296602/terrain-attack-amp-a-t-lt315-70r17-e-10ply-bsw?variantId=51707327283482,shop.app,,,0.0,286.99,free shipping,,286.99
Forge USA,,False,M/T,35x12.50R18,,AMP Terrain Attack M/T A LT35X12.50R18,1,374.0,,374.0,,10122094772464,50086597787888,https://shop.com/products/10122094772464/amp-terrain-attack-m-t-a-lt35x12-50r18?variantId=50086597787888,shop.app,,,,,,,374.0
Trail Ops,,False,M/T,35x15.50R24,E,AMP Terrain Attack M/T 35x15.50R24LT Load E Tire,1,496.0,,496.0,,9204445806831,47418204455151,https://shop.com/products/9204445806831/amp-terrain-attack-m-t-35x15-50r24lt-load-e-tire?variantId=47418204455151,shop.app,,,,,,,496.0
FI Performance,,False,R/T,285/55R20,,AMP Terrain Attack R/T Tire - LT285/55R20 122/119Q,1,299.99,,299.99,,10653745873036,61739769856140,https://shop.com/products/10653745873036/amp-terrain-attack-r-t-tire-lt285-55r20-122-119q?variantId=61739769856140,shop.app,,,,,,,299.99
Dually Wheels,,False,M/T,37x12.50R17,,37x12.50R17LT AMP Terrain Attack M/T Tires Set of 6,6,2418.0,2659.8,403.0,,9288826749183,47622110281983,https://shop.com/products/9288826749183/37x12-50r17lt-amp-terrain-attack-m-t-tires-set-of-6?variantId=47622110281983,shop.app,,,,,,,403.0
Flex Offroad,,False,Terrain Attack A/T A,285/70R17,E,LT285/70R17 AMP Terrain Attack A/T A (Load E),1,221.0,,221.0,,9685856911633,49270398550289,https://shop.com/products/9685856911633/lt285-70r17-amp-terrain-attack-a-t-a-load-e?variantId=49270398550289,shop.app,,,,,,,221.0
EZ Wheeler,,False,M/T,35x11.50R20,E,TERRAIN ATTACK M/T A 35X11.50R20 124Q LR E 80PSI MAX,1,351.0,,351.0,,8787161415913,47887590064361,https://shop.com/products/8787161415913/terrain-attack-m-t-a-35x11-50r20-124q-lr-e-80psi-max?variantId=47887590064361,shop.app,,,,,,,351.0
Late Model Truck,,False,R/T,35x13.50R24,,AMP Terrain Attack R/T Tire - 35X13.50R24LT 112Q,1,440.99,,440.99,,7841428734159,44974625587407,https://shop.com/products/7841428734159/amp-terrain-attack-r-t-tire-35x13-50r24lt-112q?variantId=44974625587407,shop.app,,,,,,,440.99
eliteracefab.com,,False,R/T,285/55R20,,AMP Terrain Attack R/T Tires - LT285/55R20,1,306.0,,306.0,,9444122001576,55530715611304,https://shop.com/products/9444122001576/amp-terrain-attack-r-t-tires-lt285-55r20?variantId=55530715611304,shop.app,,,0.0,306.0,free shipping,,306.0
MOTORMIA,,False,M/T,33x14.50R22,,AMP Terrain Attack M/T Tire - 33x14.50R22LT 117Q,1,425.0,,425.0,,10469082792248,51835925692728,https://shop.com/products/10469082792248/amp-terrain-attack-m-t-tire-33x14-50r22lt-117q?variantId=51835925692728,shop.app,,,0.0,425.0,free shipping,,425.0
Gladiator Auto,,False,Terrain Attack A/T A,305/60R18,E,TERRAIN ATTACK A/T A 305/60R18 121/118R LR E 65PSI MAX - 305-6018AMP/CA3,1,297.0,,297.0,,9056631685374,47754431463678,https://shop.com/products/9056631685374/terrain-attack-a-t-a-305-60r18-121-118r-lr-e-65psi-max?variantId=47754431463678,shop.app,,,0.0,297.0,free shipping,,297.0
Complete Street Performance,,False,Terrain Attack A/T A,265/70R17,,Amp Tires 265-7017AMP/CA3 - AMP Terrain Attack A/T A Tire - LT265/70R17 121/118S,1,205.99,226.59,205.99,,9986578088214,50065225416982,https://shop.com/products/9986578088214/amp-tires-265-7017amp-ca3-amp-terrain-attack-a-t-a-tire-lt265?variantId=50065225416982,shop.app,,,,,,,205.99
Tacoma Wheels,,False,M/T,38x13.50R24,F,38x13.50R24LT Amp Tires Terrain Attack M/T Tire F Rated 12 Ply,1,616.99,678.69,616.99,,8301956858047,45151983567039,https://shop.com/products/8301956858047/38x13-50r24lt-amp-tires-terrain-attack-m-t-tire-f-rated-12-ply?variantId=45151983567039,shop.app,,,0.0,616.99,free shipping,,616.99
"Platinum High Performance Solutions, LLC.",,False,R/T,35x13.50R24,,AMP TIRES TERRAIN ATTACK R/T 35X13.50R24 E,1,440.99,,440.99,,10110048436510,51867499757854,https://shop.com/products/10110048436510/amp-tires-terrain-attack-r-t-35x13-50r24-e?variantId=51867499757854,shop.app,,,,,,,440.99
Forge USA,,False,Terrain Attack A/T A,275/55R20,,AMP Terrain Attack A/T A LT275/55R20,1,267.0,,267.0,,10122095919344,50086599721200,https://shop.com/products/10122095919344/amp-terrain-attack-a-t-a-lt275-55r20?variantId=50086599721200,shop.app,,,,,,,267.0
Tires Nation,,False,Terrain Attack A/T A,305/55R20,,Amp Terrain Attack A/T 305/55R20 121/118S Tire,1,299.0,416.43,299.0,,10464515326242,52387512582434,https://shop.com/products/10464515326242/amp-terrain-attack-a-t-305-55r20-121-118s-tire?variantId=52387512582434,shop.app,,,,,,,299.0
Flex Offroad,,False,Terrain Attack A/T A,265/50R20,E,LT265/50R20 AMP Terrain Attack A/T A (Load E),1,256.0,,256.0,,9684636205329,49267089277201,https://shop.com/products/9684636205329/lt265-50r20-amp-terrain-attack-a-t-a-load-e?variantId=49267089277201,shop.app,,,,,,,256.0
CWO,,False,Terrain Attack A/T A,285/70R17,E,LT285/70R17 Amp Tires Terrain Attack A/T 121R LRE Black Wall Tire,1,239.99,,239.99,,10122314088761,51952038904121,https://shop.com/products/10122314088761/lt285-70r17-amp-tires-terrain-attack-a-t-121r-lre-black-wall-tire?variantId=51952038904121,shop.app,,,0.0,239.99,free shipping,,239.99
Late Model Truck,,False,R/T,285/55R20,,AMP Terrain Attack R/T Tire - LT285/55R20 122/119Q,1,299.99,,299.99,,7841427194063,44974622441679,https://shop.com/products/7841427194063/amp-terrain-attack-r-t-tire-lt285-55r20-122-119q?variantId=44974622441679,shop.app,,,,,,,299.99
DNA Auto,,False,M/T,33x12.50R20,E,AMP Terrain Attack M/T 33x12.50R20 Load Range E Mud Terrain Tire,1,403.99,,403.99,,15411425313049,67627920261401,https://shop.com/products/15411425313049/amp-terrain-attack-m-t-33x12-50r20-load-range-e-mud-terrain-tire?variantId=67627920261401,shop.app,,,,,,,403.99
Gladiator Auto,,False,Terrain Attack A/T A,35x12.50R22,E,TERRAIN ATTACK A/T A 35X12.50R22 117R LR E 65PSI MAX - 35-125022AMP/CA3,1,331.0,,331.0,,9056632242430,47754430742782,https://shop.com/products/9056632242430/terrain-attack-a-t-a-35x12-50r22-117r-lr-e-65psi-max-35?variantId=47754430742782,shop.app,,,0.0,331.0,free shipping,,331.0
CWO,,False,M/T,35x12.50R20,E,35x12.50R20LT Amp Tires Terrain Attack M/T 121Q LRE Black Wall Tire,1,363.99,,363.99,,10122308452665,51952033366329,https://shop.com/products/10122308452665/35x12-50r20lt-amp-tires-terrain-attack-m-t-121q-lre-black-wall-tire?variantId=51952033366329,shop.app,,,0.0,363.99,free shipping,,363.99
Down East Offroad,,False,M/T,35x15.50R22,,AMP Terrain Attack M/T Tire - 35x15.50R22LT 125Q,1,487.0,,487.0,,14998233973108,54153007137140,https://shop.com/products/14998233973108/amp-terrain-attack-m-t-tire-35x15-50r22lt-125q?variantId=54153007137140,shop.app,,,,,,,487.0
Tires Nation,,False,Terrain Attack A/T A,305/70R18,,Amp Terrain Attack A/T A 305/70R18 126/123R Tire,1,308.0,442.82,308.0,,10465099612450,52390031851810,https://shop.com/products/10465099612450/amp-terrain-attack-a-t-a-305-70r18-126-123r-tire?variantId=52390031851810,shop.app,,,,,,,308.0
Battle Born Offroad,,False,M/T,35x15.50R22,F,22 Inch Terrain Attack M/T A 35X15.50R22 125Q LR F 95PSI Max AMP Tires,1,486.99,,486.99,,8892837101721,48849396662425,https://shop.com/products/8892837101721/22-inch-terrain-attack-m-t-a-35x15-50r22-125q-lr-f-95psi?variantId=48849396662425,shop.app,,,,,,,486.99
CWO,,False,M/T,35x13.50R26,F,35x13.50R26LT Amp Tires Terrain Attack M/T 117Q LRF Black Wall Tire,1,623.99,,623.99,,10122310582585,51952035496249,https://shop.com/products/10122310582585/35x13-50r26lt-amp-tires-terrain-attack-m-t-117q-lrf-black-wall-tire?variantId=51952035496249,shop.app,,,0.0,623.99,free shipping,,623.99
Dually Wheels,,False,R/T,33x12.50R20,,33x12.50R20LT/10 Amp Tires Terrain Attack R/T Tires Set of 6,6,2022.0,2224.2,337.0,,8350116905215,46049994866943,https://shop.com/products/8350116905215/33x12-50r20lt-10-amp-tires-terrain-attack-r-t-tires-set-of-6?variantId=46049994866943,shop.app,,,,,,,337.0
PurAuto,,False,Terrain Attack A/T A,275/55R20,,AMP Terrain Attack A/T A Tire - LT275/55R20 115/112S,1,261.99,,261.99,,8925234364590,47207254687918,https://shop.com/products/8925234364590/amp-terrain-attack-a-t-a-tire-lt275-55r20-115-112s?variantId=47207254687918,shop.app,,,,,,,261.99
Dually Wheels,,False,R/T,35x12.50R17,,35x12.50R17LT/10 Amp Tires Terrain Attack R/T Tires Set of 6,6,2112.0,2323.2,352.0,,8350116741375,46050010038527,https://shop.com/products/8350116741375/35x12-50r17lt-10-amp-tires-terrain-attack-r-t-tires-set-of-6?variantId=46050010038527,shop.app,,,,,,,352.0
Street Driven Performance,,False,Terrain Attack A/T A,305/55R20,,AMP Terrain Attack A/T A Tire - LT305/55R20 121/118S,1,242.2,293.99,242.2,,10875105116319,62579913195679,https://shop.com/products/10875105116319/amp-terrain-attack-a-t-a-tire-lt305-55r20-121-118s?variantId=62579913195679,shop.app,,,25.0,267.2,$25.00/tire (store_shipping.csv),,267.2
ATOMIC-SHOP Performance Parts & Motorsport Equipment - USA,,False,M/T,33x12.50R22,,AMP Terrain Attack M/T Tire - 33x12.50R22LT 109Q,1,336.99,,336.99,,10491625636142,51939882598702,https://shop.com/products/10491625636142/amp-terrain-attack-m-t-tire-33x12-50r22lt-109q?variantId=51939882598702,shop.app,,,,,,,336.99
Apex Offroad LLC,,False,M/T,35x12.50R20,,AMP Terrain Attack M/T Tire - 35x12.50R20LT 121Q,1,328.99,,328.99,,15255651549556,55241854419316,https://shop.com/products/15255651549556/amp-terrain-attack-m-t-tire-35x12-50r20lt-121q?variantId=55241854419316,shop.app,,,,,,,328.99
SHOPWHEELXPRESS,,False,R/T,285/70R17,,AMP Terrain Attack RT Hybrid AT/MT LT285/70R17 Tire,1,294.29,,294.29,,8509187817609,45407796134025,https://shop.com/products/8509187817609/amp-terrain-attack-rt-hybrid-at-mt-lt285-70r17-tire?variantId=45407796134025,shop.app,,,,,,,294.29
Dually Wheels,,False,R/T,33x12.50R22,,33x12.50R22LT/12 Amp Tires Terrain Attack R/T Tires Set of 6,6,2256.0,2481.6,376.0,,8350116282623,46049993457919,https://shop.com/products/8350116282623/33x12-50r22lt-12-amp-tires-terrain-attack-r-t-tires-set-of-6?variantId=46049993457919,shop.app,,,,,,,376.0
Complete Street Performance,,False,M/T,37x13.50R20,,Amp Tires 37-135020AMP/CM2 - AMP Terrain Attack M/T Tire - 37x13.50R20LT 127Q,1,453.0,498.3,453.0,,9986579169558,50065227383062,https://shop.com/products/9986579169558/amp-tires-37-135020amp-cm2-amp-terrain-attack-m-t-tire-37x13-50r20lt?variantId=50065227383062,shop.app,,,,,,,453.0
PERFORMANCE MODS,,False,Terrain Attack A/T A,275/55R20,,AMP Tires 275-5520AMP/CA3 AMP Terrain Attack A/T A Tire - LT275/55R20 115/112S,1,261.99,,261.99,,8149780365498,44920710496442,https://shop.com/products/8149780365498/amp-tires-275-5520amp-ca3-amp-terrain-attack-a-t-a-tire-lt275?variantId=44920710496442,shop.app,,,,,,,261.99
Dually Wheels,,False,R/T,37x13.50R24,,37x13.50R24LT/12 Amp Tires Terrain Attack R/T Tires Set of 6,6,3180.0,3498.0,530.0,,8350116610303,44684759400703,https://shop.com/products/8350116610303/37x13-50r24lt-12-amp-tires-terrain-attack-r-t-tires-set-of-6?variantId=44684759400703,shop.app,,,,,,,530.0
Dually Wheels,,False,R/T,35x12.50R22,,35x12.50R22LT/12 Amp Tires Terrain Attack R/T Tires Set of 6,6,2496.0,2745.6,416.0,,8350116380927,46050009448703,https://shop.com/products/8350116380927/35x12-50r22lt-12-amp-tires-terrain-attack-r-t-tires-set-of-6?variantId=46050009448703,shop.app,,,,,,,416.0
Trail Ops,,False,Terrain Attack A/T A,35x12.50R22,E,AMP Terrain Attack A/T A Tire 35x12.50R22LT Load E,1,331.0,,331.0,,9212945563887,47515238793455,https://shop.com/products/9212945563887/amp-terrain-attack-a-t-a-tire-35x12-50r22lt-load-e?variantId=47515238793455,shop.app,,,,,,,331.0
CWO,,False,M/T,33x12.50R20,E,33x12.50R20LT Amp Tires Terrain Attack M/T 114Q LRE Black Wall Tire,1,351.99,,351.99,,10122314907961,51952039559481,https://shop.com/products/10122314907961/33x12-50r20lt-amp-tires-terrain-attack-m-t-114q-lre-black-wall-tire?variantId=51952039559481,shop.app,,,0.0,351.99,free shipping,,351.99
Tacoma Wheels,,False,Terrain Attack A/T A,265/70R17,E,LT265/70R17 Amp Tires Terrain Attack A/T Tire E Rated 10 Ply,1,205.99,226.59,205.99,,8301954138303,45151980650687,https://shop.com/products/8301954138303/lt265-70r17-amp-tires-terrain-attack-a-t-tire-e-rated-10-ply?variantId=45151980650687,shop.app,,,0.0,205.99,free shipping,,205.99
eliteracefab.com,,False,R/T,33x12.50R20,,AMP Terrain Attack R/T Tires - 33x12.50R20LT,1,337.0,,337.0,,9444123476136,55530722132136,https://shop.com/products/9444123476136/amp-terrain-attack-r-t-tires-33x12-50r20lt?variantId=55530722132136,shop.app,,,0.0,337.0,free shipping,,337.0
Battle Born Offroad,,False,Terrain Attack A/T A,305/70R18,E,18 Inch Terrain Attack A/T A 305/70R18 126/123R LR E 65PSI Max AMP Tires,1,307.99,,307.99,,8858026934425,48702157226137,https://shop.com/products/8858026934425/18-inch-terrain-attack-a-t-a-305-70r18-126-123r-lr-e?variantId=48702157226137,shop.app,,,,,,,307.99
Complete Street Performance,,False,M/T,35x11.50R20,,Amp Tires 35-115020AMP/CM2 - AMP Terrain Attack M/T Tire - 35X11.50R20LT 124Q,1,343.99,378.39,343.99,,9986578972950,50065227153686,https://shop.com/products/9986578972950/amp-tires-35-115020amp-cm2-amp-terrain-attack-m-t-tire-35x11-50r20lt?variantId=50065227153686,shop.app,,,,,,,343.99
MOTORMIA,,False,M/T,305/55R20,,AMP Terrain Attack M/T Tire - LT305/55R20 121/118Q,1,337.0,,337.0,,10468898701624,51835741733176,https://shop.com/products/10468898701624/amp-terrain-attack-m-t-tire-lt305-55r20-121-118q?variantId=51835741733176,shop.app,,,0.0,337.0,free shipping,,337.0
Dually Wheels,,False,R/T,35x13.50R24,,35x13.50R24LT/12 Amp Tires Terrain Attack R/T Tires Set of 6,6,2796.0,3075.6,466.0,,8350116479231,46049835974911,https://shop.com/products/8350116479231/35x13-50r24lt-12-amp-tires-terrain-attack-r-t-tires-set-of-6?variantId=46049835974911,shop.app,,,,,,,466.0
Piezas del centro Auto Parts,,False,R/T,35x12.50R22,,AMP Terrain Attack R/T Tire - 35X12.50R22LT 117Q,1,367.99,,367.99,,8940420268209,46573490307249,https://shop.com/products/8940420268209/amp-terrain-attack-r-t-tire-35x12-50r22lt-117q?variantId=46573490307249,shop.app,,,,,,,367.99
Tuning4 Auto Parts,,False,M/T,38x13.50R24,,AMP Terrain Attack M/T Tire - 38x13.50R24LT 127Q,1,616.99,,616.99,,9969441866041,51122807669049,https://shop.com/products/9969441866041/amp-terrain-attack-m-t-tire-38x13-50r24lt-127q?variantId=51122807669049,shop.app,,,,,,,616.99
Battle Born Offroad,,False,M/T,37x13.50R24,E,24 Inch Terrain Attack M/T A 37X13.50R24 120Q LR E 65PSI Max AMP Tires,1,487.99,,487.99,,8892837068953,48849396629657,https://shop.com/products/8892837068953/24-inch-terrain-attack-m-t-a-37x13-50r24-120q-lr-e-65psi?variantId=48849396629657,shop.app,,,,,,,487.99
Gladiator Auto,,False,Terrain Attack A/T A,305/40R22,XL,TERRAIN ATTACK A/T A 305/40R22 114S XL 50PSI MAX - 305-4022AMP/CA3,1,277.0,,277.0,,9056631259390,47754431889662,https://shop.com/products/9056631259390/terrain-attack-a-t-a-305-40r22-114s-xl-50psi-max-305-4022amp?variantId=47754431889662,shop.app,,,0.0,277.0,free shipping,,277.0
Tacoma Wheels,,False,Terrain Attack A/T A,305/60R18,E,LT305/60R18 Amp Tires Terrain Attack A/T Tire E Rated 10 Ply,1,291.99,321.19,291.99,,8301955186879,45151981830335,https://shop.com/products/8301955186879/lt305-60r18-amp-tires-terrain-attack-a-t-tire-e-rated-10-ply?variantId=45151981830335,shop.app,,,0.0,291.99,free shipping,,291.99
Battle Born Offroad,,False,Terrain Attack A/T A,265/50R20,E,20 Inch Terrain Attack A/T A 265/50R20 115/112S LR E 80PSI Max AMP Tires,1,255.99,,255.99,,8857994854553,48701313974425,https://shop.com/products/8857994854553/20-inch-terrain-attack-a-t-a-265-50r20-115-112s-lr-e?variantId=48701313974425,shop.app,,,,,,,255.99
Mach Yeti Racing,,False,R/T,37x13.50R24,,AMP Terrain Attack R/T Tire - 37X13.50R24LT 124Q,1,503.99,,503.99,,9799004454996,45266131615828,https://shop.com/products/9799004454996/amp-terrain-attack-r-t-tire-37x13-50r24lt-124q?variantId=45266131615828,shop.app,,,,,,,503.99
Dually Wheels,,False,R/T,37x13.50R24,,37x13.50R24LT/10 Amp Tires Terrain Attack R/T Tires Set of 6,6,3054.0,3359.4,509.0,,8350116708607,44684759564543,https://shop.com/products/8350116708607/37x13-50r24lt-10-amp-tires-terrain-attack-r-t-tires-set-of-6?variantId=44684759564543,shop.app,,,,,,,509.0
eliteracefab.com,,False,M/T,37x13.50R20,,AMP Mud Terrain Attack M/T A Tires - 37x13.50R20LT,1,453.0,,453.0,,9444125409448,55530730815656,https://shop.com/products/9444125409448/amp-mud-terrain-attack-m-t-a-tires-37x13-50r20lt?variantId=55530730815656,shop.app,,,0.0,453.0,free shipping,,453.0
Dually Wheels,,False,M/T,35x12.50R17,,35x12.50R17LT/10 Amp Tires Terrain Attack M/T Tires Set of 6,6,2220.0,2442.0,370.0,,7916248531199,46050003615999,https://shop.com/products/7916248531199/35x12-50r17lt-10-amp-tires-terrain-attack-m-t-tires-set-of-6?variantId=46050003615999,shop.app,,,,,,,370.0
Mach Yeti Racing,,False,R/T,305/55R20,,AMP Terrain Attack R/T Tire - LT305/55R20 125/122Q,1,343.99,,343.99,,9798989217876,45266113888340,https://shop.com/products/9798989217876/amp-terrain-attack-r-t-tire-lt305-55r20-125-122q?variantId=45266113888340,shop.app,,,,,,,343.99
Trail Ops,,False,M/T,38x13.50R24,F,AMP Terrain Attack M/T 38x13.50R24LT Load F Tire,1,649.0,,649.0,,9204445970671,47418204913903,https://shop.com/products/9204445970671/amp-terrain-attack-m-t-38x13-50r24lt-load-f-tire?variantId=47418204913903,shop.app,,,,,,,649.0
Mach Yeti Racing,,False,R/T,33x12.50R22,,AMP Terrain Attack R/T Tire - 33X12.50R22LT 109Q,1,336.99,,336.99,,9798993150036,45266118705236,https://shop.com/products/9798993150036/amp-terrain-attack-r-t-tire-33x12-50r22lt-109q?variantId=45266118705236,shop.app,,,,,,,336.99
Battle Born Offroad,,False,Terrain Attack A/T A,305/55R20,E,20 Inch Terrain Attack A/T A 305/55R20 121/118S LR E 65PSI Max AMP Tires,1,293.99,,293.99,,8858035912857,48702411112601,https://shop.com/products/8858035912857/20-inch-terrain-attack-a-t-a-305-55r20-121-118s-lr-e?variantId=48702411112601,shop.app,,,,,,,293.99
Tires Nation,,False,R/T,265/70R17,,Amp Terrain Attack R/T 265/70R17 113T Tire,1,193.99,277.2,193.99,,10464514113826,52387512287522,https://shop.com/products/10464514113826/amp-terrain-attack-r-t-265-70r17-113t-tire?variantId=52387512287522,shop.app,,,,,,,193.99
Mach Yeti Racing,,False,M/T,33x13.50R24,,AMP Terrain Attack M/T Tire - 33x13.50R24LT 121Q,1,391.99,,391.99,,9798994165844,45266120212564,https://shop.com/products/9798994165844/amp-terrain-attack-m-t-tire-33x13-50r24lt-121q?variantId=45266120212564,shop.app,,,,,,,391.99
PETER'S CAR PARTS,,False,M/T,33x13.50R24,,AMP Terrain Attack M/T Tire - 33x13.50R24LT 121Q,1,392.1,,392.1,,9835709890866,49988691755314,https://shop.com/products/9835709890866/amp-terrain-attack-m-t-tire-33x13-50r24lt-121q?variantId=49988691755314,shop.app,,,,,,,392.1
Dually Wheels,,False,R/T,35x12.50R20,,35x12.50R20LT/12 Amp Tires Terrain Attack R/T Tires Set of 6,6,2232.0,2455.2,372.0,,8350116118783,46050007417087,https://shop.com/products/8350116118783/35x12-50r20lt-12-amp-tires-terrain-attack-r-t-tires-set-of-6?variantId=46050007417087,shop.app,,,,,,,372.0
Complete Street Performance,,False,M/T,305/55R20,,Amp Tires 305-5520AMP/CM2 - AMP Terrain Attack M/T Tire - LT305/55R20 121/118Q,1,337.0,370.7,337.0,,9986578120982,50065225449750,https://shop.com/products/9986578120982/amp-tires-305-5520amp-cm2-amp-terrain-attack-m-t-tire-lt305-55r20?variantId=50065225449750,shop.app,,,,,,,337.0
GE Tires Online Inc,,False,M/T,33x13.50R24,,AMP Mud Terrain Attack M-T A 33X13.5R24,1,534.59,,534.59,,10325002551576,52356359356696,https://shop.com/products/10325002551576/amp-mud-terrain-attack-m-t-a-33x13-5r24?variantId=52356359356696,shop.app,,,0.0,534.59,free shipping,,534.59
Battle Born Offroad,,False,M/T,38x15.50R24,E,24 Inch Terrain Attack M/T A 38X15.50R24 127Q LR E 65PSI Max AMP Tires,1,666.99,,666.99,,8892838248601,48849397809305,https://shop.com/products/8892838248601/24-inch-terrain-attack-m-t-a-38x15-50r24-127q-lr-e-65psi?variantId=48849397809305,shop.app,,,,,,,666.99
Dually Wheels,,False,M/T,33x12.50R22,,33x12.50R22LT/10 Amp Tires Terrain Attack M/T Tires Set of 6,6,2124.0,2336.4,354.0,,7916248105215,46049271480575,https://shop.com/products/7916248105215/33x12-50r22lt-10-amp-tires-terrain-attack-m-t-tires-set-of-6?variantId=46049271480575,shop.app,,,,,,,354.0
Legends Auto Parts,,False,R/T,35x12.50R22,,AMP Terrain Attack RT 35x12.50R22LT,1,519.99,,519.99,,8748711346435,45925438587139,https://shop.com/products/8748711346435/amp-terrain-attack-rt-35x12-50r22lt?variantId=45925438587139,shop.app,,,,,,,519.99
MOTORMIA,,False,M/T,285/65R18,,AMP Terrain Attack M/T Tire - LT285/65R18 125/122Q,1,329.0,,329.0,,10468992450872,51835835253048,https://shop.com/products/10468992450872/amp-terrain-attack-m-t-tire-lt285-65r18-125-122q?variantId=51835835253048,shop.app,,,0.0,329.0,free shipping,,329.0
MOTORMIA,,False,Terrain Attack A/T A,33x12.50R20,E,AMP TERRAIN ATTACK M T A 33X12.50R20 114Q LR E 65PSI MAX 33-125020AMP CM2,1,326.0,,326.0,,10816572424504,52782148485432,https://shop.com/products/10816572424504/amp-terrain-attack-m-t-a-33x12-50r20-114q-lr-e-65psi-max?variantId=52782148485432,shop.app,,,0.0,326.0,free shipping,,326.0
Battle Born Offroad,,False,R/T,35x12.50R20,E,20 Inch 35X12.50R20LT Terrain Attack R/T 121Q LR E AMP Tires,1,334.99,,334.99,,8892837331097,48849396891801,https://shop.com/products/8892837331097/20-inch-35x12-50r20lt-terrain-attack-r-t-121q-lr-e-amp-tires?variantId=48849396891801,shop.app,,,,,,,334.99
Battle Born Offroad,,False,R/T,35x12.50R17,E,17 Inch 35X12.50R17LT Terrain Attack R/T 125Q LR E AMP Tires,1,344.99,,344.99,,8892836741273,48849396301977,https://shop.com/products/8892836741273/17-inch-35x12-50r17lt-terrain-attack-r-t-125q-lr-e-amp-tires?variantId=48849396301977,shop.app,,,,,,,344.99
Battle Born Offroad,,False,R/T,285/70R17,C,17 Inch LT285/70R17 Terrain Attack R/T 116/113Q LR C AMP Tires,1,251.99,,251.99,,8892836446361,48849396007065,https://shop.com/products/8892836446361/17-inch-lt285-70r17-terrain-attack-r-t-116-113q-lr-c-amp?variantId=48849396007065,shop.app,,,,,,,251.99
Pure Auto Performance,,False,Terrain Attack A/T A,275/55R20,,AMP Terrain Attack A/T A Tire - LT275/55R20 115/112S,1,261.99,,261.99,,10025377300787,52837592236339,https://shop.com/products/10025377300787/amp-terrain-attack-a-t-a-tire-lt275-55r20-115-112s?variantId=52837592236339,shop.app,,,,,,,261.99
PETER'S CAR PARTS,,False,M/T,38x15.50R24,,AMP Terrain Attack M/T Tire - 38X15.50R24LT 127Q,1,667.17,,667.17,,9835710939442,49988694081842,https://shop.com/products/9835710939442/amp-terrain-attack-m-t-tire-38x15-50r24lt-127q?variantId=49988694081842,shop.app,,,,,,,667.17
Battle Born Offroad,,False,Terrain Attack A/T A,35x12.50R22,E,22 Inch Terrain Attack A/T A 35X12.50R22 117R LR E 65PSI Max AMP Tires,1,314.99,,314.99,,8857970901145,48700742598809,https://shop.com/products/8857970901145/22-inch-terrain-attack-a-t-a-35x12-50r22-117r-lr-e-65psi?variantId=48700742598809,shop.app,,,,,,,314.99
Battle Born Offroad,,False,R/T,35x13.50R24,E,24 Inch 35X13.50R24LT Terrain Attack R/T 112Q LR E AMP Tires,1,440.99,,440.99,,8892838215833,48849397776537,https://shop.com/products/8892838215833/24-inch-35x13-50r24lt-terrain-attack-r-t-112q-lr-e-amp-tires?variantId=48849397776537,shop.app,,,,,,,440.99
Battle Born Offroad,,False,M/T,33x12.50R22,E,22 Inch Terrain Attack M/T A 33X12.50R22 109Q LR E 65PSI Max AMP Tires,1,336.99,,336.99,,8892836774041,48849396334745,https://shop.com/products/8892836774041/22-inch-terrain-attack-m-t-a-33x12-50r22-109q-lr-e-65psi?variantId=48849396334745,shop.app,,,,,,,336.99
Tires Nation,,False,M/T,325/50R22,,Amp Terrain Attack M/T 325/50R22 122Q Tire,1,459.0,562.66,459.0,,10464991248674,52389507629346,https://shop.com/products/10464991248674/amp-terrain-attack-m-t-325-50r22-122q-tire?variantId=52389507629346,shop.app,,,,,,,459.0
Battle Born Offroad,,False,R/T,33x12.50R22,E,22 Inch 33X12.50R22LT Terrain Attack R/T 109Q LR E AMP Tires,1,336.99,,336.99,,8892838674585,48849398235289,https://shop.com/products/8892838674585/22-inch-33x12-50r22lt-terrain-attack-r-t-109q-lr-e-amp-tires?variantId=48849398235289,shop.app,,,,,,,336.99
Battle Born Offroad,,False,R/T,33x12.50R22,F,22 Inch 33X12.50R22LT Terrain Attack R/T 114Q LR F AMP Tires,1,357.99,,357.99,,8892838740121,48849398300825,https://shop.com/products/8892838740121/22-inch-33x12-50r22lt-terrain-attack-r-t-114q-lr-f-amp-tires?variantId=48849398300825,shop.app,,,,,,,357.99
Battle Born Offroad,,False,M/T,37x12.50R22,F,22 Inch Terrain Attack M/T A 37X12.50R22 127Q LR F 80PSI Max AMP Tires,1,449.99,,449.99,,8892837757081,48849397547161,https://shop.com/products/8892837757081/22-inch-terrain-attack-m-t-a-37x12-50r22-127q-lr-f-80psi?variantId=48849397547161,shop.app,,,,,,,449.99
Apex Offroad LLC,,False,Terrain Pro A/T P,35x12.50R24,,AMP Terrain Pro A/T Tire - 35X12.50R24LT 116R,1,376.99,,376.99,,15319919886708,56163818766708,https://shop.com/products/15319919886708/amp-terrain-pro-a-t-tire-35x12-50r24lt-116r?variantId=56163818766708,shop.app,,,,,,,376.99
MOTORMIA,,False,Terrain Pro A/T P,285/70R17,,AMP Terrain Pro A/T Tire - LT285/70R17 121/118R,1,241.0,,241.0,,10468994941240,51835837743416,https://shop.com/products/10468994941240/amp-terrain-pro-a-t-tire-lt285-70r17-121-118r?variantId=51835837743416,shop.app,,,0.0,241.0,free shipping,,241.0
Mach Yeti Racing,,False,Terrain Pro A/T P,275/65R20,,AMP Terrain Pro A/T Tire - LT275/65R20 126/123S,1,291.99,,291.99,,9798981386324,45266105270356,https://shop.com/products/9798981386324/amp-terrain-pro-a-t-tire-lt275-65r20-126-123s?variantId=45266105270356,shop.app,,,,,,,291.99
MOTORMIA,,False,Terrain Pro A/T P,285/55R20,,AMP Terrain Pro A/T Tire - LT285/55R20 122/119S,1,256.0,,256.0,,10469012111672,51835854979384,https://shop.com/products/10469012111672/amp-terrain-pro-a-t-tire-lt285-55r20-122-119s?variantId=51835854979384,shop.app,,,0.0,256.0,free shipping,,256.0
TruckStoreOnline.com,,False,Terrain Attack A/T A,35x12.50R18,XL,AMP Tires 2025 Ford F-250 Super Duty XL AMP Terrain Attack M Tire 35x12.50R18LT 123Q,1,380.99,,380.99,,15115332616556,53718391128428,https://shop.com/products/15115332616556/amp-tires-2025-ford-f-250-super-duty-xl-amp-terrain-attack-m?variantId=53718391128428,shop.app,,,107.0,487.99,$107.00/tire (store_shipping.csv),,487.99
MOTORMIA,,False,Terrain Pro A/T P,275/60R20,,AMP Terrain Pro A/T Tire - LT275/60R20 123/120S,1,271.0,,271.0,,10468949033272,51835791900984,https://shop.com/products/10468949033272/amp-terrain-pro-a-t-tire-lt275-60r20-123-120s?variantId=51835791900984,shop.app,,,0.0,271.0,free shipping,,271.0
Battle Born Offroad,,False,Terrain Pro A/T P,275/55R20,D,20 Inch Terrain Pro A/T P LT275/55R20 115/112S LR D 65PSI Max AMP Tires,1,240.99,,240.99,,8858117570713,48703952027801,https://shop.com/products/8858117570713/20-inch-terrain-pro-a-t-p-lt275-55r20-115-112s-lr-d?variantId=48703952027801,shop.app,,,,,,,240.99
MOTORMIA,,False,Terrain Pro A/T P,265/60R20,,AMP Terrain Pro A/T Tire - LT265/60R20 121/118S,1,277.0,,277.0,,10468926619960,51835769389368,https://shop.com/products/10468926619960/amp-terrain-pro-a-t-tire-lt265-60r20-121-118s?variantId=51835769389368,shop.app,,,0.0,277.0,free shipping,,277.0
MOTORMIA,,False,Terrain Attack A/T A,265/70R17,E,TWG TERRAIN ATTACK A/T A 265/70R17 121/118S LR E 80PSI MAX,1,210.0,,210.0,,10629204148536,52118398402872,https://shop.com/products/10629204148536/twg-terrain-attack-a-t-a-265-70r17-121-118s-lr-e-80psi?variantId=52118398402872,shop.app,,,0.0,210.0,free shipping,,210.0
MOTORMIA,,False,R/T,35x12.50R20,,35X12.50R20LT TERRAIN ATTACK R/T 12,1,352.0,,352.0,,10643312738616,52132775067960,https://shop.com/products/10643312738616/35x12-50r20lt-terrain-attack-r-t-12?variantId=52132775067960,shop.app,,,0.0,352.0,free shipping,,352.0
MOTORMIA,,False,R/T,33x12.50R20,,33X12.50R20LT TERRAIN ATTACK R/T 11,1,337.0,,337.0,,10635396022584,52124682682680,https://shop.com/products/10635396022584/33x12-50r20lt-terrain-attack-r-t-11?variantId=52124682682680,shop.app,,,0.0,337.0,free shipping,,337.0
MOTORMIA,,False,Terrain Attack A/T A,275/55R20,D,TWG TERRAIN ATTACK A/T A 275/55R20 115/112S LR D 65PSI MAX,1,267.0,,267.0,,10632465645880,52121665831224,https://shop.com/products/10632465645880/twg-terrain-attack-a-t-a-275-55r20-115-112s-lr-d-65psi?variantId=52121665831224,shop.app,,,0.0,267.0,free shipping,,267.0
MOTORMIA,,False,R/T,33x12.50R22,,33X12.50R22LT TERRAIN ATTACK R/T 11,1,376.0,,376.0,,10636066750776,52125355311416,https://shop.com/products/10636066750776/33x12-50r22lt-terrain-attack-r-t-11?variantId=52125355311416,shop.app,,,0.0,376.0,free shipping,,376.0
eliteracefab.com,,False,Terrain Attack A/T A,37x12.50R20,,AMP Terrain Attack A/T A Tires - 37x12.50R20LT,1,369.0,,369.0,,9444125278376,55530730193064,https://shop.com/products/9444125278376/amp-terrain-attack-a-t-a-tires-37x12-50r20lt?variantId=55530730193064,shop.app,,,0.0,369.0,free shipping,,369.0
Street Driven Performance,,False,Terrain Attack A/T A,285/70R17,,AMP Terrain Attack A/T A Tire - LT285/70R17 121/118R,1,197.24,220.99,197.24,,10875104886943,62579912540319,https://shop.com/products/10875104886943/amp-terrain-attack-a-t-a-tire-lt285-70r17-121-118r?variantId=62579912540319,shop.app,,,25.0,222.24,$25.00/tire (store_shipping.csv),,222.24
Street Driven Performance,,False,Terrain Attack A/T A,305/40R22,,AMP Terrain Attack A/T A Tire - 305/40R22 114S,1,224.38,268.99,224.38,,10875105050783,62579912999071,https://shop.com/products/10875105050783/amp-terrain-attack-a-t-a-tire-305-40r22-114s?variantId=62579912999071,shop.app,,,25.0,249.38,$25.00/tire (store_shipping.csv),,249.38
Street Driven Performance,,False,M/T,37x13.50R24,,AMP Terrain Attack M/T Tire - 37x13.50R24LT 120Q,1,392.45,487.99,392.45,,10875106558111,62579916308639,https://shop.com/products/10875106558111/amp-terrain-attack-m-t-tire-37x13-50r24lt-120q?variantId=62579916308639,shop.app,,,25.0,417.45,$25.00/tire (store_shipping.csv),,417.45
eliteracefab.com,,False,M/T,38x13.50R24,,AMP Mud Terrain Attack M/T A Tires - 38x13.50R24LT,1,649.0,,649.0,,9444125868200,55530733043880,https://shop.com/products/9444125868200/amp-mud-terrain-attack-m-t-a-tires-38x13-50r24lt?variantId=55530733043880,shop.app,,,0.0,649.0,free shipping,,649.0
Tires Nation,,False,Terrain Attack A/T A,265/50R20,,Amp Terrain Attack A/T 265/50R20 115/112S Tire,1,256.0,368.22,256.0,,10464514277666,52387512353058,https://shop.com/products/10464514277666/amp-terrain-attack-a-t-265-50r20-115-112s-tire?variantId=52387512353058,shop.app,,,,,,,256.0
Tacoma Wheels,,False,M/T,33x12.50R20,E,33x12.50R20LT Amp Tires Terrain Attack M/T Tire E Rated 10 Ply,1,309.99,340.99,309.99,,8301955449023,45151982092479,https://shop.com/products/8301955449023/33x12-50r20lt-amp-tires-terrain-attack-m-t-tire-e-rated-10-ply?variantId=45151982092479,shop.app,,,0.0,309.99,free shipping,,309.99
MSV Racing,,False,Terrain Attack A/T A,265/70R17,,AMP Terrain Attack A/T A Tire - LT265/70R17 121/118S,1,205.99,,205.99,,8663177429145,46196037845145,https://shop.com/products/8663177429145/amp-terrain-attack-a-t-a-tire-lt265-70r17-121-118s?variantId=46196037845145,shop.app,,,,,,,205.99
Quadratec,,False,Terrain Attack A/T A,33x12.50R22,,Terrain Attack A/TA Tire 33x12.50x22,1,302.99,,302.99,,9127737655554,46804146389250,https://shop.com/products/9127737655554/terrain-attack-a-ta-tire-33x12-50x22?variantId=46804146389250,shop.app,,,0.0,302.99,free shipping,,302.99
Next Level Performance,,False,Terrain Attack A/T A,275/55R20,,AMP Terrain Attack A/T A Tire - LT275/55R20 115/112S,1,261.99,,261.99,,9562142474391,47624123678871,https://shop.com/products/9562142474391/amp-terrain-attack-a-t-a-tire-lt275-55r20-115-112s?variantId=47624123678871,shop.app,,,20.0,281.99,$20.00/tire (store_shipping.csv),,281.99
Venum Wheel Accessories,,False,M/T,37x13.50R26,F,AMP Mud Terrain Attack M/T A Tires 37 x 13.5 x 26 12 Ply,1,520.0,,520.0,,8458629284136,45954972057896,https://shop.com/products/8458629284136/amp-mud-terrain-attack-m-t-a-tires-37-x-13-5-x?variantId=45954972057896,shop.app,,,,,,,520.0
Quadratec,,False,Terrain Attack A/T A,35x12.50R22,,Terrain Attack A/TA Tire 35x12.50x22,1,314.99,,314.99,,9127737852162,46804146553090,https://shop.com/products/9127737852162/terrain-attack-a-ta-tire-35x12-50x22?variantId=46804146553090,shop.app,,,0.0,314.99,free shipping,,314.99
Quadratec,,False,M/T,37x12.50R17,,Terrain Attack M/TA 37x12.50x17,1,402.99,,402.99,,9127737753858,46804146454786,https://shop.com/products/9127737753858/terrain-attack-m-ta-37x12-50x17?variantId=46804146454786,shop.app,,,0.0,402.99,free shipping,,402.99
EZ Wheeler,,False,Terrain Pro A/T P,35x12.50R20,E,TERRAIN PRO A/T P 35X12.50R20LT 121S LR E 65PSI MAX,1,299.0,,299.0,,8787160891625,47887586918633,https://shop.com/products/8787160891625/terrain-pro-a-t-p-35x12-50r20lt-121s-lr-e-65psi-max?variantId=47887586918633,shop.app,,,,,,,299.0
Tires Nation,,False,Terrain Attack A/T A,315/70R17,,Amp Terrain Attack A/T 315/70R17 121/118R Tire,1,287.0,443.45,287.0,,10464514867490,52387512516898,https://shop.com/products/10464514867490/amp-terrain-attack-a-t-315-70r17-121-118r-tire?variantId=52387512516898,shop.app,,,,,,,287.0
Quadratec,,False,M/T,37x13.50R20,,Terrain Attack M/TA 37X13.50X20,1,452.99,,452.99,,9127737917698,46804146618626,https://shop.com/products/9127737917698/terrain-attack-m-ta-37x13-50x20?variantId=46804146618626,shop.app,,,0.0,452.99,free shipping,,452.99
TryBeepbeep,,False,Terrain Attack A/T A,305/55R20,E,AMP Terrain Attack A/T A 305/55R20 121/118S E/10 Ply Tire,1,293.99,,293.99,,10125594165530,51707326791962,https://shop.com/products/10125594165530/amp-terrain-attack-a-t-a-305-55r20-121-118s-e-10-ply?variantId=51707326791962,shop.app,,,0.0,293.99,free shipping,,293.99
Quadratec,,False,M/T,33x12.50R20,,Terrain Attack M/TA 33X12.50X20,1,309.99,,309.99,,9127738212610,46804147175682,https://shop.com/products/9127738212610/terrain-attack-m-ta-33x12-50x20?variantId=46804147175682,shop.app,,,0.0,309.99,free shipping,,309.99
Street Driven Performance,,False,M/T,37x13.50R28,,AMP Terrain Attack M/T Tire - 37X13.50R28LT 114Q,1,766.66,858.99,766.66,,10875106689183,62579916538015,https://shop.com/products/10875106689183/amp-terrain-attack-m-t-tire-37x13-50r28lt-114q?variantId=62579916538015,shop.app,,,25.0,791.66,$25.00/tire (store_shipping.csv),,791.66
Tires Nation,,False,Terrain Attack A/T A,285/70R17,,Amp Terrain Attack A/T A 285/70R17 121/118R Tire,1,221.0,334.57,221.0,,10463914426658,52384984793378,https://shop.com/products/10463914426658/amp-terrain-attack-a-t-a-285-70r17-121-118r-tire?variantId=52384984793378,shop.app,,,,,,,221.0
SHOPWHEELXPRESS,,False,R/T,33x12.50R22,,AMP Terrain Attack RT Hybrid AT/MT 33x12.50R22LT Tire,1,354.0,,354.0,,8509368107145,45408405782665,https://shop.com/products/8509368107145/amp-terrain-attack-rt-hybrid-at-mt-33x12-50r22lt-tire?variantId=45408405782665,shop.app,,,,,,,354.0
FR SPORT,,False,Terrain Pro A/T P,33x12.50R24,,AMP Tires AMP Terrain Pro A/T Tire - 33x12.50R24LT 106R 33-125024AMP/CA2F,1,350.99,,350.99,,8881866113176,47391138447512,https://shop.com/products/8881866113176/amp-tires-amp-terrain-pro-a-t-tire-33x12-50r24lt-106r-33-125024amp?variantId=47391138447512,shop.app,,,,,,,350.99
Renegade Speed by Renegade Racing & Performance,,False,M/T,38x13.50R24,,AMP Tires Terrain Attack M/T Tire - 38x13.50R24LT 127Q for Off-Road and On-Road Performance,1,616.99,,616.99,,11068222013713,53601862385937,https://shop.com/products/11068222013713/amp-tires-terrain-attack-m-t-tire-38x13-50r24lt-127q-for-off-road?variantId=53601862385937,shop.app,,,,,,,616.99
Next Level Performance,,False,R/T,35x12.50R22,,AMP Terrain Attack R/T Tire - 35X12.50R22LT 117Q,1,367.99,,367.99,,9562143916183,47624125939863,https://shop.com/products/9562143916183/amp-terrain-attack-r-t-tire-35x12-50r22lt-117q?variantId=47624125939863,shop.app,,,20.0,387.99,$20.00/tire (store_shipping.csv),,387.99
TryBeepbeep,,False,Terrain Attack A/T A,285/70R17,E,Terrain Attack A/T A AMP 285/70R17 121/118R E/10 Ply Tire,1,220.99,,220.99,,10125594001690,51707326071066,https://shop.com/products/10125594001690/terrain-attack-a-t-a-amp-285-70r17-121-118r-e-10-ply?variantId=51707326071066,shop.app,,,0.0,220.99,free shipping,,220.99
Tacoma Wheels,,False,Terrain Attack A/T A,305/70R18,E,LT305/70R18 Amp Tires Terrain Attack A/T Tire E Rated 10 Ply,1,307.99,338.79,307.99,,8301955219647,45151981863103,https://shop.com/products/8301955219647/lt305-70r18-amp-tires-terrain-attack-a-t-tire-e-rated-10-ply?variantId=45151981863103,shop.app,,,0.0,307.99,free shipping,,307.99
MOTORMIA,,False,Terrain Pro A/T P,265/70R17,,AMP Terrain Pro A/T Tire - LT265/70R17 121/118S,1,221.0,,221.0,,10468906369336,51835749138744,https://shop.com/products/10468906369336/amp-terrain-pro-a-t-tire-lt265-70r17-121-118s?variantId=51835749138744,shop.app,,,0.0,221.0,free shipping,,221.0
SHOPWHEELXPRESS,,False,R/T,35x12.50R20,,AMP Terrain Attack RT Hybrid AT/MT 35x12.50R20LT Tire,1,352.38,,352.38,,8508679291017,45406756995209,https://shop.com/products/8508679291017/amp-terrain-attack-rt-hybrid-at-mt-35x12-50r20lt-tire?variantId=45406756995209,shop.app,,,,,,,352.38
TryBeepbeep,,False,Terrain Attack A/T A,285/55R20,E,Terrain Attack AMP 285/55R20 A/T A 122/119S E/10 Ply Tire,1,260.99,,260.99,,10125593772314,51707325120794,https://shop.com/products/10125593772314/terrain-attack-amp-285-55r20-a-t-a-122-119s-e-10-ply?variantId=51707325120794,shop.app,,,0.0,260.99,free shipping,,260.99
Quadratec,,False,Terrain Attack A/T A,265/70R17,,AMP ATTACK A/T 265/70R17 TIRE,1,205.99,,205.99,,9127736901890,46804145570050,https://shop.com/products/9127736901890/amp-attack-a-t-265-70r17-tire?variantId=46804145570050,shop.app,,,0.0,205.99,free shipping,,205.99
FI Performance,,False,M/T,37x13.50R28,,AMP Terrain Attack M/T Tire - 37X13.50R28LT 114Q,1,859.0,,859.0,,10653748854924,61739775099020,https://shop.com/products/10653748854924/amp-terrain-attack-m-t-tire-37x13-50r28lt-114q?variantId=61739775099020,shop.app,,,,,,,859.0
eliteracefab.com,,False,M/T,35x11.50R20,,AMP Mud Terrain Attack M/T A Tires - 35x11.50R20LT,1,351.0,,351.0,,9444123967656,55530724294824,https://shop.com/products/9444123967656/amp-mud-terrain-attack-m-t-a-tires-35x11-50r20lt?variantId=55530724294824,shop.app,,,0.0,351.0,free shipping,,351.0
Quadratec,,False,Terrain Attack A/T A,285/70R17,,AMP ATTACK A/T 285/70R17 TIRE,1,220.99,,220.99,,9127737032962,46804145635586,https://shop.com/products/9127737032962/amp-attack-a-t-285-70r17-tire?variantId=46804145635586,shop.app,,,0.0,220.99,free shipping,,220.99
Quadratec,,False,Terrain Attack A/T A,315/70R17,,AMP ATTACK A/T 315/70R17 TIRE,1,286.99,,286.99,,9127737131266,46804145832194,https://shop.com/products/9127737131266/amp-attack-a-t-315-70r17-tire?variantId=46804145832194,shop.app,,,0.0,286.99,free shipping,,286.99
Complete Street Performance,,False,Terrain Attack A/T A,305/70R18,,Amp Tires 305-7018AMP/CA3 - AMP Terrain Attack A/T A Tire - LT305/70R18 126/123R,1,308.0,338.8,308.0,,9986579431702,50065227677974,https://shop.com/products/9986579431702/amp-tires-305-7018amp-ca3-amp-terrain-attack-a-t-a-tire-lt305?variantId=50065227677974,shop.app,,,,,,,308.0
Quadratec,,False,M/T,37x13.50R22,,Terrain Attack M/TA 37X13.50X22,1,468.99,,468.99,,9127738147074,46804146815234,https://shop.com/products/9127738147074/terrain-attack-m-ta-37x13-50x22?variantId=46804146815234,shop.app,,,0.0,468.99,free shipping,,468.99
Street Driven Performance,,False,Terrain Pro A/T P,295/65R20,,AMP Terrain Pro A/T Tire - LT295/65R20 129/126R,1,270.56,318.99,270.56,,10875104985247,62579912835231,https://shop.com/products/10875104985247/amp-terrain-pro-a-t-tire-lt295-65r20-129-126r?variantId=62579912835231,shop.app,,,25.0,295.56,$25.00/tire (store_shipping.csv),,295.56
Street Driven Performance,,False,M/T,38x15.50R26,,AMP Terrain Attack M/T Tire - 38X15.50R26LT 126P,1,573.76,712.99,573.76,,10875106787487,62579916701855,https://shop.com/products/10875106787487/amp-terrain-attack-m-t-tire-38x15-50r26lt-126p?variantId=62579916701855,shop.app,,,25.0,598.76,$25.00/tire (store_shipping.csv),,598.76
SHOPWHEELXPRESS,,False,R/T,35x12.50R22,,AMP Terrain Attack RT Hybrid AT/MT 35x12.50R22LT Tire,1,416.0,,416.0,,8513288306825,45420089704585,https://shop.com/products/8513288306825/amp-terrain-attack-rt-hybrid-at-mt-35x12-50r22lt-tire?variantId=45420089704585,shop.app,,,,,,,416.0
EZ Wheeler,,False,Terrain Pro A/T P,33x12.50R20,E,TERRAIN PRO A/T P 33X12.50R20LT 114S LR E 65PSI MAX,1,256.99,270.0,256.99,,8787162956009,47887594619113,https://shop.com/products/8787162956009/terrain-pro-a-t-p-33x12-50r20lt-114s-lr-e-65psi-max?variantId=47887594619113,shop.app,,,,,,,256.99
Renegade Speed by Renegade Racing & Performance,,False,Terrain Attack A/T A,275/55R20,,AMP Terrain Attack A/T A Tire - LT275/55R20 115/112S by AMP Tires,1,261.99,,261.99,,11068223226129,53601863598353,https://shop.com/products/11068223226129/amp-terrain-attack-a-t-a-tire-lt275-55r20-115-112s-by-amp?variantId=53601863598353,shop.app,,,,,,,261.99
Dually Wheels,,False,Terrain Attack A/T A,37x12.50R20,,37x12.50R20LT/10 Amp Tires Terrain Attack A/T A Tires Set of 6,6,2214.0,2435.4,369.0,,7916249841919,43681062158591,https://shop.com/products/7916249841919/37x12-50r20lt-10-amp-tires-terrain-attack-a-t-a-tires-set-of?variantId=43681062158591,shop.app,,,,,,,369.0
VCT AUTO PERFORMANCE,,False,Terrain Attack A/T A,305/55R20,,AMP Tires AMP Terrain Attack A/T A Tire - LT305/55R20 121/118S,1,237.0,293.99,237.0,,8318791844034,46725893554370,https://shop.com/products/8318791844034/amp-tires-amp-terrain-attack-a-t-a-tire-lt305-55r20-121-118s?variantId=46725893554370,shop.app,,,13.45,250.45,$13.45/tire (store_shipping.csv),,250.45
Quadratec,,False,Terrain Attack A/T A,265/50R20,,AMP ATTACK A/T 265/50R20 TIRE,1,255.99,,255.99,,9127737098498,46804145799426,https://shop.com/products/9127737098498/amp-attack-a-t-265-50r20-tire?variantId=46804145799426,shop.app,,,0.0,255.99,free shipping,,255.99
Complete Street Performance,,False,Terrain Attack A/T A,33x12.50R22,,Amp Tires 33-125022AMP/CA3 - AMP Terrain Attack A/T A Tire - 33x12.50R22LT 109R,1,302.99,333.29,302.99,,9986578350358,50065225974038,https://shop.com/products/9986578350358/amp-tires-33-125022amp-ca3-amp-terrain-attack-a-t-a-tire-33x12?variantId=50065225974038,shop.app,,,,,,,302.99
Battle Born Offroad,,False,Terrain Attack A/T A,33x12.50R22,E,22 Inch Terrain Attack A/T A 33X12.50R22 109R LR E 65PSI Max AMP Tires,1,302.99,,302.99,,8858077364377,48703125389465,https://shop.com/products/8858077364377/22-inch-terrain-attack-a-t-a-33x12-50r22-109r-lr-e-65psi?variantId=48703125389465,shop.app,,,,,,,302.99
Quadratec,,False,Terrain Attack A/T A,35x12.50R20,,AMP ATTACK A/T 35X12.50R20 TIRE,1,302.99,,302.99,,9127737327874,46804145996034,https://shop.com/products/9127737327874/amp-attack-a-t-35x12-50r20-tire?variantId=46804145996034,shop.app,,,0.0,302.99,free shipping,,302.99
SHOPWHEELXPRESS,,False,R/T,33x12.50R22,,AMP Terrain Attack RT Hybrid AT/MT 33x12.50R22LT Tire,1,376.0,,376.0,,8508676145289,45406750638217,https://shop.com/products/8508676145289/amp-terrain-attack-rt-hybrid-at-mt-33x12-50r22lt-tire?variantId=45406750638217,shop.app,,,,,,,376.0
Quadratec,,False,M/T,35x15.50R22,,Terrain Attack M/TA 35X15.50X22,1,486.99,,486.99,,9127738048770,46804146749698,https://shop.com/products/9127738048770/terrain-attack-m-ta-35x15-50x22?variantId=46804146749698,shop.app,,,0.0,486.99,free shipping,,486.99
Tires Nation,,False,Terrain Attack A/T A,285/55R20,,Amp Terrain Attack A/T 285/55R20 122/119S Tire,1,266.0,375.03,266.0,,10464514539810,52387512451362,https://shop.com/products/10464514539810/amp-terrain-attack-a-t-285-55r20-122-119s-tire?variantId=52387512451362,shop.app,,,,,,,266.0
Street Driven Performance,,False,M/T,38x15.50R24,,AMP Terrain Attack M/T Tire - 38X15.50R24LT 127Q,1,526.5,666.99,526.5,,10875106754719,62579916669087,https://shop.com/products/10875106754719/amp-terrain-attack-m-t-tire-38x15-50r24lt-127q?variantId=62579916669087,shop.app,,,25.0,551.5,$25.00/tire (store_shipping.csv),,551.5
Mach Yeti Racing,,False,M/T,35x15.50R24,,AMP Terrain Attack M/T Tire - 35X15.50R24LT 117Q,1,495.99,,495.99,,9799001669716,45266128732244,https://shop.com/products/9799001669716/amp-terrain-attack-m-t-tire-35x15-50r24lt-117q?variantId=45266128732244,shop.app,,,,,,,495.99
Late Model Truck,,False,M/T,37x13.50R22,,AMP Terrain Attack M/T Tire - 37x13.50R22LT 123Q,1,468.99,,468.99,,7841428996303,44974626111695,https://shop.com/products/7841428996303/amp-terrain-attack-m-t-tire-37x13-50r22lt-123q?variantId=44974626111695,shop.app,,,,,,,468.99
Quadratec,,False,Terrain Attack A/T A,275/55R20,,AMP ATTACK A/T 275/55R20 TIRE,1,261.99,,261.99,,9127737196802,46804145897730,https://shop.com/products/9127737196802/amp-attack-a-t-275-55r20-tire?variantId=46804145897730,shop.app,,,0.0,261.99,free shipping,,261.99
PERFORMANCE MODS,,False,M/T,37x13.50R28,,AMP Tires 37-135028AMP/CM2F AMP Terrain Attack M/T Tire - 37X13.50R28LT 114Q,1,859.0,,859.0,,8149783150778,44920715346106,https://shop.com/products/8149783150778/amp-tires-37-135028amp-cm2f-amp-terrain-attack-m-t-tire-37x13-50r28lt?variantId=44920715346106,shop.app,,,,,,,859.0
Quadratec,,False,M/T,33x14.50R22,,Terrain Attack M/TA 33X14.50X22,1,424.99,,424.99,,9127738016002,46804146716930,https://shop.com/products/9127738016002/terrain-attack-m-ta-33x14-50x22?variantId=46804146716930,shop.app,,,0.0,424.99,free shipping,,424.99
TryBeepbeep,,False,M/T,37x13.50R26,,Terrain Attack M/T A Amp Mud Terrain LT37X13.50R26 117Q F Light Truck Tire,1,550.99,,550.99,,10125595377946,51707331838234,https://shop.com/products/10125595377946/terrain-attack-m-t-a-amp-mud-terrain-lt37x13-50r26-117q-f-light?variantId=51707331838234,shop.app,,,0.0,550.99,free shipping,,550.99
FR SPORT,,False,Terrain Pro A/T P,275/55R20,,AMP Tires AMP Terrain Pro A/T Tire - LT275/55R20 115/112S 275-5520AMP/CA2,1,240.99,,240.99,,8881865457816,47391137759384,https://shop.com/products/8881865457816/amp-tires-amp-terrain-pro-a-t-tire-lt275-55r20-115-112s-275?variantId=47391137759384,shop.app,,,,,,,240.99
Wheel Tire Direct,,True,M/T,37x13.50R20,E,AMP Mud Terrain Attack MT A 37x13.50R20LT (Load E),1,349.0,453.0,349.0,,9966245544250,51615427461434,https://shop.com/products/9966245544250/amp-mud-terrain-attack-mt-a-37x13-50r20lt-load-e?variantId=51615427461434,shop.app,,,,,,,
Tacoma Wheels,,False,Terrain Attack A/T A,37x12.50R20,E,37x12.50R20LT Amp Tires Terrain Attack A/T Tire E Rated 10 Ply,1,361.99,398.19,361.99,,8301956563135,45151983272127,https://shop.com/products/8301956563135/37x12-50r20lt-amp-tires-terrain-attack-a-t-tire-e-rated-10-ply?variantId=45151983272127,shop.app,,,0.0,361.99,free shipping,,361.99
GE Tires Online Inc,,False,M/T,305/55R20,,AMP Mud Terrain Attack A-T A 305/55R20,1,286.31,,286.31,,10325002223896,52356356768024,https://shop.com/products/10325002223896/amp-mud-terrain-attack-a-t-a-305-55r20?variantId=52356356768024,shop.app,,,0.0,286.31,free shipping,,286.31
Gladiator Auto,,False,Terrain Attack A/T A,305/70R18,E,TERRAIN ATTACK A/T A 305/70R18 126/123R LR E 65PSI MAX - 305-7018AMP/CA3,1,308.0,,308.0,,9056631357694,47754431791358,https://shop.com/products/9056631357694/terrain-attack-a-t-a-305-70r18-126-123r-lr-e-65psi-max?variantId=47754431791358,shop.app,,,0.0,308.0,free shipping,,308.0
Trail Ops,,False,Terrain Attack A/T A,315/70R17,E,AMP Terrain Attack A/T A LT315/70R17 Load E Tire,1,287.0,,287.0,,9212945072367,47515237318895,https://shop.com/products/9212945072367/amp-terrain-attack-a-t-a-lt315-70r17-load-e-tire?variantId=47515237318895,shop.app,,,,,,,287.0
Street Driven Performance,,False,M/T,37x13.50R20,,AMP Terrain Attack M/T Tire - 37x13.50R20LT 127Q,1,404.3,452.99,404.3,,10875106492575,62579916177567,https://shop.com/products/10875106492575/amp-terrain-attack-m-t-tire-37x13-50r20lt-127q?variantId=62579916177567,shop.app,,,25.0,429.3,$25.00/tire (store_shipping.csv),,429.3
Late Model Truck,,False,M/T,37x13.50R26,,AMP Terrain Attack M/T Tire - 37x13.50R26LT 117Q,1,551.0,,551.0,,7841429127375,44974626373839,https://shop.com/products/7841429127375/amp-terrain-attack-m-t-tire-37x13-50r26lt-117q?variantId=44974626373839,shop.app,,,,,,,551.0
SHOPWHEELXPRESS,,False,R/T,35x13.50R24,,AMP Terrain Attack RT Hybrid AT/MT 35x13.50R24LT Tire,1,466.0,,466.0,,8513357643913,45420233162889,https://shop.com/products/8513357643913/amp-terrain-attack-rt-hybrid-at-mt-35x13-50r24lt-tire?variantId=45420233162889,shop.app,,,,,,,466.0
Legends Auto Parts,,False,M/T,38x15.50R26,,AMP Mud Terrain Attack MT A 38x15.50R26LT,1,1429.99,,1429.99,,8732981657859,45882276741379,https://shop.com/products/8732981657859/amp-mud-terrain-attack-mt-a-38x15-50r26lt?variantId=45882276741379,shop.app,,,,,,,1429.99
Battle Born Offroad,,False,Terrain Attack A/T A,37x12.50R20,E,20 Inch Terrain Attack A/T A 37X12.50R20 126R LR E 65PSI Max AMP Tires,1,361.99,,361.99,,8892837298329,48849396859033,https://shop.com/products/8892837298329/20-inch-terrain-attack-a-t-a-37x12-50r20-126r-lr-e-65psi?variantId=48849396859033,shop.app,,,,,,,361.99
FI Performance,,False,M/T,37x13.50R20,,AMP Terrain Attack M/T Tire - 37x13.50R20LT 127Q,1,453.0,,453.0,,10653748658316,61739774607500,https://shop.com/products/10653748658316/amp-terrain-attack-m-t-tire-37x13-50r20lt-127q?variantId=61739774607500,shop.app,,,,,,,453.0
Late Model Truck,,False,M/T,325/50R22,,AMP Terrain Attack M/T Tire - LT325/50R22 122Q,1,436.99,,436.99,,7841427816655,44974623686863,https://shop.com/products/7841427816655/amp-terrain-attack-m-t-tire-lt325-50r22-122q?variantId=44974623686863,shop.app,,,,,,,436.99
JDR-Partsbarn and Sales,,False,M/T,35x12.50R20,,AMP Terrain Attack M/T Tire - 35x12.50R20LT 121Q,1,328.99,,328.99,,10172972466467,54891585700131,https://shop.com/products/10172972466467/amp-terrain-attack-m-t-tire-35x12-50r20lt-121q?variantId=54891585700131,shop.app,,,,,,,328.99
FR SPORT,,False,Terrain Pro A/T P,285/55R20,,AMP Tires AMP Terrain Pro A/T Tire - LT285/55R20 122/119S 285-5520AMP/CA2,1,255.99,,255.99,,8881865490584,47391137792152,https://shop.com/products/8881865490584/amp-tires-amp-terrain-pro-a-t-tire-lt285-55r20-122-119s-285?variantId=47391137792152,shop.app,,,,,,,255.99
Down East Offroad,,False,Terrain Pro A/T P,285/55R22,,AMP Terrain Pro A/T Tire - LT285/55R22 124/121R,1,331.99,,331.99,,14998230860148,54152999043444,https://shop.com/products/14998230860148/amp-terrain-pro-a-t-tire-lt285-55r22-124-121r?variantId=54152999043444,shop.app,,,,,,,331.99
Wheel Tire Direct,,True,M/T,38x13.50R24,F,AMP Mud Terrain Attack MT A 38x13.50R24LT (Load F),1,505.88,649.0,505.88,,9965939065146,51613717823802,https://shop.com/products/9965939065146/amp-mud-terrain-attack-mt-a-38x13-50r24lt-load-f?variantId=51613717823802,shop.app,,,,,,,
FR SPORT,,False,Terrain Pro A/T P,295/50R22,,AMP Tires AMP Terrain Pro A/T Tire - LT295/50R22 122/119S 295-5022AMP/CA2,1,323.99,,323.99,,8881865916568,47391138218136,https://shop.com/products/8881865916568/amp-tires-amp-terrain-pro-a-t-tire-lt295-50r22-122-119s-295?variantId=47391138218136,shop.app,,,,,,,323.99
Quadratec,,False,Terrain Attack A/T A,305/70R18,,AMP ATTACK A/T 305/70R18 TIRE,1,307.99,,307.99,,9127737164034,46804145864962,https://shop.com/products/9127737164034/amp-attack-a-t-305-70r18-tire?variantId=46804145864962,shop.app,,,0.0,307.99,free shipping,,307.99
SHOPWHEELXPRESS,,False,M/T,305/55R20,,AMP Mud Terrain Attack MT A Mud Terrain LT305/55R20 Tire,1,387.24,,387.24,,8513506410633,45420662947977,https://shop.com/products/8513506410633/amp-mud-terrain-attack-mt-a-mud-terrain-lt305-55r20-tire?variantId=45420662947977,shop.app,,,,,,,387.24
Late Model Truck,,False,M/T,33x13.50R26,,AMP Terrain Attack M/T Tire - 33X13.50R26LT 116Q,1,460.99,,460.99,,7841428209871,44974624473295,https://shop.com/products/7841428209871/amp-terrain-attack-m-t-tire-33x13-50r26lt-116q?variantId=44974624473295,shop.app,,,,,,,460.99
Next Level Performance,,False,R/T,285/70R17,,AMP Terrain Attack R/T Tire - LT285/70R17 116/113Q,1,251.99,,251.99,,9562143686807,47624125644951,https://shop.com/products/9562143686807/amp-terrain-attack-r-t-tire-lt285-70r17-116-113q?variantId=47624125644951,shop.app,,,20.0,271.99,$20.00/tire (store_shipping.csv),,271.99
EZ Wheeler,,False,Terrain Pro A/T P,285/55R20,E,TERRAIN PRO A/T P 285/55R20 122/119S LR E 80 PSI MAX,1,255.99,256.0,255.99,,9219912302825,50619114488041,https://shop.com/products/9219912302825/terrain-pro-a-t-p-285-55r20-122-119s-lr-e-80-psi?variantId=50619114488041,shop.app,,,,,,,255.99
MOTORMIA,,False,M/T,37x13.50R26,,AMP Terrain Attack M/T Tire - 37x13.50R26LT 117Q,1,551.0,,551.0,,10468953129272,51835796062520,https://shop.com/products/10468953129272/amp-terrain-attack-m-t-tire-37x13-50r26lt-117q?variantId=51835796062520,shop.app,,,0.0,551.0,free shipping,,551.0
Wheel Tire Direct,,True,Terrain Attack A/T A,37x12.50R20,E,AMP Terrain Attack AT A 37x12.50R20 (Load E),1,360.99,369.0,360.99,,9965960626490,51613860331834,https://shop.com/products/9965960626490/amp-terrain-attack-at-a-37x12-50r20-load-e?variantId=51613860331834,shop.app,,,,,,,
FI Performance,,False,M/T,37x12.50R22,,AMP Terrain Attack M/T Tire - 37x12.50R22LT 127Q,1,450.0,,450.0,,10653748592780,61739774541964,https://shop.com/products/10653748592780/amp-terrain-attack-m-t-tire-37x12-50r22lt-127q?variantId=61739774541964,shop.app,,,,,,,450.0
Signature Performance,,False,Terrain Pro A/T P,265/70R17,,LT265/70R17 AMP Terrain Pro A/T Tire,1,221.0,,221.0,,8111613935756,43953158586508,https://shop.com/products/8111613935756/lt265-70r17-amp-terrain-pro-a-t-tire?variantId=43953158586508,shop.app,,,,,,,221.0
Next Level Performance,,False,Terrain Pro A/T P,275/65R20,,AMP Terrain Pro A/T Tire - LT275/65R20 126/123S,1,292.0,,292.0,,9562134773911,47624106967191,https://shop.com/products/9562134773911/amp-terrain-pro-a-t-tire-lt275-65r20-126-123s?variantId=47624106967191,shop.app,,,20.0,312.0,$20.00/tire (store_shipping.csv),,312.0
Battle Born Offroad,,False,Terrain Attack A/T A,285/70R17,E,17 Inch Terrain Attack A/T A 285/70R17 121/118R LR E 80PSI Max AMP Tires,1,220.99,,220.99,,8857986695321,48701104717977,https://shop.com/products/8857986695321/17-inch-terrain-attack-a-t-a-285-70r17-121-118r-lr-e?variantId=48701104717977,shop.app,,,,,,,220.99
AutoHouseSupply,,False,Terrain Pro A/T P,275/60R20,,AMP Terrain Pro A/T Tire - LT275/60R20 123/120S,1,271.0,,271.0,,10304032866596,51514733920548,https://shop.com/products/10304032866596/amp-terrain-pro-a-t-tire-lt275-60r20-123-120s?variantId=51514733920548,shop.app,,,,,,,271.0
EZ Wheeler,,False,M/T,35x12.50R17,E,TERRAIN ATTACK M/T A 35X12.50R17 121Q LR E 65PSI MAX,1,369.99,370.0,369.99,,9219912564969,50619115864297,https://shop.com/products/9219912564969/terrain-attack-m-t-a-35x12-50r17-121q-lr-e-65psi-max?variantId=50619115864297,shop.app,,,,,,,369.99
Wheel Tire Direct,,True,M/T,37x13.50R22,E,AMP Mud Terrain Attack MT A 37x13.50R22LT (Load E),1,401.15,493.0,401.15,,9966310850874,51615574491450,https://shop.com/products/9966310850874/amp-mud-terrain-attack-mt-a-37x13-50r22lt-load-e?variantId=51615574491450,shop.app,,,,,,,
Late Model Truck,,False,Terrain Pro A/T P,285/55R22,,AMP Terrain Pro A/T Tire - LT285/55R22 124/121R,1,331.99,,331.99,,7841427226831,44974622507215,https://shop.com/products/7841427226831/amp-terrain-pro-a-t-tire-lt285-55r22-124-121r?variantId=44974622507215,shop.app,,,,,,,331.99
Down East Offroad,,False,M/T,37x13.50R24,,AMP Terrain Attack M/T Tire - 37x13.50R24LT 120Q,1,513.0,,513.0,,14998233284980,54153005236596,https://shop.com/products/14998233284980/amp-terrain-attack-m-t-tire-37x13-50r24lt-120q?variantId=54153005236596,shop.app,,,,,,,513.0
Mach Yeti Racing,,False,M/T,33x13.50R26,,AMP Terrain Attack M/T Tire - 33X13.50R26LT 116Q,1,460.99,,460.99,,9798994821204,45266120540244,https://shop.com/products/9798994821204/amp-terrain-attack-m-t-tire-33x13-50r26lt-116q?variantId=45266120540244,shop.app,,,,,,,460.99
Complete Street Performance,,False,Terrain Attack A/T A,285/55R20,,Amp Tires 285-5520AMP/CA3 - AMP Terrain Attack A/T A Tire - LT285/55R20 122/119S,1,260.99,287.09,260.99,,9986579955990,50065228464406,https://shop.com/products/9986579955990/amp-tires-285-5520amp-ca3-amp-terrain-attack-a-t-a-tire-lt285?variantId=50065228464406,shop.app,,,,,,,260.99
Trail Ops,,False,Terrain Attack A/T A,33x12.50R22,E,AMP Terrain Attack A/T A 33x12.50R22LT Load E Tire,1,318.0,,318.0,,9212945465583,47515238596847,https://shop.com/products/9212945465583/amp-terrain-attack-a-t-a-33x12-50r22lt-load-e-tire?variantId=47515238596847,shop.app,,,,,,,318.0
PERFORMANCE MODS,,False,M/T,35x13.50R26,,AMP Tires 35-135026AMP/CM2F AMP Terrain Attack M/T Tire - 35x13.50R26LT 117Q,1,512.99,,512.99,,8149782692026,44920714559674,https://shop.com/products/8149782692026/amp-tires-35-135026amp-cm2f-amp-terrain-attack-m-t-tire-35x13-50r26lt?variantId=44920714559674,shop.app,,,,,,,512.99
Tacoma Wheels,,False,Terrain Attack A/T A,315/70R17,E,LT315/70R17 Amp Tires Terrain Attack A/T Tire E Rated 10 Ply,1,286.99,315.69,286.99,,8301955285183,45151981928639,https://shop.com/products/8301955285183/lt315-70r17-amp-tires-terrain-attack-a-t-tire-e-rated-10-ply?variantId=45151981928639,shop.app,,,0.0,286.99,free shipping,,286.99
Tacoma Wheels,,False,M/T,37x13.50R26,F,37x13.50R26LT Amp Tires Terrain Attack M/T Tire F Rated 12 Ply,1,550.99,606.09,550.99,,8301956792511,45151983501503,https://shop.com/products/8301956792511/37x13-50r26lt-amp-tires-terrain-attack-m-t-tire-f-rated-12-ply?variantId=45151983501503,shop.app,,,0.0,550.99,free shipping,,550.99
BattlegroundOffroadSupply,,False,R/T,37x13.50R24,,AMP Terrain Attack R/T Tire - 37X13.50R24LT 120Q,1,483.99,,483.99,,9988578738424,49645578125560,https://shop.com/products/9988578738424/amp-terrain-attack-r-t-tire-37x13-50r24lt-120q?variantId=49645578125560,shop.app,,,,,,,483.99
PERFORMANCE MODS,,False,M/T,37x13.50R22,,AMP Tires 37-135022AMP/CM2 AMP Terrain Attack M/T Tire - 37x13.50R22LT 123Q,1,468.99,,468.99,,8149782954170,44920715051194,https://shop.com/products/8149782954170/amp-tires-37-135022amp-cm2-amp-terrain-attack-m-t-tire-37x13-50r22lt?variantId=44920715051194,shop.app,,,,,,,468.99
Mach Yeti Racing,,False,Terrain Pro A/T P,275/70R18,,AMP Terrain Pro A/T Tire - LT275/70R18 122/125R,1,270.99,,270.99,,9798981648468,45266105630804,https://shop.com/products/9798981648468/amp-terrain-pro-a-t-tire-lt275-70r18-122-125r?variantId=45266105630804,shop.app,,,,,,,270.99
Gladiator Auto,,False,M/T,37x13.50R22,E,TERRAIN ATTACK M/T A 37X13.50R22 123Q LR E 65PSI MAX,1,493.0,,493.0,,9106319868158,47754429792510,https://shop.com/products/9106319868158/terrain-attack-m-t-a-37x13-50r22-123q-lr-e-65psi-max?variantId=47754429792510,shop.app,,,0.0,493.0,free shipping,,493.0
Mach Yeti Racing,,False,M/T,33x12.50R20,,AMP Terrain Attack M/T Tire - 33x12.50R20LT 114Q,1,309.99,,309.99,,9798991609940,45266117001300,https://shop.com/products/9798991609940/amp-terrain-attack-m-t-tire-33x12-50r20lt-114q?variantId=45266117001300,shop.app,,,,,,,309.99
Renegade Speed by Renegade Racing & Performance,,False,Terrain Attack A/T A,305/55R20,,AMP Terrain Attack A/T A Tire - 305/55R20 121/118S - All-Terrain Radial for Truck and SUV,1,293.99,,293.99,,11068223029521,53601863401745,https://shop.com/products/11068223029521/amp-terrain-attack-a-t-a-tire-305-55r20-121-118s-all-terrain?variantId=53601863401745,shop.app,,,,,,,293.99
TFS Wheels,,False,M/T,38x13.50R24,,AMP Mud Terrain Attack MT A 38x13.50R24LT,1,649.0,,649.0,,8731502084247,45042333450391,https://shop.com/products/8731502084247/amp-mud-terrain-attack-mt-a-38x13-50r24lt?variantId=45042333450391,shop.app,,,0.0,649.0,free shipping,,649.0
Flex Offroad,,False,M/T,33x12.50R20,E,33x12.50R20LT AMP Terrain Attack M/T A (Load E) 65psi,1,310.0,,310.0,,9685475721489,49269142356241,https://shop.com/products/9685475721489/33x12-50r20lt-amp-terrain-attack-m-t-a-load-e-65psi?variantId=49269142356241,shop.app,,,,,,,310.0
PERFORMANCE MODS,,False,M/T,35x12.50R17,,AMP Tires 35-125017AMP/CM2 AMP Terrain Attack M/T Tire - 35x12.50R17LT 121Q,1,370.0,,370.0,,8149782069434,44920713511098,https://shop.com/products/8149782069434/amp-tires-35-125017amp-cm2-amp-terrain-attack-m-t-tire-35x12-50r17lt?variantId=44920713511098,shop.app,,,,,,,370.0
Legends Auto Parts,,False,M/T,37x13.50R26,,AMP Mud Terrain Attack MT A 37x13.50R26LT,1,1104.99,,1104.99,,8748672844035,45925235392771,https://shop.com/products/8748672844035/amp-mud-terrain-attack-mt-a-37x13-50r26lt?variantId=45925235392771,shop.app,,,,,,,1104.99
TryBeepbeep,,False,M/T,37x13.50R20,,37-135020AMP/CM2 Amp Tires Attack MT 37X13.50R20,1,452.99,,452.99,,10125595279642,51707331412250,https://shop.com/products/10125595279642/37-135020amp-cm2-amp-tires-attack-mt-37x13-50r20?variantId=51707331412250,shop.app,,,0.0,452.99,free shipping,,452.99
Battle Born Offroad,,False,M/T,33x14.50R22,F,22 Inch Terrain Attack M/T A 33X14.50R22 117Q LR F 95PSI Max AMP Tires,1,424.99,,424.99,,8892836937881,48849396498585,https://shop.com/products/8892836937881/22-inch-terrain-attack-m-t-a-33x14-50r22-117q-lr-f-95psi?variantId=48849396498585,shop.app,,,,,,,424.99
Gladiator Auto,,False,M/T,33x12.50R20,E,TERRAIN ATTACK M/T A 33X12.50R20 114Q LR E 65PSI MAX - 33-125020AMP/CM2,1,326.0,,326.0,,9056631554302,47754431594750,https://shop.com/products/9056631554302/terrain-attack-m-t-a-33x12-50r20-114q-lr-e-65psi-max-33?variantId=47754431594750,shop.app,,,0.0,326.0,free shipping,,326.0
SHOPWHEELXPRESS,,False,M/T,35x12.50R18,,AMP Mud Terrain Attack MT A Mud Terrain 35x12.50R18LT Tire,1,425.74,,425.74,,8508650848393,45406674747529,https://shop.com/products/8508650848393/amp-mud-terrain-attack-mt-a-mud-terrain-35x12-50r18lt-tire?variantId=45406674747529,shop.app,,,,,,,425.74
Mach Yeti Racing,,False,M/T,35x15.50R22,,AMP Terrain Attack M/T Tire - 35x15.50R22LT 125Q,1,486.99,,486.99,,9799001342036,45266128109652,https://shop.com/products/9799001342036/amp-terrain-attack-m-t-tire-35x15-50r22lt-125q?variantId=45266128109652,shop.app,,,,,,,486.99
Signature Performance,,False,R/T,35x12.50R20,,35x12.50R20LT AMP Terrain Attack R/T Tire,1,372.0,,372.0,,8111620358284,43953185783948,https://shop.com/products/8111620358284/35x12-50r20lt-amp-terrain-attack-r-t-tire?variantId=43953185783948,shop.app,,,,,,,372.0
PETER'S CAR PARTS,,False,Terrain Attack A/T A,35x12.50R22,,AMP Terrain Attack A/T A Tire - 35x12.50R22LT 117R,1,315.08,,315.08,,9835710284082,49988692672818,https://shop.com/products/9835710284082/amp-terrain-attack-a-t-a-tire-35x12-50r22lt-117r?variantId=49988692672818,shop.app,,,,,,,315.08
TryBeepbeep,,False,Terrain Pro A/T P,285/60R20,E,Terrain Pro AMP A/T LT285/60R20 E/10PLY BSW,1,326.99,,326.99,,10125593837850,51707325317402,https://shop.com/products/10125593837850/terrain-pro-amp-a-t-lt285-60r20-e-10ply-bsw?variantId=51707325317402,shop.app,,,0.0,326.99,free shipping,,326.99
TruckStoreOnline.com,,False,M/T,285/55R20,,AMP Terrain Attack M/T Tire - LT285/55R20 122/119Q,1,347.99,,347.99,,15144893546860,53792916701548,https://shop.com/products/15144893546860/amp-terrain-attack-m-t-tire-lt285-55r20-122-119q?variantId=53792916701548,shop.app,,,107.0,454.99,$107.00/tire (store_shipping.csv),,454.99
Dually Wheels,,False,M/T,37x13.50R24,,37x13.50R24LT/10 Amp Tires Terrain Attack M/T Tires Set of 6,6,3078.0,3385.8,513.0,,7916249514239,46050006008063,https://shop.com/products/7916249514239/37x13-50r24lt-10-amp-tires-terrain-attack-m-t-tires-set-of-6?variantId=46050006008063,shop.app,,,,,,,513.0
MOTORMIA,,False,Terrain Pro A/T P,325/65R18,,AMP Terrain Pro A/T Tire - LT325/65R18 127/124R,1,333.0,,333.0,,10468998283576,51835841118520,https://shop.com/products/10468998283576/amp-terrain-pro-a-t-tire-lt325-65r18-127-124r?variantId=51835841118520,shop.app,,,0.0,333.0,free shipping,,333.0
Battle Born Offroad,,False,M/T,35x11.50R20,E,20 Inch Terrain Attack M/T A 35X11.50R20 124Q LR E 80PSI Max AMP Tires,1,343.99,,343.99,,8892836872345,48849396433049,https://shop.com/products/8892836872345/20-inch-terrain-attack-m-t-a-35x11-50r20-124q-lr-e-80psi?variantId=48849396433049,shop.app,,,,,,,343.99
TruckStoreOnline.com,,False,Terrain Attack A/T A,35x12.50R20,,AMP Tires 2006-2008 Dodge Ram 1500 AMP Terrain Attack A Tire 35x12.50R20LT 121R,1,335.99,,335.99,,15115332649324,53718391193964,https://shop.com/products/15115332649324/amp-tires-2006-2008-dodge-ram-1500-amp-terrain-attack-a-tire-35x12?variantId=53718391193964,shop.app,,,107.0,442.99,$107.00/tire (store_shipping.csv),,442.99
Apex Offroad LLC,,False,M/T,37x13.50R24,,AMP Terrain Attack M/T Tire - 37x13.50R24LT 120Q,1,487.99,,487.99,,15177982738804,55031405478260,https://shop.com/products/15177982738804/amp-terrain-attack-m-t-tire-37x13-50r24lt-120q?variantId=55031405478260,shop.app,,,,,,,487.99
Next Level Performance,,False,Terrain Attack A/T A,285/70R17,,AMP Terrain Attack A/T A Tire - LT285/70R17 121/118R,1,221.0,,221.0,,9562143162519,47624124596375,https://shop.com/products/9562143162519/amp-terrain-attack-a-t-a-tire-lt285-70r17-121-118r?variantId=47624124596375,shop.app,,,20.0,241.0,$20.00/tire (store_shipping.csv),,241.0
Tacoma Wheels,,False,M/T,35x12.50R20,E,35x12.50R20LT Amp Tires Terrain Attack M/T Tire E Rated 10 Ply,1,328.99,361.89,328.99,,8301956006079,45151982649535,https://shop.com/products/8301956006079/35x12-50r20lt-amp-tires-terrain-attack-m-t-tire-e-rated-10-ply?variantId=45151982649535,shop.app,,,0.0,328.99,free shipping,,328.99
MYX Automotive,,False,Terrain Attack A/T A,35x12.50R20,E,TERRAIN ATTACK A/T A 35X12.50R20 121R LR E 65PSI MAX,1,302.99,,302.99,,7897731235882,44406139060266,https://shop.com/products/7897731235882/terrain-attack-a-t-a-35x12-50r20-121r-lr-e-65psi-max?variantId=44406139060266,shop.app,,,,,,,302.99
Custom Trucks Unlimited,,False,R/T,35x12.50R20,E,35X12.50R20LT TERRAIN ATTACK R/T 121Q LR E,1,334.99,352.0,334.99,,8826174472390,45646130577606,https://shop.com/products/8826174472390/35x12-50r20lt-terrain-attack-r-t-121q-lr-e?variantId=45646130577606,shop.app,,,,,,,334.99
MSV Racing,,False,Terrain Attack A/T A,35x12.50R20,,AMP Terrain Attack A/T A Tire - 35x12.50R20LT 121R,1,302.99,,302.99,,8663172874393,46196032503961,https://shop.com/products/8663172874393/amp-terrain-attack-a-t-a-tire-35x12-50r20lt-121r?variantId=46196032503961,shop.app,,,,,,,302.99
Wheel Tire Direct,,True,Terrain Attack A/T A,35x12.50R20,E,AMP Terrain Attack AT A 35x12.50R20 (Load E),1,245.45,309.0,245.45,,9965752222010,51612784034106,https://shop.com/products/9965752222010/amp-terrain-attack-at-a-35x12-50r20-load-e?variantId=51612784034106,shop.app,,,,,,,
MOTORMIA,,False,Terrain Attack A/T A,315/70R17,,AMP Terrain Attack A/T A Tire - LT315/70R17 121/118R,1,287.0,,287.0,,10469020991800,51835863826744,https://shop.com/products/10469020991800/amp-terrain-attack-a-t-a-tire-lt315-70r17-121-118r?variantId=51835863826744,shop.app,,,0.0,287.0,free shipping,,287.0
Street Car Performance,,False,Terrain Attack A/T A,285/70R17,,AMP Terrain Attack AT A 285/70R17 (32.7x11.2R17),1,220.99,,220.99,,8207009546284,45355818876972,https://shop.com/products/8207009546284/amp-terrain-attack-at-a-285-70r17-32-7x11-2r17?variantId=45355818876972,shop.app,,,,,,,220.99
MOTORMIA,,False,Terrain Attack A/T A,305/70R18,,AMP Terrain Attack A/T A Tire - LT305/70R18 126/123R,1,308.0,,308.0,,10468913676600,51835756544312,https://shop.com/products/10468913676600/amp-terrain-attack-a-t-a-tire-lt305-70r18-126-123r?variantId=51835756544312,shop.app,,,0.0,308.0,free shipping,,308.0
MOTORMIA,,False,R/T,35x12.50R17,,AMP Terrain Attack R/T Tire - 35X12.50R17LT 125Q,1,344.99,,344.99,,10469032329528,51835875164472,https://shop.com/products/10469032329528/amp-terrain-attack-r-t-tire-35x12-50r17lt-125q?variantId=51835875164472,shop.app,,,0.0,344.99,free shipping,,344.99
MSV Racing,,False,Terrain Attack A/T A,285/55R20,,AMP Terrain Attack A/T A Tire - LT285/55R20 122/119S,1,260.99,,260.99,,8663175200921,46196035256473,https://shop.com/products/8663175200921/amp-terrain-attack-a-t-a-tire-lt285-55r20-122-119s?variantId=46196035256473,shop.app,,,,,,,260.99
Speedzone Performance LLC,,False,M/T,38x15.50R26,,AMP Terrain Attack M/T Tire - 38X15.50R26LT 126P,1,712.99,,712.99,,7350051274837,42283608047701,https://shop.com/products/7350051274837/amp-terrain-attack-m-t-tire-38x15-50r26lt-126p?variantId=42283608047701,shop.app,,,,,,,712.99
Garage Collections,,False,M/T,37x13.50R20,,LT37X13.50R20 AMP TERRAIN ATTACK M/T,1,350.0,,350.0,,8957618815112,46139361230984,https://shop.com/products/8957618815112/lt37x13-50r20-amp-terrain-attack-m-t?variantId=46139361230984,shop.app,,,0.0,350.0,free shipping,,350.0
FI Performance,,False,M/T,33x12.50R22,,AMP Terrain Attack M/T Tire - 33x12.50R22LT 109Q,1,336.99,,336.99,,10653747282060,61739772280972,https://shop.com/products/10653747282060/amp-terrain-attack-m-t-tire-33x12-50r22lt-109q?variantId=61739772280972,shop.app,,,,,,,336.99
Wheel Tire Direct,,True,Terrain Attack A/T A,35x12.50R22,E,AMP Terrain Attack AT A 35x12.50R22 (Load E),1,296.9,331.0,296.9,,9965624623418,51612343796026,https://shop.com/products/9965624623418/amp-terrain-attack-at-a-35x12-50r22-load-e?variantId=51612343796026,shop.app,,,,,,,
Wheel Tire Direct,,True,Terrain Attack A/T A,33x12.50R22,E,AMP Terrain Attack AT A 33x12.50R22 (Load E),1,257.5,318.0,257.5,,9966023409978,51614149640506,https://shop.com/products/9966023409978/amp-terrain-attack-at-a-33x12-50r22-load-e?variantId=51614149640506,shop.app,,,,,,,
Quadratec,,False,Terrain Attack A/T A,37x12.50R20,,AMP ATTACK A/T 37X12.50R20 TIRE,1,361.99,,361.99,,9127737262338,46804145963266,https://shop.com/products/9127737262338/amp-attack-a-t-37x12-50r20-tire?variantId=46804145963266,shop.app,,,0.0,361.99,free shipping,,361.99
Red 5 Garage,,False,M/T,37x13.50R22,,AMP Terrain Attack M/T Tire - 37x13.50R22LT 123Q,1,468.99,,468.99,,7938476310571,44152677105707,https://shop.com/products/7938476310571/amp-terrain-attack-m-t-tire-37x13-50r22lt-123q?variantId=44152677105707,shop.app,,,,,,,468.99
Late Model Truck,,False,M/T,37x13.50R28,,AMP Terrain Attack M/T Tire - 37X13.50R28LT 114Q,1,859.0,,859.0,,7841429160143,44974626439375,https://shop.com/products/7841429160143/amp-terrain-attack-m-t-tire-37x13-50r28lt-114q?variantId=44974626439375,shop.app,,,,,,,859.0
Late Model Truck,,False,Terrain Attack A/T A,305/40R22,,AMP Terrain Attack A/T A Tire - 305/40R22 114S,1,268.99,,268.99,,7841427554511,44974623162575,https://shop.com/products/7841427554511/amp-terrain-attack-a-t-a-tire-305-40r22-114s?variantId=44974623162575,shop.app,,,,,,,268.99
SHOPWHEELXPRESS,,False,Terrain Attack A/T A,35x12.50R22,,AMP Terrain Attack AT A All Terrain 35x12.50R22 Tire,1,334.55,,334.55,,8513372127369,45420262916233,https://shop.com/products/8513372127369/amp-terrain-attack-at-a-all-terrain-35x12-50r22-tire?variantId=45420262916233,shop.app,,,,,,,334.55
JDR-Partsbarn and Sales,,False,Terrain Attack A/T A,275/55R20,,AMP Terrain Attack A/T A Tire - LT275/55R20 115/112S,1,261.99,,261.99,,10172964274467,54891577475363,https://shop.com/products/10172964274467/amp-terrain-attack-a-t-a-tire-lt275-55r20-115-112s?variantId=54891577475363,shop.app,,,,,,,261.99
FI Performance,,False,M/T,33x13.50R24,,AMP Terrain Attack M/T Tire - 33x13.50R24LT 121Q,1,391.99,,391.99,,10653747413132,61739772543116,https://shop.com/products/10653747413132/amp-terrain-attack-m-t-tire-33x13-50r24lt-121q?variantId=61739772543116,shop.app,,,,,,,391.99
FI Performance,,False,M/T,37x13.50R24,,AMP Terrain Attack M/T Tire - 37x13.50R24LT 120Q,1,487.99,,487.99,,10653748723852,61739774738572,https://shop.com/products/10653748723852/amp-terrain-attack-m-t-tire-37x13-50r24lt-120q?variantId=61739774738572,shop.app,,,,,,,487.99
Wheel Tire Direct,,True,Terrain Attack A/T A,305/70R18,E,AMP Terrain Attack AT A 305/70R18 (Load E),1,266.45,308.0,266.45,,9967024341306,51618972631354,https://shop.com/products/9967024341306/amp-terrain-attack-at-a-305-70r18-load-e?variantId=51618972631354,shop.app,,,,,,,
Next Level Performance,,False,Terrain Attack A/T A,33x12.50R22,,AMP Terrain Attack A/T A Tire - 33x12.50R22LT 109R?,1,302.99,,302.99,,9618312233111,47847865057431,https://shop.com/products/9618312233111/amp-terrain-attack-a-t-a-tire-33x12-50r22lt-109r?variantId=47847865057431,shop.app,,,20.0,322.99,$20.00/tire (store_shipping.csv),,322.99
Legends Auto Parts,,False,R/T,33x12.50R20,E,AMP Terrain Attack RT 33x12.50R20LT Load E,1,469.99,,469.99,,8748711969027,45925442781443,https://shop.com/products/8748711969027/amp-terrain-attack-rt-33x12-50r20lt-load-e?variantId=45925442781443,shop.app,,,,,,,469.99
Garage Collections,,False,R/T,35x12.50R20,,LT35X12.50R20 AMP TERRAIN ATTACK R/T,1,287.63,,287.63,,9001953460360,46274940600456,https://shop.com/products/9001953460360/lt35x12-50r20-amp-terrain-attack-r-t?variantId=46274940600456,shop.app,,,0.0,287.63,free shipping,,287.63
Late Model Truck,,False,M/T,33x12.50R22,,AMP Terrain Attack M/T Tire - 33x12.50R22LT 109Q,1,336.99,,336.99,,7841428046031,44974624145615,https://shop.com/products/7841428046031/amp-terrain-attack-m-t-tire-33x12-50r22lt-109q?variantId=44974624145615,shop.app,,,,,,,336.99
ATOMIC-SHOP Performance Parts & Motorsport Equipment - USA,,False,M/T,33x13.50R24,,AMP Terrain Attack M/T Tire - 33x13.50R24LT 121Q,1,391.99,,391.99,,10491625767214,51939882893614,https://shop.com/products/10491625767214/amp-terrain-attack-m-t-tire-33x13-50r24lt-121q?variantId=51939882893614,shop.app,,,,,,,391.99
Red 5 Garage,,False,M/T,35x15.50R22,,AMP Terrain Attack M/T Tire - 35x15.50R22LT 125Q,1,486.99,,486.99,,7938476146731,44152676843563,https://shop.com/products/7938476146731/amp-terrain-attack-m-t-tire-35x15-50r22lt-125q?variantId=44152676843563,shop.app,,,,,,,486.99
Wheel Tire Direct,,True,Terrain Attack A/T A,285/70R17,E,AMP Terrain Attack AT A 285/70R17 (Load E),1,197.9,221.0,197.9,,9966562181434,51616937902394,https://shop.com/products/9966562181434/amp-terrain-attack-at-a-285-70r17-load-e?variantId=51616937902394,shop.app,,,,,,,
VCT AUTO PERFORMANCE,,False,R/T,35x12.50R20,,AMP Tires AMP Terrain Attack R/T Tire - 35X12.50R20LT 125Q,1,276.0,353.99,276.0,,8318790598850,46725837422786,https://shop.com/products/8318790598850/amp-tires-amp-terrain-attack-r-t-tire-35x12-50r20lt-125q?variantId=46725837422786,shop.app,,,13.45,289.45,$13.45/tire (store_shipping.csv),,289.45
MOTORMIA,,False,R/T,33x12.50R22,,AMP Terrain Attack R/T Tire - 33X12.50R22LT 114Q,1,357.99,,357.99,,10468839326008,51835681898808,https://shop.com/products/10468839326008/amp-terrain-attack-r-t-tire-33x12-50r22lt-114q?variantId=51835681898808,shop.app,,,0.0,357.99,free shipping,,357.99
Next Level Performance,,False,M/T,35x13.50R26,,AMP Terrain Attack M/T Tire - 35x13.50R26LT 117Q,1,512.99,,512.99,,9618309382295,47847862108311,https://shop.com/products/9618309382295/amp-terrain-attack-m-t-tire-35x13-50r26lt-117q?variantId=47847862108311,shop.app,,,20.0,532.99,$20.00/tire (store_shipping.csv),,532.99
SPO Supply Co.,,False,Terrain Attack A/T A,33x12.50R22,,33x12.50R22 AMP Terrain Attack AT/A,1,325.0,,325.0,,9230121566373,45947908128933,https://shop.com/products/9230121566373/33x12-50r22-amp-terrain-attack-at-a?variantId=45947908128933,shop.app,,,,,,,325.0
Quadratec,,False,Terrain Attack A/T A,305/55R20,,AMP ATTACK A/T 305/55R20 TIRE,1,293.99,,293.99,,9127737426178,46804146159874,https://shop.com/products/9127737426178/amp-attack-a-t-305-55r20-tire?variantId=46804146159874,shop.app,,,0.0,293.99,free shipping,,293.99
Gladiator Auto,,False,M/T,38x15.50R24,E,TERRAIN ATTACK M/T A 38X15.50R24 127Q LR E 65PSI MAX,1,702.0,,702.0,,9106319573246,47754429989118,https://shop.com/products/9106319573246/terrain-attack-m-t-a-38x15-50r24-127q-lr-e-65psi-max?variantId=47754429989118,shop.app,,,0.0,702.0,free shipping,,702.0
Wheel Tire Direct,,True,R/T,37x13.50R24,F,AMP Terrain Attack RT 37x13.50R24LT (Load F),1,424.46,530.0,424.46,,9965914685754,51613602021690,https://shop.com/products/9965914685754/amp-terrain-attack-rt-37x13-50r24lt-load-f?variantId=51613602021690,shop.app,,,,,,,
Signature Performance,,False,Terrain Attack A/T A,35x12.50R22,,35x12.50R22LT AMP Terrain Attack A/T A Tire,1,331.0,,331.0,,8105875800204,43932432597132,https://shop.com/products/8105875800204/35x12-50r22lt-amp-terrain-attack-a-t-a-tire?variantId=43932432597132,shop.app,,,,,,,331.0
BattlegroundOffroadSupply,,False,Terrain Attack A/T A,275/55R20,,AMP Terrain Attack A/T A Tire - LT275/55R20 115/112S,1,261.99,,261.99,,9988568973560,49645566427384,https://shop.com/products/9988568973560/amp-terrain-attack-a-t-a-tire-lt275-55r20-115-112s?variantId=49645566427384,shop.app,,,,,,,261.99
Next Level Performance,,False,Terrain Attack A/T A,265/70R17,,AMP Terrain Attack A/T A Tire - LT265/70R17 121/118S,1,205.99,,205.99,,9562142965911,47624124366999,https://shop.com/products/9562142965911/amp-terrain-attack-a-t-a-tire-lt265-70r17-121-118s?variantId=47624124366999,shop.app,,,20.0,225.99,$20.00/tire (store_shipping.csv),,225.99
FI Performance,,False,R/T,33x12.50R22,,AMP Terrain Attack R/T Tire - 33X12.50R22LT 109Q,1,336.99,,336.99,,10653747314828,61739772346508,https://shop.com/products/10653747314828/amp-terrain-attack-r-t-tire-33x12-50r22lt-109q?variantId=61739772346508,shop.app,,,,,,,336.99
Red 5 Garage,,False,R/T,35x12.50R20,,AMP Terrain Attack R/T Tire - 35X12.50R20LT 121Q,1,334.99,,334.99,,7938475917355,44152676352043,https://shop.com/products/7938475917355/amp-terrain-attack-r-t-tire-35x12-50r20lt-121q?variantId=44152676352043,shop.app,,,,,,,334.99
Red 5 Garage,,False,M/T,33x12.50R22,,AMP Terrain Attack M/T Tire - 33x12.50R22LT 109Q,1,336.99,,336.99,,7938475524139,44152675172395,https://shop.com/products/7938475524139/amp-terrain-attack-m-t-tire-33x12-50r22lt-109q?variantId=44152675172395,shop.app,,,,,,,336.99
BattlegroundOffroadSupply,,False,R/T,285/55R20,,AMP Terrain Attack R/T Tire - LT285/55R20 122/119Q,1,299.99,,299.99,,9988571726072,49645569343736,https://shop.com/products/9988571726072/amp-terrain-attack-r-t-tire-lt285-55r20-122-119q?variantId=49645569343736,shop.app,,,,,,,299.99
Wheel Tire Direct,,True,Terrain Attack A/T A,305/40R22,XL,AMP Terrain Attack AT A 305/40R22 (Load XL),1,248.3,277.0,248.3,,9965715128634,51612627763514,https://shop.com/products/9965715128634/amp-terrain-attack-at-a-305-40r22-load-xl?variantId=51612627763514,shop.app,,,,,,,
TryBeepbeep,,False,Terrain Attack A/T A,33x12.50R22,,33-125022AMP/CA3 Attack AT Amp Tires 33X12.50R22,1,302.99,,302.99,,10125594558746,51707328430362,https://shop.com/products/10125594558746/33-125022amp-ca3-attack-at-amp-tires-33x12-50r22?variantId=51707328430362,shop.app,,,0.0,302.99,free shipping,,302.99
BattlegroundOffroadSupply,,False,Terrain Attack A/T A,315/70R17,,AMP Terrain Attack A/T A Tire - LT315/70R17 121/118R,1,286.99,,286.99,,9988576084216,49645574422776,https://shop.com/products/9988576084216/amp-terrain-attack-a-t-a-tire-lt315-70r17-121-118r?variantId=49645574422776,shop.app,,,,,,,286.99
AutoHouseSupply,,False,M/T,37x13.50R20,,AMP Terrain Attack M/T Tire - 37x13.50R20LT 127Q,1,453.0,,453.0,,10304035750180,51514748764452,https://shop.com/products/10304035750180/amp-terrain-attack-m-t-tire-37x13-50r20lt-127q?variantId=51514748764452,shop.app,,,,,,,453.0
Quadratec,,False,Terrain Attack A/T A,305/60R18,,AMP ATTACK A/T 305/60R18 TIRE,1,291.99,,291.99,,9127737065730,46804145701122,https://shop.com/products/9127737065730/amp-attack-a-t-305-60r18-tire?variantId=46804145701122,shop.app,,,0.0,291.99,free shipping,,291.99
FI Performance,,False,M/T,37x13.50R26,,AMP Terrain Attack M/T Tire - 37x13.50R26LT 117Q,1,551.0,,551.0,,10653748822156,61739774935180,https://shop.com/products/10653748822156/amp-terrain-attack-m-t-tire-37x13-50r26lt-117q?variantId=61739774935180,shop.app,,,,,,,551.0
TryBeepbeep,,False,M/T,33x12.50R20,E,Mud Terrain Amp Tires 33-125020AMP/CM2 Attack M/T A Tire 33x12.50R20 122Q LR E,1,309.99,,309.99,,10125594493210,51707328102682,https://shop.com/products/10125594493210/mud-terrain-amp-tires-33-125020amp-cm2-attack-m-t-a-tire-33x12?variantId=51707328102682,shop.app,,,0.0,309.99,free shipping,,309.99
Legends Auto Parts,,False,R/T,35x12.50R20,F,AMP Terrain Attack RT 35x12.50R20LT Load F,1,514.99,,514.99,,8748712624387,45925445140739,https://shop.com/products/8748712624387/amp-terrain-attack-rt-35x12-50r20lt-load-f?variantId=45925445140739,shop.app,,,,,,,514.99
Wheel Tire Direct,,True,M/T,35x15.50R24,E,AMP Mud Terrain Attack MT A 35x15.50R24LT (Load E),1,494.99,496.0,494.99,,9966559691066,51616925548858,https://shop.com/products/9966559691066/amp-mud-terrain-attack-mt-a-35x15-50r24lt-load-e?variantId=51616925548858,shop.app,,,,,,,
Signature Performance,,False,Terrain Attack A/T A,33x12.50R22,,33x12.50R22LT AMP Terrain Attack A/T A Tire,1,318.0,,318.0,,8111626322060,43953195253900,https://shop.com/products/8111626322060/33x12-50r22lt-amp-terrain-attack-a-t-a-tire?variantId=43953195253900,shop.app,,,,,,,318.0
MYX Automotive,,False,M/T,37x13.50R26,F,TERRAIN ATTACK M/T A 37x13.50R26 117Q LR F 80PSI MAX,1,550.99,,550.99,,7897731006506,44406138765354,https://shop.com/products/7897731006506/terrain-attack-m-t-a-37x13-50r26-117q-lr-f-80psi-max?variantId=44406138765354,shop.app,,,,,,,550.99
BattlegroundOffroadSupply,,False,M/T,285/65R18,,AMP Terrain Attack M/T Tire - LT285/65R18 125/122Q,1,328.99,,328.99,,9988572086520,49645569605880,https://shop.com/products/9988572086520/amp-terrain-attack-m-t-tire-lt285-65r18-125-122q?variantId=49645569605880,shop.app,,,,,,,328.99
Late Model Truck,,False,Terrain Attack A/T A,305/55R20,,AMP Terrain Attack A/T A Tire - LT305/55R20 121/118S,1,293.99,,293.99,,7841427620047,44974623293647,https://shop.com/products/7841427620047/amp-terrain-attack-a-t-a-tire-lt305-55r20-121-118s?variantId=44974623293647,shop.app,,,,,,,293.99
Wheel Tire Direct,,True,Terrain Attack A/T A,315/70R17,E,AMP Terrain Attack AT A 315/70R17 (Load E),1,262.45,287.0,262.45,,9965530186042,51611713044794,https://shop.com/products/9965530186042/amp-terrain-attack-at-a-315-70r17-load-e?variantId=51611713044794,shop.app,,,,,,,
MOTORMIA,,False,Terrain Attack A/T A,265/50R20,,AMP Terrain Attack A/T A Tire - LT265/50R20 115/112S,1,256.0,,256.0,,10468886806840,51835729674552,https://shop.com/products/10468886806840/amp-terrain-attack-a-t-a-tire-lt265-50r20-115-112s?variantId=51835729674552,shop.app,,,0.0,256.0,free shipping,,256.0
Wheel Tire Direct,,True,R/T,35x12.50R20,E,AMP Terrain Attack RT 35x12.50R20LT (Load E),1,286.63,352.0,286.63,,9967330820410,51620429365562,https://shop.com/products/9967330820410/amp-terrain-attack-rt-35x12-50r20lt-load-e?variantId=51620429365562,shop.app,,,,,,,
Late Model Truck,,False,Terrain Attack A/T A,305/60R18,,AMP Terrain Attack A/T A Tire - LT305/60R18 121/118R,1,291.99,,291.99,,7841427718351,44974623490255,https://shop.com/products/7841427718351/amp-terrain-attack-a-t-a-tire-lt305-60r18-121-118r?variantId=44974623490255,shop.app,,,,,,,291.99
Late Model Truck,,False,Terrain Attack A/T A,265/70R17,,AMP Terrain Attack A/T A Tire - LT265/70R17 121/118S,1,205.99,,205.99,,7841426833615,44974621720783,https://shop.com/products/7841426833615/amp-terrain-attack-a-t-a-tire-lt265-70r17-121-118s?variantId=44974621720783,shop.app,,,,,,,205.99
Wheel Tire Direct,,True,R/T,37x13.50R24,E,AMP Terrain Attack RT 37x13.50R24LT (Load E),1,424.46,509.0,424.46,,9966940258618,51618798305594,https://shop.com/products/9966940258618/amp-terrain-attack-rt-37x13-50r24lt-load-e?variantId=51618798305594,shop.app,,,,,,,
MYX Automotive,,False,R/T,35x12.50R20,F,35X12.50R20LT TERRAIN ATTACK R/T 125Q LR F,1,353.99,,353.99,,7897731334186,44406139256874,https://shop.com/products/7897731334186/35x12-50r20lt-terrain-attack-r-t-125q-lr-f?variantId=44406139256874,shop.app,,,,,,,353.99
SPO Supply Co.,,False,R/T,33x12.50R22,,33x12.50R22 AMP Terrain Attack RT,1,360.0,,360.0,,9230115340453,45947901870245,https://shop.com/products/9230115340453/33x12-50r22-amp-terrain-attack-rt?variantId=45947901870245,shop.app,,,,,,,360.0
Wheel Tire Direct,,True,R/T,33x12.50R22,F,AMP Terrain Attack RT 33x12.50R22LT (Load F),1,294.82,376.0,294.82,,9966838612282,51618479440186,https://shop.com/products/9966838612282/amp-terrain-attack-rt-33x12-50r22lt-load-f?variantId=51618479440186,shop.app,,,,,,,
Wheel Tire Direct,,True,M/T,37x13.50R24,E,AMP Mud Terrain Attack MT A 37x13.50R24 (Load E),1,411.45,513.0,411.45,,9966114373946,51614978638138,https://shop.com/products/9966114373946/amp-mud-terrain-attack-mt-a-37x13-50r24-load-e?variantId=51614978638138,shop.app,,,,,,,
GE Tires Online Inc,,False,M/T,285/55R20,,AMP Mud Terrain Attack M-T A 285/55R20,1,295.2,,295.2,,10325002027288,52356356571416,https://shop.com/products/10325002027288/amp-mud-terrain-attack-m-t-a-285-55r20?variantId=52356356571416,shop.app,,,0.0,295.2,free shipping,,295.2
Wheel Tire Direct,,True,M/T,37x13.50R26,F,AMP Mud Terrain Attack MT A 37x13.50R26LT (Load F),1,494.9,551.0,494.9,,9967330689338,51620428874042,https://shop.com/products/9967330689338/amp-mud-terrain-attack-mt-a-37x13-50r26lt-load-f?variantId=51620428874042,shop.app,,,,,,,
EZ Wheeler,,False,Terrain Attack A/T A,265/70R17,E,TERRAIN ATTACK A/T A 265/70R17 121/118S LR E 80PSI MAX,1,205.99,210.0,205.99,,9219912794345,50619116323049,https://shop.com/products/9219912794345/terrain-attack-a-t-a-265-70r17-121-118s-lr-e-80psi-max?variantId=50619116323049,shop.app,,,,,,,205.99
Dually Wheels,,False,M/T,33x12.50R20,,33x12.50R20LT/10 Amp Tires Terrain Attack M/T Tires Set of 6,6,1956.0,2151.6,326.0,,7916247974143,46049988149503,https://shop.com/products/7916247974143/33x12-50r20lt-10-amp-tires-terrain-attack-m-t-tires-set-of-6?variantId=46049988149503,shop.app,,,,,,,326.0
Wheel Tire Direct,,True,M/T,33x13.50R24,F,AMP Mud Terrain Attack MT A 33x13.50R24 (Load F),1,357.0,400.0,357.0,,9965911146810,51613587439930,https://shop.com/products/9965911146810/amp-mud-terrain-attack-mt-a-33x13-50r24-load-f?variantId=51613587439930,shop.app,,,,,,,
Wheel Tire Direct,,True,M/T,35x11.50R20,E,AMP Mud Terrain Attack MT A 35x11.50R20 (Load E),1,316.21,351.0,316.21,,9967707423034,51621403623738,https://shop.com/products/9967707423034/amp-mud-terrain-attack-mt-a-35x11-50r20-load-e?variantId=51621403623738,shop.app,,,,,,,
Wheel Tire Direct,,True,R/T,35x12.50R22,F,AMP Terrain Attack RT 35x12.50R22LT (Load F),1,298.45,416.0,298.45,,9966727561530,51618121384250,https://shop.com/products/9966727561530/amp-terrain-attack-rt-35x12-50r22lt-load-f?variantId=51618121384250,shop.app,,,,,,,
Red 5 Garage,,False,R/T,33x12.50R22,,AMP Terrain Attack R/T Tire - 33X12.50R22LT 109Q,1,336.99,,336.99,,7938475556907,44152675237931,https://shop.com/products/7938475556907/amp-terrain-attack-r-t-tire-33x12-50r22lt-109q?variantId=44152675237931,shop.app,,,,,,,336.99
Legends Auto Parts,,False,R/T,35x12.50R20,,AMP Terrain Attack RT 35x12.50R20LT,1,489.99,,489.99,,8748712231171,45925443436803,https://shop.com/products/8748712231171/amp-terrain-attack-rt-35x12-50r20lt?variantId=45925443436803,shop.app,,,,,,,489.99
Quadratec,,False,Terrain Attack A/T A,285/55R20,,AMP ATTACK A/T 285/55R20 TIRE,1,260.99,,260.99,,9127737393410,46804146127106,https://shop.com/products/9127737393410/amp-attack-a-t-285-55r20-tire?variantId=46804146127106,shop.app,,,0.0,260.99,free shipping,,260.99
Dually Wheels,,False,M/T,35x15.50R24,,35X15.50R24LT/10 Amp Tires Terrain Attack M/T Tires Set of 6,6,2976.0,3273.6,496.0,,7916249252095,46050005647615,https://shop.com/products/7916249252095/35x15-50r24lt-10-amp-tires-terrain-attack-m-t-tires-set-of-6?variantId=46050005647615,shop.app,,,,,,,496.0
Wheel Tire Direct,,True,R/T,285/70R17,C,AMP Terrain Attack RT LT285/70R17 (Load C),1,181.18,265.0,181.18,,9965675938106,51612481323322,https://shop.com/products/9965675938106/amp-terrain-attack-rt-lt285-70r17-load-c?variantId=51612481323322,shop.app,,,,,,,
Trail Ops,,False,Terrain Attack A/T A,37x12.50R20,E,AMP Terrain Attack A/T A 37x12.50R20LT Load E Tire,1,369.0,,369.0,,9212945400047,47515238433007,https://shop.com/products/9212945400047/amp-terrain-attack-a-t-a-37x12-50r20lt-load-e-tire?variantId=47515238433007,shop.app,,,,,,,369.0
Trail Ops,,False,M/T,285/65R18,E,AMP Terrain Attack M/T LT285/65R18 Load E Tire,1,329.0,,329.0,,9204445020399,47418201964783,https://shop.com/products/9204445020399/amp-terrain-attack-m-t-lt285-65r18-load-e-tire?variantId=47418201964783,shop.app,,,,,,,329.0
EZ Wheeler,,False,M/T,35x15.50R22,F,TERRAIN ATTACK M/T A 35X15.50R22 125Q LR F 95PSI MAX,1,487.0,,487.0,,8787162169577,47887593734377,https://shop.com/products/8787162169577/terrain-attack-m-t-a-35x15-50r22-125q-lr-f-95psi-max?variantId=47887593734377,shop.app,,,,,,,487.0
Dually Wheels,,False,M/T,285/65R18,,LT285/65R18/10 Amp Tires Terrain Attack M/T Tires Set of 6,6,1974.0,2171.4,329.0,,7916246860031,46049268334847,https://shop.com/products/7916246860031/lt285-65r18-10-amp-tires-terrain-attack-m-t-tires-set-of-6?variantId=46049268334847,shop.app,,,,,,,329.0
Mach Yeti Racing,,False,M/T,285/55R20,,AMP Terrain Attack M/T Tire - LT285/55R20 122/119Q,1,304.99,,304.99,,9798983155796,45266107334740,https://shop.com/products/9798983155796/amp-terrain-attack-m-t-tire-lt285-55r20-122-119q?variantId=45266107334740,shop.app,,,,,,,304.99
Wheel Tire Direct,,True,M/T,33x12.50R20,E,AMP Mud Terrain Attack MT A 33x12.50R20 (Load E),1,268.4,326.0,268.4,,9967085977914,51619207446842,https://shop.com/products/9967085977914/amp-mud-terrain-attack-mt-a-33x12-50r20-load-e?variantId=51619207446842,shop.app,,,,,,,
EZ Wheeler,,False,M/T,35x15.50R24,E,TERRAIN ATTACK M/T A 35X15.50R24 117Q LR E 65PSI MAX,1,495.99,496.0,495.99,,8787163119849,47887594782953,https://shop.com/products/8787163119849/terrain-attack-m-t-a-35x15-50r24-117q-lr-e-65psi-max?variantId=47887594782953,shop.app,,,,,,,495.99
Late Model Truck,,False,M/T,35x12.50R20,,AMP Terrain Attack M/T Tire - 35x12.50R20LT 121Q,1,328.99,,328.99,,7841428472015,44974625063119,https://shop.com/products/7841428472015/amp-terrain-attack-m-t-tire-35x12-50r20lt-121q?variantId=44974625063119,shop.app,,,,,,,328.99
Mach Yeti Racing,,False,M/T,305/55R20,,AMP Terrain Attack M/T Tire - LT305/55R20 121/118Q,1,336.99,,336.99,,9798988857428,45266113724500,https://shop.com/products/9798988857428/amp-terrain-attack-m-t-tire-lt305-55r20-121-118q?variantId=45266113724500,shop.app,,,,,,,336.99
Dually Wheels,,False,M/T,37x13.50R26,,37x13.50R26LT/12 Amp Tires Terrain Attack M/T Tires Set of 6,6,3306.0,3636.6,551.0,,7916249579775,46049988870399,https://shop.com/products/7916249579775/37x13-50r26lt-12-amp-tires-terrain-attack-m-t-tires-set-of-6?variantId=46049988870399,shop.app,,,,,,,551.0
TruckStoreOnline.com,,False,Terrain Attack A/T A,35x13.50R24,,AMP Tires 2022-2026 Chevrolet Silverado 1500 ZR2 AMP Attack R Tire 35X13.50R24LT 116Q,1,506.99,,506.99,,15115332813164,53718391521644,https://shop.com/products/15115332813164/amp-tires-2022-2026-chevrolet-silverado-1500-zr2-amp-attack-r-tire-35x13?variantId=53718391521644,shop.app,,,107.0,613.99,$107.00/tire (store_shipping.csv),,613.99
GE Tires Online Inc,,False,M/T,37x13.50R26,,AMP Mud Terrain Attack M-T A 37X13.5R26,1,773.12,,773.12,,10325002879256,52356359684376,https://shop.com/products/10325002879256/amp-mud-terrain-attack-m-t-a-37x13-5r26?variantId=52356359684376,shop.app,,,0.0,773.12,free shipping,,773.12
GE Tires Online Inc,,False,M/T,37x13.50R28,,AMP Mud Terrain Attack M-T A 37X13.5R28,1,1008.8,,1008.8,,10325002912024,52356359717144,https://shop.com/products/10325002912024/amp-mud-terrain-attack-m-t-a-37x13-5r28?variantId=52356359717144,shop.app,,,0.0,1008.8,free shipping,,1008.8
GE Tires Online Inc,,False,M/T,33x13.50R26,,AMP Mud Terrain Attack M-T A 33X13.5R26,1,494.05,,494.05,,10325002584344,52356359389464,https://shop.com/products/10325002584344/amp-mud-terrain-attack-m-t-a-33x13-5r26?variantId=52356359389464,shop.app,,,0.0,494.05,free shipping,,494.05
GE Tires Online Inc,,False,M/T,37x13.50R22,,AMP Mud Terrain Attack M-T A 37X13.5R22,1,686.15,,686.15,,10325002846488,52356359651608,https://shop.com/products/10325002846488/amp-mud-terrain-attack-m-t-a-37x13-5r22?variantId=52356359651608,shop.app,,,0.0,686.15,free shipping,,686.15
"Platinum High Performance Solutions, LLC.",,False,M/T,35x12.50R20,E,AMP Tires 35X12.50R20 MUD Terrain Attack M/T A 121Q LR E,1,346.0,,346.0,,8170640343326,44620685443358,https://shop.com/products/8170640343326/amp-tires-35x12-50r20-mud-terrain-attack-m-t-a-121q-lr-e?variantId=44620685443358,shop.app,,,,,,,346.0
GE Tires Online Inc,,False,M/T,37x13.50R24,,AMP Mud Terrain Attack M-T A 37X13.5R24,1,699.72,,699.72,,10281002238232,52095247909144,https://shop.com/products/10281002238232/amp-mud-terrain-attack-m-t-a-37x13-5r24?variantId=52095247909144,shop.app,,,0.0,699.72,free shipping,,699.72
SHOPWHEELXPRESS,,False,M/T,35x12.50R20,,AMP Mud Terrain Attack MT A Mud Terrain 35x12.50R20LT Tire,1,346.0,,346.0,,8508669001865,45406731141257,https://shop.com/products/8508669001865/amp-mud-terrain-attack-mt-a-mud-terrain-35x12-50r20lt-tire?variantId=45406731141257,shop.app,,,,,,,346.0
Next Level Performance,,False,M/T,33x13.50R24,,AMP Terrain Attack M/T Tire - 33x13.50R24LT 121Q,1,391.99,,391.99,,9618299289751,47847847198871,https://shop.com/products/9618299289751/amp-terrain-attack-m-t-tire-33x13-50r24lt-121q?variantId=47847847198871,shop.app,,,20.0,411.99,$20.00/tire (store_shipping.csv),,411.99
eliteracefab.com,,False,M/T,37x13.50R28,,AMP Mud Terrain Attack M/T A Tires - 37x13.50R28LT,1,859.0,,859.0,,9444125802664,55530732716200,https://shop.com/products/9444125802664/amp-mud-terrain-attack-m-t-a-tires-37x13-50r28lt?variantId=55530732716200,shop.app,,,0.0,859.0,free shipping,,859.0
TFS Wheels,,False,M/T,37x12.50R17,,AMP Mud Terrain Attack MT A 37x12.50R17LT,1,403.0,,403.0,,9649205739671,47943664959639,https://shop.com/products/9649205739671/amp-mud-terrain-attack-mt-a-37x12-50r17lt?variantId=47943664959639,shop.app,,,0.0,403.0,free shipping,,403.0
TryBeepbeep,,False,M/T,33x12.50R22,E,Mud Terrain AMP Tires 33-125022AMP/CM2 Attack M/T A Tire 33x12.50R22 109Q LR E,1,336.99,,336.99,,10125594591514,51707328528666,https://shop.com/products/10125594591514/mud-terrain-amp-tires-33-125022amp-cm2-attack-m-t-a-tire-33x12?variantId=51707328528666,shop.app,,,0.0,336.99,free shipping,,336.99
Forge USA,,False,M/T,35x11.50R20,,AMP Terrain Attack M/T A LT35X11.50R20,1,351.0,,351.0,,10122093560048,50086595494128,https://shop.com/products/10122093560048/amp-terrain-attack-m-t-a-lt35x11-50r20?variantId=50086595494128,shop.app,,,,,,,351.0
GE Tires Online Inc,,False,M/T,285/65R18,,AMP Mud Terrain Attack M-T A 285/65R18,1,316.64,,316.64,,10325002092824,52356356636952,https://shop.com/products/10325002092824/amp-mud-terrain-attack-m-t-a-285-65r18?variantId=52356356636952,shop.app,,,0.0,316.64,free shipping,,316.64
GE Tires Online Inc,,False,M/T,35x13.50R24,,AMP Mud Terrain Attack M-T A 35X13.5R24,1,563.85,,563.85,,10352343712024,52432037347608,https://shop.com/products/10352343712024/amp-mud-terrain-attack-m-t-a-35x13-5r24?variantId=52432037347608,shop.app,,,0.0,563.85,free shipping,,563.85
eliteracefab.com,,False,M/T,33x12.50R20,,AMP Mud Terrain Attack M/T A Tires - 33x12.50R20LT,1,326.0,,326.0,,9444123410600,55530722066600,https://shop.com/products/9444123410600/amp-mud-terrain-attack-m-t-a-tires-33x12-50r20lt?variantId=55530722066600,shop.app,,,0.0,326.0,free shipping,,326.0
GE Tires Online Inc,,False,M/T,305/55R20,,AMP Mud Terrain Attack M-T A 305/55R20,1,323.38,,323.38,,10337600700696,52388308549912,https://shop.com/products/10337600700696/amp-mud-terrain-attack-m-t-a-305-55r20?variantId=52388308549912,shop.app,,,0.0,323.38,free shipping,,323.38
GE Tires Online Inc,,False,M/T,325/50R22,,AMP Mud Terrain Attack M-T A 325/50R22,1,392.69,,392.69,,10325002289432,52356356866328,https://shop.com/products/10325002289432/amp-mud-terrain-attack-m-t-a-325-50r22?variantId=52356356866328,shop.app,,,0.0,392.69,free shipping,,392.69
TFS Wheels,,False,M/T,35x12.50R18,,AMP Mud Terrain Attack MT A 35x12.50R18LT,1,274.83,373.99,274.83,,8731325399191,45042123243671,https://shop.com/products/8731325399191/amp-mud-terrain-attack-mt-a-35x12-50r18lt?variantId=45042123243671,shop.app,,,0.0,274.83,free shipping,,274.83
Speedzone Performance LLC,,False,M/T,37x13.50R26,,AMP Terrain Attack M/T Tire - 37x13.50R26LT 117Q,1,551.0,,551.0,,7350051143765,42283607883861,https://shop.com/products/7350051143765/amp-terrain-attack-m-t-tire-37x13-50r26lt-117q?variantId=42283607883861,shop.app,,,,,,,551.0
Speedzone Performance LLC,,False,M/T,37x12.50R22,,AMP Terrain Attack M/T Tire - 37x12.50R22LT 127Q,1,450.0,,450.0,,7350050914389,42283606212693,https://shop.com/products/7350050914389/amp-terrain-attack-m-t-tire-37x12-50r22lt-127q?variantId=42283606212693,shop.app,,,,,,,450.0
Speedzone Performance LLC,,False,M/T,37x13.50R20,,AMP Terrain Attack M/T Tire - 37x13.50R20LT 127Q,1,453.0,,453.0,,7350050947157,42283606245461,https://shop.com/products/7350050947157/amp-terrain-attack-m-t-tire-37x13-50r20lt-127q?variantId=42283606245461,shop.app,,,,,,,453.0
eliteracefab.com,,False,M/T,37x13.50R26,,AMP Mud Terrain Attack M/T A Tires - 37x13.50R26LT,1,551.0,,551.0,,9444125737128,55530732421288,https://shop.com/products/9444125737128/amp-mud-terrain-attack-m-t-a-tires-37x13-50r26lt?variantId=55530732421288,shop.app,,,0.0,551.0,free shipping,,551.0
eliteracefab.com,,False,M/T,33x13.50R26,,AMP Mud Terrain Attack M/T A Tires - 33x13.50R26LT,1,470.0,,470.0,,9444123803816,55530723639464,https://shop.com/products/9444123803816/amp-mud-terrain-attack-m-t-a-tires-33x13-50r26lt?variantId=55530723639464,shop.app,,,0.0,470.0,free shipping,,470.0
eliteracefab.com,,False,M/T,33x14.50R22,,AMP Mud Terrain Attack M/T A Tires - 33x14.50R22LT,1,425.0,,425.0,,9444123902120,55530723967144,https://shop.com/products/9444123902120/amp-mud-terrain-attack-m-t-a-tires-33x14-50r22lt?variantId=55530723967144,shop.app,,,0.0,425.0,free shipping,,425.0
RAV Performance,,False,M/T,37x13.50R22,,AMP Terrain Attack M/T Tire - 37x13.50R22LT 123Q,1,468.99,,468.99,,9455577989365,47431098892533,https://shop.com/products/9455577989365/amp-terrain-attack-m-t-tire-37x13-50r22lt-123q?variantId=47431098892533,shop.app,,,,,,,468.99
Complete Street Performance,,False,M/T,38x15.50R26,,Amp Tires 38-155026AMP/CM2 - AMP Terrain Attack M/T Tire - 38X15.50R26LT 126P,1,712.99,784.29,712.99,,9986580021526,50065228529942,https://shop.com/products/9986580021526/amp-tires-38-155026amp-cm2-amp-terrain-attack-m-t-tire-38x15-50r26lt?variantId=50065228529942,shop.app,,,,,,,712.99
TFS Wheels,,False,M/T,33x12.50R22,,AMP Mud Terrain Attack MT A 33x12.50R22LT,1,354.0,,354.0,,8731417772183,45042232000663,https://shop.com/products/8731417772183/amp-mud-terrain-attack-mt-a-33x12-50r22lt?variantId=45042232000663,shop.app,,,0.0,354.0,free shipping,,354.0
GE Tires Online Inc,,False,M/T,33x14.50R22,,AMP Mud Terrain Attack M-T A 33X14.5R22,1,471.22,,471.22,,10325002617112,52356359422232,https://shop.com/products/10325002617112/amp-mud-terrain-attack-m-t-a-33x14-5r22?variantId=52356359422232,shop.app,,,0.0,471.22,free shipping,,471.22
eliteracefab.com,,False,M/T,35x13.50R26,,AMP Mud Terrain Attack M/T A Tires - 35x13.50R26LT,1,540.0,,540.0,,9444125114536,55530729472168,https://shop.com/products/9444125114536/amp-mud-terrain-attack-m-t-a-tires-35x13-50r26lt?variantId=55530729472168,shop.app,,,0.0,540.0,free shipping,,540.0
eliteracefab.com,,False,M/T,33x12.50R22,,AMP Mud Terrain Attack M/T A Tires - 33x12.50R22LT,1,354.0,,354.0,,9444123541672,55530722263208,https://shop.com/products/9444123541672/amp-mud-terrain-attack-m-t-a-tires-33x12-50r22lt?variantId=55530722263208,shop.app,,,0.0,354.0,free shipping,,354.0
eliteracefab.com,,False,M/T,37x12.50R22,,AMP Mud Terrain Attack M/T A Tires - 37x12.50R22LT,1,450.0,,450.0,,9444125343912,55530730520744,https://shop.com/products/9444125343912/amp-mud-terrain-attack-m-t-a-tires-37x12-50r22lt?variantId=55530730520744,shop.app,,,0.0,450.0,free shipping,,450.0
TFS Wheels,,False,M/T,38x15.50R26,,AMP Mud Terrain Attack MT A 38x15.50R26LT,1,712.8,,712.8,,8731502182551,45042333515927,https://shop.com/products/8731502182551/amp-mud-terrain-attack-mt-a-38x15-50r26lt?variantId=45042333515927,shop.app,,,0.0,712.8,free shipping,,712.8
Speedzone Performance LLC,,False,M/T,35x15.50R22,,AMP Terrain Attack M/T Tire - 35x15.50R22LT 125Q,1,487.0,,487.0,,7350050816085,42283606114389,https://shop.com/products/7350050816085/amp-terrain-attack-m-t-tire-35x15-50r22lt-125q?variantId=42283606114389,shop.app,,,,,,,487.0
TFS Wheels,,False,M/T,33x12.50R20,,AMP Mud Terrain Attack MT A 33x12.50R20,1,317.79,,317.79,,8731324645527,45042122424471,https://shop.com/products/8731324645527/amp-mud-terrain-attack-mt-a-33x12-50r20?variantId=45042122424471,shop.app,,,0.0,317.79,free shipping,,317.79
eliteracefab.com,,False,M/T,325/50R22,,AMP Mud Terrain Attack M/T A Tires - LT325/50R22,1,459.0,,459.0,,9444123181224,55530721018024,https://shop.com/products/9444123181224/amp-mud-terrain-attack-m-t-a-tires-lt325-50r22?variantId=55530721018024,shop.app,,,0.0,459.0,free shipping,,459.0
Speedzone Performance LLC,,False,M/T,37x13.50R22,,AMP Terrain Attack M/T Tire - 37x13.50R22LT 123Q,1,468.99,,468.99,,7350050979925,42283606343765,https://shop.com/products/7350050979925/amp-terrain-attack-m-t-tire-37x13-50r22lt-123q?variantId=42283606343765,shop.app,,,,,,,468.99
TFS Wheels,,False,M/T,35x11.50R20,,AMP Mud Terrain Attack MT A 35x11.50R20,1,351.0,,351.0,,8731324842135,45042122621079,https://shop.com/products/8731324842135/amp-mud-terrain-attack-mt-a-35x11-50r20?variantId=45042122621079,shop.app,,,0.0,351.0,free shipping,,351.0
eliteracefab.com,,False,M/T,37x13.50R22,,AMP Mud Terrain Attack M/T A Tires - 37x13.50R22LT,1,493.0,,493.0,,9444125474984,55530731110568,https://shop.com/products/9444125474984/amp-mud-terrain-attack-m-t-a-tires-37x13-50r22lt?variantId=55530731110568,shop.app,,,0.0,493.0,free shipping,,493.0
Wheel Tire Direct,,True,M/T,37x12.50R22,F,AMP Mud Terrain Attack MT A 37x12.50R22LT (Load F),1,404.0,450.0,404.0,,9965783941434,51612946465082,https://shop.com/products/9965783941434/amp-mud-terrain-attack-mt-a-37x12-50r22lt-load-f?variantId=51612946465082,shop.app,,,,,,,
TFS Wheels,,False,M/T,35x12.50R17,,AMP Mud Terrain Attack MT A 35x12.50R17LT,1,370.0,,370.0,,8731502542999,45042333909143,https://shop.com/products/8731502542999/amp-mud-terrain-attack-mt-a-35x12-50r17lt?variantId=45042333909143,shop.app,,,0.0,370.0,free shipping,,370.0
Down East Offroad,,False,M/T,37x13.50R26,,AMP Terrain Attack M/T Tire - 37x13.50R26LT 117Q,1,551.0,,551.0,,14998232564084,54153003204980,https://shop.com/products/14998232564084/amp-terrain-attack-m-t-tire-37x13-50r26lt-117q?variantId=54153003204980,shop.app,,,,,,,551.0
Legends Auto Parts,,False,M/T,37x13.50R20,,AMP Mud Terrain Attack MT A 37x13.50R20LT,1,539.99,,539.99,,8748680282371,45925276811523,https://shop.com/products/8748680282371/amp-mud-terrain-attack-mt-a-37x13-50r20lt?variantId=45925276811523,shop.app,,,,,,,539.99
Renegade Speed by Renegade Racing & Performance,,False,M/T,35x12.50R18,,AMP Tires Terrain Attack M/T Tire - 35x12.50R18LT 123Q for Off-Road and Mud-Terrain Performance,1,374.0,,374.0,,11068222406929,53601862779153,https://shop.com/products/11068222406929/amp-tires-terrain-attack-m-t-tire-35x12-50r18lt-123q-for-off-road?variantId=53601862779153,shop.app,,,,,,,374.0
Renegade Speed by Renegade Racing & Performance,,False,M/T,35x12.50R17,,AMP Tires Terrain Attack M/T Tire - 35x12.50R17LT 121Q for Off-Road and Mud Terrain Performance,1,370.0,,370.0,,11068222636305,53601863008529,https://shop.com/products/11068222636305/amp-tires-terrain-attack-m-t-tire-35x12-50r17lt-121q-for-off-road?variantId=53601863008529,shop.app,,,,,,,370.0
TFS Wheels,,False,M/T,285/65R18,,AMP Mud Terrain Attack MT A LT285/65R18,1,329.0,,329.0,,8731502477463,45042333941911,https://shop.com/products/8731502477463/amp-mud-terrain-attack-mt-a-lt285-65r18?variantId=45042333941911,shop.app,,,0.0,329.0,free shipping,,329.0
Wheel Tire Direct,,True,M/T,35x12.50R20,E,AMP Mud Terrain Attack MT A 35x12.50R20LT (Load E),1,234.0,346.0,234.0,,9966909456698,51618718744890,https://shop.com/products/9966909456698/amp-mud-terrain-attack-mt-a-35x12-50r20lt-load-e?variantId=51618718744890,shop.app,,,,,,,
ATOMIC-SHOP Performance Parts & Motorsport Equipment - USA,,False,M/T,35x12.50R20,,AMP Terrain Attack M/T Tire - 35x12.50R20LT 121Q,1,328.99,,328.99,,10491626127662,51939883876654,https://shop.com/products/10491626127662/amp-terrain-attack-m-t-tire-35x12-50r20lt-121q?variantId=51939883876654,shop.app,,,,,,,328.99
eliteracefab.com,,False,M/T,33x13.50R24,,AMP Mud Terrain Attack M/T A Tires - 33x13.50R24LT,1,400.0,,400.0,,9444123771048,55530723311784,https://shop.com/products/9444123771048/amp-mud-terrain-attack-m-t-a-tires-33x13-50r24lt?variantId=55530723311784,shop.app,,,0.0,400.0,free shipping,,400.0
Next Level Performance,,False,M/T,35x12.50R18,,AMP Terrain Attack M/T Tire - 35x12.50R18LT 123Q,1,374.0,,374.0,,9562140311703,47624120565911,https://shop.com/products/9562140311703/amp-terrain-attack-m-t-tire-35x12-50r18lt-123q?variantId=47624120565911,shop.app,,,20.0,394.0,$20.00/tire (store_shipping.csv),,394.0
Complete Street Performance,,False,M/T,285/65R18,,Amp Tires 285-6518AMP/CM2 - AMP Terrain Attack M/T Tire - LT285/65R18 125/122Q,1,329.0,361.9,329.0,,9986578776342,50065226596630,https://shop.com/products/9986578776342/amp-tires-285-6518amp-cm2-amp-terrain-attack-m-t-tire-lt285-65r18?variantId=50065226596630,shop.app,,,,,,,329.0
Mach Yeti Racing,,False,M/T,33x14.50R22,,AMP Terrain Attack M/T Tire - 33x14.50R22LT 117Q,1,424.99,,424.99,,9798995083348,45266120769620,https://shop.com/products/9798995083348/amp-terrain-attack-m-t-tire-33x14-50r22lt-117q?variantId=45266120769620,shop.app,,,,,,,424.99
Wheel Tire Direct,,True,M/T,35x13.50R26,F,AMP Mud Terrain Attack MT A 35x13.50R26LT (Load F),1,429.0,540.0,429.0,,9966789296442,51618323792186,https://shop.com/products/9966789296442/amp-mud-terrain-attack-mt-a-35x13-50r26lt-load-f?variantId=51618323792186,shop.app,,,,,,,
SHOPWHEELXPRESS,,False,M/T,35x13.50R24,,AMP Mud Terrain Attack MT A Mud Terrain 35x13.50R24 Tire,1,461.0,,461.0,,8513374945417,45420268650633,https://shop.com/products/8513374945417/amp-mud-terrain-attack-mt-a-mud-terrain-35x13-50r24-tire?variantId=45420268650633,shop.app,,,,,,,461.0
SHOPWHEELXPRESS,,False,M/T,285/55R20,,AMP Mud Terrain Attack MT A Mud Terrain LT285/55R20 Tire,1,330.36,,330.36,,8509481844873,45409332232329,https://shop.com/products/8509481844873/amp-mud-terrain-attack-mt-a-mud-terrain-lt285-55r20-tire?variantId=45409332232329,shop.app,,,,,,,330.36
Wheel Tire Direct,,True,M/T,285/65R18,E,AMP Mud Terrain Attack MT A LT285/65R18 (Load E),1,295.1,329.0,295.1,,9966281883962,51615497027898,https://shop.com/products/9966281883962/amp-mud-terrain-attack-mt-a-lt285-65r18-load-e?variantId=51615497027898,shop.app,,,,,,,
FR SPORT,,False,M/T,35x12.50R17,,AMP Tires AMP Terrain Attack M/T Tire - 35x12.50R17LT 121Q 35-125017AMP/CM2,1,369.99,,369.99,,8881863950488,47391136219288,https://shop.com/products/8881863950488/amp-tires-amp-terrain-attack-m-t-tire-35x12-50r17lt-121q-35-125017amp?variantId=47391136219288,shop.app,,,,,,,369.99
FR SPORT,,False,Terrain Attack A/T A,35x12.50R22,,AMP Tires AMP Terrain Attack A/T A Tire - 35x12.50R22LT 117R 35-125022AMP/CA3,1,314.99,,314.99,,8881864016024,47391136284824,https://shop.com/products/8881864016024/amp-tires-amp-terrain-attack-a-t-a-tire-35x12-50r22lt-117r-35?variantId=47391136284824,shop.app,,,,,,,314.99
SHOPWHEELXPRESS,,False,M/T,37x13.50R24,,AMP Mud Terrain Attack MT A Mud Terrain 37x13.50R24 Tire,1,513.0,,513.0,,8509125296265,45407441551497,https://shop.com/products/8509125296265/amp-mud-terrain-attack-mt-a-mud-terrain-37x13-50r24-tire?variantId=45407441551497,shop.app,,,,,,,513.0
Dually Wheels,,False,M/T,37x13.50R28,,37X13.50R28LT/12 Amp Tires Terrain Attack M/T Tires Set of 6,6,5154.0,5669.4,859.0,,7916249645311,46049989067007,https://shop.com/products/7916249645311/37x13-50r28lt-12-amp-tires-terrain-attack-m-t-tires-set-of-6?variantId=46049989067007,shop.app,,,,,,,859.0
SHOPWHEELXPRESS,,False,M/T,325/50R22,,AMP Mud Terrain Attack MT A Mud Terrain LT325/50R22 Tire,1,459.0,,459.0,,8509179166857,45407766380681,https://shop.com/products/8509179166857/amp-mud-terrain-attack-mt-a-mud-terrain-lt325-50r22-tire?variantId=45407766380681,shop.app,,,,,,,459.0
Dually Wheels,,False,M/T,37x12.50R22,,37x12.50R22LT/12 Amp Tires Terrain Attack M/T Tires Set of 6,6,2700.0,2970.0,450.0,,7916249874687,46049275871487,https://shop.com/products/7916249874687/37x12-50r22lt-12-amp-tires-terrain-attack-m-t-tires-set-of-6?variantId=46049275871487,shop.app,,,,,,,450.0
Complete Street Performance,,False,M/T,35x13.50R24,,Amp Tires 35-135024AMP/CM2 - AMP Terrain Attack M/T Tire - 35x13.50R24LT 112Q,1,437.99,481.79,437.99,,9986579824918,50065228333334,https://shop.com/products/9986579824918/amp-tires-35-135024amp-cm2-amp-terrain-attack-m-t-tire-35x13-50r24lt?variantId=50065228333334,shop.app,,,,,,,437.99
Wheel Tire Direct,,True,M/T,33x13.50R26,F,AMP Mud Terrain Attack MT A 33x13.50R26LT (Load F),1,415.27,470.0,415.27,,9967655059770,51621277991226,https://shop.com/products/9967655059770/amp-mud-terrain-attack-mt-a-33x13-50r26lt-load-f?variantId=51621277991226,shop.app,,,,,,,
Garage Collections,,False,M/T,35x12.50R20,,LT35X12.50R20 AMP TERRAIN ATTACK M/T,1,235.0,,235.0,,8975669231752,46191536078984,https://shop.com/products/8975669231752/lt35x12-50r20-amp-terrain-attack-m-t?variantId=46191536078984,shop.app,,,0.0,235.0,free shipping,,235.0
Dually Wheels,,False,M/T,38x15.50R26,,38X15.50R26LT/10 Amp Tires Terrain Attack M/T Tires Set of 6,6,4500.0,4950.0,750.0,,7916249743615,46049275642111,https://shop.com/products/7916249743615/38x15-50r26lt-10-amp-tires-terrain-attack-m-t-tires-set-of-6?variantId=46049275642111,shop.app,,,,,,,750.0
TryBeepbeep,,False,M/T,325/50R22,E,Mud Terrain Amp Tires 325-5022AMP/CM2 Attack M/T A Tire 325/50R22 122Q LR E,1,436.99,,436.99,,10125594362138,51707327611162,https://shop.com/products/10125594362138/mud-terrain-amp-tires-325-5022amp-cm2-attack-m-t-a-tire-325?variantId=51707327611162,shop.app,,,0.0,436.99,free shipping,,436.99
Dually Wheels,,False,M/T,37x13.50R22,,37x13.50R22LT/10 Amp Tires Terrain Attack M/T Tires Set of 6,6,2958.0,3253.8,493.0,,7916249415935,43681060684031,https://shop.com/products/7916249415935/37x13-50r22lt-10-amp-tires-terrain-attack-m-t-tires-set-of-6?variantId=43681060684031,shop.app,,,,,,,493.0
SHOPWHEELXPRESS,,False,M/T,37x13.50R26,,AMP Mud Terrain Attack MT A Mud Terrain 37x13.50R26LT Tire,1,551.0,,551.0,,8508627910793,45406610456713,https://shop.com/products/8508627910793/amp-mud-terrain-attack-mt-a-mud-terrain-37x13-50r26lt-tire?variantId=45406610456713,shop.app,,,,,,,551.0
Legends Auto Parts,,False,M/T,33x13.50R24,F,AMP Mud Terrain Attack MT A 33x13.50R24 Load F,1,391.0,,391.0,,8748676120835,45925252595971,https://shop.com/products/8748676120835/amp-mud-terrain-attack-mt-a-33x13-50r24-load-f?variantId=45925252595971,shop.app,,,,,,,391.0
Wheel Tire Direct,,True,M/T,35x15.50R22,F,AMP Mud Terrain Attack MT A 35x15.50R22 (Load F),1,437.3,487.0,437.3,,9966470889786,51616415252794,https://shop.com/products/9966470889786/amp-mud-terrain-attack-mt-a-35x15-50r22-load-f?variantId=51616415252794,shop.app,,,,,,,
Dually Wheels,,False,M/T,33x14.50R22,,33x14.50R22LT/12 Amp Tires Terrain Attack M/T Tires Set of 6,6,2550.0,2805.0,425.0,,7916248334591,46049271841023,https://shop.com/products/7916248334591/33x14-50r22lt-12-amp-tires-terrain-attack-m-t-tires-set-of-6?variantId=46049271841023,shop.app,,,,,,,425.0
TFS Wheels,,False,M/T,37x13.50R28,,AMP Mud Terrain Attack MT A 37x13.50R28LT,1,859.0,,859.0,,8731417215127,45042231476375,https://shop.com/products/8731417215127/amp-mud-terrain-attack-mt-a-37x13-50r28lt?variantId=45042231476375,shop.app,,,0.0,859.0,free shipping,,859.0
CWO,,False,M/T,35x12.50R17,E,35x12.50R17LT Amp Tires Terrain Attack M/T 125Q LRE Black Wall Tire,1,370.0,,370.0,,10122310418745,51952035529017,https://shop.com/products/10122310418745/35x12-50r17lt-amp-tires-terrain-attack-m-t-125q-lre-black-wall-tire?variantId=51952035529017,shop.app,,,0.0,370.0,free shipping,,370.0
Complete Street Performance,,False,M/T,35x12.50R20,,Amp Tires 35-125020AMP/CM2 - AMP Terrain Attack M/T Tire - 35x12.50R20LT 121Q,1,328.99,361.89,328.99,,9986579104022,50065227317526,https://shop.com/products/9986579104022/amp-tires-35-125020amp-cm2-amp-terrain-attack-m-t-tire-35x12-50r20lt?variantId=50065227317526,shop.app,,,,,,,328.99
Dually Wheels,,False,M/T,33x13.50R24,,33x13.50R24LT/12 Amp Tires Terrain Attack M/T Tires Set of 6,6,2400.0,2640.0,400.0,,7916248236287,43681057702143,https://shop.com/products/7916248236287/33x13-50r24lt-12-amp-tires-terrain-attack-m-t-tires-set-of-6?variantId=43681057702143,shop.app,,,,,,,400.0
Quadratec,,False,M/T,37x12.50R22,,Terrain Attack M/TA 37X12.50X22,1,449.99,,449.99,,9127738310914,46804146913538,https://shop.com/products/9127738310914/terrain-attack-m-ta-37x12-50x22?variantId=46804146913538,shop.app,,,0.0,449.99,free shipping,,449.99
Legends Auto Parts,,False,M/T,33x14.50R22,,AMP Mud Terrain Attack MT A 33x14.50R22,1,574.99,,574.99,,8748679528707,45925273141507,https://shop.com/products/8748679528707/amp-mud-terrain-attack-mt-a-33x14-50r22?variantId=45925273141507,shop.app,,,,,,,574.99
Forge USA,,False,M/T,33x12.50R22,,AMP Terrain Attack M/T A LT33X12.50R22,1,354.0,,354.0,,10122093330672,50086595199216,https://shop.com/products/10122093330672/amp-terrain-attack-m-t-a-lt33x12-50r22?variantId=50086595199216,shop.app,,,,,,,354.0
Dually Wheels,,False,M/T,325/50R22,,LT325/50R22/10 Amp Tires Terrain Attack M/T Tires Set of 6,6,2754.0,3029.4,459.0,,7916247777535,46049961836799,https://shop.com/products/7916247777535/lt325-50r22-10-amp-tires-terrain-attack-m-t-tires-set-of-6?variantId=46049961836799,shop.app,,,,,,,459.0
Flex Offroad,,False,M/T,35x12.50R17,E,35x12.50R17LT AMP Terrain Attack M/T A (Load E),1,370.0,,370.0,,9685604270353,49269542682897,https://shop.com/products/9685604270353/35x12-50r17lt-amp-terrain-attack-m-t-a-load-e?variantId=49269542682897,shop.app,,,,,,,370.0
Forge USA,,False,M/T,35x13.50R26,,AMP Terrain Attack M/T A LT35X13.50R26,1,540.0,,540.0,,10122092052720,50086592413936,https://shop.com/products/10122092052720/amp-terrain-attack-m-t-a-lt35x13-50r26?variantId=50086592413936,shop.app,,,,,,,540.0
FI Performance,,False,M/T,33x14.50R22,,AMP Terrain Attack M/T Tire - 33x14.50R22LT 117Q,1,425.0,,425.0,,10653747478668,61739772772492,https://shop.com/products/10653747478668/amp-terrain-attack-m-t-tire-33x14-50r22lt-117q?variantId=61739772772492,shop.app,,,,,,,425.0
Forge USA,,False,M/T,37x13.50R26,,AMP Terrain Attack M/T A LT37X13.50R26,1,551.0,,551.0,,10122091725040,50086591824112,https://shop.com/products/10122091725040/amp-terrain-attack-m-t-a-lt37x13-50r26?variantId=50086591824112,shop.app,,,,,,,551.0
Dually Wheels,,False,M/T,305/55R20,,LT305/55R20/10 Amp Tires Terrain Attack M/T Tires Set of 6,6,2022.0,2224.2,337.0,,7916247548159,46050001846527,https://shop.com/products/7916247548159/lt305-55r20-10-amp-tires-terrain-attack-m-t-tires-set-of-6?variantId=46050001846527,shop.app,,,,,,,337.0
TFS Wheels,,False,M/T,35x13.50R24,,AMP Mud Terrain Attack MT A 35x13.50R24,1,461.0,,461.0,,8731417378967,45042231672983,https://shop.com/products/8731417378967/amp-mud-terrain-attack-mt-a-35x13-50r24?variantId=45042231672983,shop.app,,,0.0,461.0,free shipping,,461.0
Flex Offroad,,False,M/T,37x13.50R24,E,37x13.50R24LT AMP Terrain Attack M/T A (Load E),1,488.0,,488.0,,9684998291729,49267813646609,https://shop.com/products/9684998291729/37x13-50r24lt-amp-terrain-attack-m-t-a-load-e?variantId=49267813646609,shop.app,,,,,,,488.0
Forge USA,,False,M/T,37x13.50R24,,AMP Terrain Attack M/T A LT37X13.50R24,1,513.0,,513.0,,10122092675312,50086594150640,https://shop.com/products/10122092675312/amp-terrain-attack-m-t-a-lt37x13-50r24?variantId=50086594150640,shop.app,,,,,,,513.0
Wheel Tire Direct,,True,M/T,325/50R22,E,AMP Mud Terrain Attack MT A LT325/50R22 (Load E),1,368.26,459.0,368.26,,9966905000250,51618711535930,https://shop.com/products/9966905000250/amp-mud-terrain-attack-mt-a-lt325-50r22-load-e?variantId=51618711535930,shop.app,,,,,,,
Forge USA,,False,M/T,33x13.50R26,,AMP Terrain Attack M/T A LT33X13.50R26,1,470.0,,470.0,,10122092282096,50086592807152,https://shop.com/products/10122092282096/amp-terrain-attack-m-t-a-lt33x13-50r26?variantId=50086592807152,shop.app,,,,,,,470.0
Trail Ops,,False,M/T,37x12.50R22,F,AMP Terrain Attack M/T 37x12.50R22LT Load F Tire,1,450.0,,450.0,,9204445544687,47418203537647,https://shop.com/products/9204445544687/amp-terrain-attack-m-t-37x12-50r22lt-load-f-tire?variantId=47418203537647,shop.app,,,,,,,450.0
CWO,,False,M/T,35x12.50R18,E,35x12.50R18LT Amp Tires Terrain Attack M/T 123Q LRE Black Wall Tire,1,374.0,,374.0,,10122310648121,51952035463481,https://shop.com/products/10122310648121/35x12-50r18lt-amp-tires-terrain-attack-m-t-123q-lre-black-wall-tire?variantId=51952035463481,shop.app,,,0.0,374.0,free shipping,,374.0
TFS Wheels,,False,M/T,305/55R20,,AMP Mud Terrain Attack MT A LT305/55R20,1,337.0,,337.0,,8731502149783,45042333548695,https://shop.com/products/8731502149783/amp-mud-terrain-attack-mt-a-lt305-55r20?variantId=45042333548695,shop.app,,,0.0,337.0,free shipping,,337.0
TFS Wheels,,False,M/T,325/50R22,,AMP Mud Terrain Attack MT A LT325/50R22,1,459.0,,459.0,,8731502018711,45042333352087,https://shop.com/products/8731502018711/amp-mud-terrain-attack-mt-a-lt325-50r22?variantId=45042333352087,shop.app,,,0.0,459.0,free shipping,,459.0
SHOPWHEELXPRESS,,False,M/T,33x13.50R24,,AMP Mud Terrain Attack MT A Mud Terrain 33x13.50R24 Tire,1,413.8,,413.8,,8508602810505,45406548820105,https://shop.com/products/8508602810505/amp-mud-terrain-attack-mt-a-mud-terrain-33x13-50r24-tire?variantId=45406548820105,shop.app,,,,,,,413.8
Forge USA,,False,M/T,37x13.50R22,,AMP Terrain Attack M/T A LT37X13.50R22,1,493.0,,493.0,,10122093199600,50086595068144,https://shop.com/products/10122093199600/amp-terrain-attack-m-t-a-lt37x13-50r22?variantId=50086595068144,shop.app,,,,,,,493.0
Forge USA,,False,M/T,37x13.50R28,,AMP Terrain Attack M/T A LT37X13.50R28,1,859.0,,859.0,,10122091233520,50086590775536,https://shop.com/products/10122091233520/amp-terrain-attack-m-t-a-lt37x13-50r28?variantId=50086590775536,shop.app,,,,,,,859.0
Dually Wheels,,False,M/T,285/55R20,,LT285/55R20/10 Amp Tires Terrain Attack M/T Tires Set of 6,6,1866.0,2052.6,311.0,,7916246499583,46049999618303,https://shop.com/products/7916246499583/lt285-55r20-10-amp-tires-terrain-attack-m-t-tires-set-of-6?variantId=46049999618303,shop.app,,,,,,,311.0
Wheel Tire Direct,,True,M/T,33x14.50R22,F,AMP Mud Terrain Attack MT A 33x14.50R22 (Load F),1,381.5,425.0,381.5,,9966981349690,51618884387130,https://shop.com/products/9966981349690/amp-mud-terrain-attack-mt-a-33x14-50r22-load-f?variantId=51618884387130,shop.app,,,,,,,
Street Driven Performance,,False,M/T,33x13.50R26,,AMP Terrain Attack M/T Tire - 33X13.50R26LT 116Q,1,391.27,460.99,391.27,,10875105738911,62579914473631,https://shop.com/products/10875105738911/amp-terrain-attack-m-t-tire-33x13-50r26lt-116q?variantId=62579914473631,shop.app,,,25.0,416.27,$25.00/tire (store_shipping.csv),,416.27
Forge USA,,False,M/T,285/65R18,,AMP Terrain Attack M/T A LT285/65R18,1,329.0,,329.0,,10122095067376,50086598279408,https://shop.com/products/10122095067376/amp-terrain-attack-m-t-a-lt285-65r18?variantId=50086598279408,shop.app,,,,,,,329.0
Forge USA,,False,M/T,37x13.50R20,,AMP Terrain Attack M/T A LT37X13.50R20,1,453.0,,453.0,,10122093396208,50086595264752,https://shop.com/products/10122093396208/amp-terrain-attack-m-t-a-lt37x13-50r20?variantId=50086595264752,shop.app,,,,,,,453.0
Wheels Below Retail,,False,M/T,37x12.50R22,,AMP MUD TERRAIN ATTACK MT A 37X12.50R22LT Tires,1,475.0,,475.0,,8073220554987,44017378001131,https://shop.com/products/8073220554987/amp-mud-terrain-attack-mt-a-37x12-50r22lt-tires?variantId=44017378001131,shop.app,,,,,,,475.0
Speedzone Performance LLC,,False,M/T,305/55R20,,AMP Terrain Attack M/T Tire - LT305/55R20 121/118Q,1,337.0,,337.0,,7350049374293,42283603165269,https://shop.com/products/7350049374293/amp-terrain-attack-m-t-tire-lt305-55r20-121-118q?variantId=42283603165269,shop.app,,,,,,,337.0
Complete Street Performance,,False,M/T,35x15.50R24,,Amp Tires 35-155024AMP/CM2 - AMP Terrain Attack M/T Tire - 35X15.50R24LT 117Q,1,496.0,545.6,496.0,,9986578710806,50065226563862,https://shop.com/products/9986578710806/amp-tires-35-155024amp-cm2-amp-terrain-attack-m-t-tire-35x15-50r24lt?variantId=50065226563862,shop.app,,,,,,,496.0
Street Driven Performance,,False,M/T,37x13.50R26,,AMP Terrain Attack M/T Tire - 37x13.50R26LT 117Q,1,491.77,550.99,491.77,,10875106656415,62579916472479,https://shop.com/products/10875106656415/amp-terrain-attack-m-t-tire-37x13-50r26lt-117q?variantId=62579916472479,shop.app,,,25.0,516.77,$25.00/tire (store_shipping.csv),,516.77
CWO,,False,M/T,285/65R18,E,LT285/65R18 Amp Tires Terrain Attack M/T 125Q LRE Black Wall Tire,1,329.0,,329.0,,10122306847033,51952031236409,https://shop.com/products/10122306847033/lt285-65r18-amp-tires-terrain-attack-m-t-125q-lre-black-wall-tire?variantId=51952031236409,shop.app,,,0.0,329.0,free shipping,,329.0
Forge USA,,False,M/T,35x13.50R24,,AMP Terrain Attack M/T A LT35X13.50R24,1,461.0,,461.0,,10122093002992,50086594674928,https://shop.com/products/10122093002992/amp-terrain-attack-m-t-a-lt35x13-50r24?variantId=50086594674928,shop.app,,,,,,,461.0
Street Driven Performance,,False,R/T,35x12.50R17,,AMP Terrain Attack R/T Tire - 35X12.50R17LT 125Q,1,293.04,344.99,293.04,,10875105869983,62579914735775,https://shop.com/products/10875105869983/amp-terrain-attack-r-t-tire-35x12-50r17lt-125q?variantId=62579914735775,shop.app,,,25.0,318.04,$25.00/tire (store_shipping.csv),,318.04
Forge USA,,False,M/T,33x13.50R24,,AMP Terrain Attack M/T A LT33X13.50R24,1,400.0,,400.0,,10122093166832,50086595035376,https://shop.com/products/10122093166832/amp-terrain-attack-m-t-a-lt33x13-50r24?variantId=50086595035376,shop.app,,,,,,,400.0
Forge USA,,False,M/T,35x15.50R22,,AMP Terrain Attack M/T A LT35X15.50R22,1,487.0,,487.0,,10122093265136,50086595133680,https://shop.com/products/10122093265136/amp-terrain-attack-m-t-a-lt35x15-50r22?variantId=50086595133680,shop.app,,,,,,,487.0
TFS Wheels,,False,M/T,285/55R20,,AMP Mud Terrain Attack MT A LT285/55R20,1,311.0,,311.0,,8731324809367,45042122588311,https://shop.com/products/8731324809367/amp-mud-terrain-attack-mt-a-lt285-55r20?variantId=45042122588311,shop.app,,,0.0,311.0,free shipping,,311.0
Wheels Below Retail,,False,M/T,285/65R18,,AMP MUD TERRAIN ATTACK MT A LT285/65R18 (32.8X11.9R 18) Tires,1,354.0,,354.0,,5426288623778,35033298436258,https://shop.com/products/5426288623778/amp-mud-terrain-attack-mt-a-lt285-65r18-32-8x11-9r-18-tires?variantId=35033298436258,shop.app,,,,,,,354.0
Complete Street Performance,,False,M/T,35x12.50R17,,Amp Tires 35-125017AMP/CM2 - AMP Terrain Attack M/T Tire - 35x12.50R17LT 121Q,1,370.0,407.0,370.0,,9986578940182,50065227120918,https://shop.com/products/9986578940182/amp-tires-35-125017amp-cm2-amp-terrain-attack-m-t-tire-35x12-50r17lt?variantId=50065227120918,shop.app,,,,,,,370.0
Wheels Below Retail,,False,M/T,35x15.50R22,,AMP MUD TERRAIN ATTACK MT A 35X15.50R22 Tires,1,512.0,,512.0,,5425789010082,35031319052450,https://shop.com/products/5425789010082/amp-mud-terrain-attack-mt-a-35x15-50r22-tires?variantId=35031319052450,shop.app,,,,,,,512.0
Quadratec,,False,M/T,285/55R20,,AMP ATTACK M/T 285/55R20 TIRE,1,304.99,,304.99,,9127737295106,46804146028802,https://shop.com/products/9127737295106/amp-attack-m-t-285-55r20-tire?variantId=46804146028802,shop.app,,,0.0,304.99,free shipping,,304.99
Mach Yeti Racing,,False,R/T,35x12.50R22,,AMP Terrain Attack R/T Tire - 35X12.50R22LT 117Q,1,367.99,,367.99,,9798999244884,45266125652052,https://shop.com/products/9798999244884/amp-terrain-attack-r-t-tire-35x12-50r22lt-117q?variantId=45266125652052,shop.app,,,,,,,367.99
Complete Street Performance,,False,M/T,33x12.50R20,,Amp Tires 33-125020AMP/CM2 - AMP Terrain Attack M/T Tire - 33x12.50R20LT 114Q,1,309.99,340.99,309.99,,9986579759382,50065228267798,https://shop.com/products/9986579759382/amp-tires-33-125020amp-cm2-amp-terrain-attack-m-t-tire-33x12-50r20lt?variantId=50065228267798,shop.app,,,,,,,309.99
TryBeepbeep,,False,M/T,33x14.50R22,,33-145022AMP/CM2F Amp Tires Attack MT 33X14.50R22,1,424.99,,424.99,,10125594755354,51707329249562,https://shop.com/products/10125594755354/33-145022amp-cm2f-amp-tires-attack-mt-33x14-50r22?variantId=51707329249562,shop.app,,,0.0,424.99,free shipping,,424.99
Flex Offroad,,False,M/T,33x13.50R24,F,33x13.50R24LT AMP Terrain Attack M/T A (Load F),1,392.0,,392.0,,9685695660305,49269825241361,https://shop.com/products/9685695660305/33x13-50r24lt-amp-terrain-attack-m-t-a-load-f?variantId=49269825241361,shop.app,,,,,,,392.0
Complete Street Performance,,False,M/T,38x15.50R24,,Amp Tires 38-155024AMP/CM2 - AMP Terrain Attack M/T Tire - 38X15.50R24LT 127Q,1,666.99,733.69,666.99,,9986579464470,50065227710742,https://shop.com/products/9986579464470/amp-tires-38-155024amp-cm2-amp-terrain-attack-m-t-tire-38x15-50r24lt?variantId=50065227710742,shop.app,,,,,,,666.99
CWO,,False,M/T,305/55R20,E,LT305/55R20 Amp Tires Terrain Attack M/T 121Q LRE Black Wall Tire,1,355.99,,355.99,,10122306683193,51952031203641,https://shop.com/products/10122306683193/lt305-55r20-amp-tires-terrain-attack-m-t-121q-lre-black-wall-tire?variantId=51952031203641,shop.app,,,0.0,355.99,free shipping,,355.99
Forge USA,,False,M/T,285/55R20,,AMP Terrain Attack M/T A LT285/55R20,1,311.0,,311.0,,10122094346480,50086597001456,https://shop.com/products/10122094346480/amp-terrain-attack-m-t-a-lt285-55r20?variantId=50086597001456,shop.app,,,,,,,311.0
Complete Street Performance,,False,M/T,37x12.50R22,,Amp Tires 37-125022AMP/CM2F - AMP Terrain Attack M/T Tire - 37x12.50R22LT 127Q,1,450.0,495.0,450.0,,9986579038486,50065227251990,https://shop.com/products/9986579038486/amp-tires-37-125022amp-cm2f-amp-terrain-attack-m-t-tire-37x12-50r22lt?variantId=50065227251990,shop.app,,,,,,,450.0
TryBeepbeep,,False,M/T,37x13.50R28,,37X13.50XR28 Amp Tires 37-135028AMP/CM2F Attack MT,1,858.99,,858.99,,10125595443482,51707332133146,https://shop.com/products/10125595443482/37x13-50xr28-amp-tires-37-135028amp-cm2f-attack-mt?variantId=51707332133146,shop.app,,,0.0,858.99,free shipping,,858.99
Trail Ops,,False,M/T,37x13.50R24,E,AMP Terrain Attack M/T 37x13.50R24LT Load E Tire,1,513.0,,513.0,,9204445872367,47418204586223,https://shop.com/products/9204445872367/amp-terrain-attack-m-t-37x13-50r24lt-load-e-tire?variantId=47418204586223,shop.app,,,,,,,513.0
TryBeepbeep,,False,M/T,37x12.50R22,,37-125022AMP/CM2F Amp Tires Attack MT 37X12.50R22LT,1,449.99,,449.99,,10125595246874,51707331313946,https://shop.com/products/10125595246874/37-125022amp-cm2f-amp-tires-attack-mt-37x12-50r22lt?variantId=51707331313946,shop.app,,,0.0,449.99,free shipping,,449.99
Battle Born Offroad,,False,M/T,35x13.50R26,F,26 Inch Terrain Attack M/T 35X13.50R26 117Q LR F 80PSI Max AMP Tires,1,512.99,,512.99,,8892838609049,48849398169753,https://shop.com/products/8892838609049/26-inch-terrain-attack-m-t-35x13-50r26-117q-lr-f-80psi-max?variantId=48849398169753,shop.app,,,,,,,512.99
Trail Ops,,False,M/T,35x12.50R18,E,AMP Terrain Attack M/T 35x12.50R18LT Load E Tire,1,374.0,,374.0,,9204445085935,47418202161391,https://shop.com/products/9204445085935/amp-terrain-attack-m-t-35x12-50r18lt-load-e-tire?variantId=47418202161391,shop.app,,,,,,,374.0
Trail Ops,,False,M/T,35x13.50R24,E,AMP Terrain Attack M/T 35x13.50R24LT Load E Tire,1,461.0,,461.0,,9204445741295,47418204258543,https://shop.com/products/9204445741295/amp-terrain-attack-m-t-35x13-50r24lt-load-e-tire?variantId=47418204258543,shop.app,,,,,,,461.0
Battle Born Offroad,,False,M/T,38x13.50R24,,24 Inch Terrain Attack M/T 38X13.50R24LT-12PR 127QF 80PSI Max AMP Tires,1,616.99,,616.99,,8892837363865,48849396924569,https://shop.com/products/8892837363865/24-inch-terrain-attack-m-t-38x13-50r24lt-12pr-127qf-80psi-max-amp?variantId=48849396924569,shop.app,,,,,,,616.99
Complete Street Performance,,False,M/T,33x12.50R22,,Amp Tires 33-125022AMP/CM2 - AMP Terrain Attack M/T Tire - 33x12.50R22LT 109Q,1,336.99,370.69,336.99,,9986578219286,50065225908502,https://shop.com/products/9986578219286/amp-tires-33-125022amp-cm2-amp-terrain-attack-m-t-tire-33x12-50r22lt?variantId=50065225908502,shop.app,,,,,,,336.99
Battle Born Offroad,,False,M/T,38x15.50R26,E,26 Inch Terrain Attack M/T 38X15.50R26 126P LR E 65PSI Max AMP Tires,1,712.99,,712.99,,8892838150297,48849397711001,https://shop.com/products/8892838150297/26-inch-terrain-attack-m-t-38x15-50r26-126p-lr-e-65psi-max?variantId=48849397711001,shop.app,,,,,,,712.99
Gladiator Auto,,False,M/T,38x15.50R24,E,TERRAIN ATTACK M/T A 38X15.50R24 127Q LR E 65PSI MAX - 38-155024AMP/CM2,1,702.0,,702.0,,9056632930558,47754430021886,https://shop.com/products/9056632930558/terrain-attack-m-t-a-38x15-50r24-127q-lr-e-65psi-max-38?variantId=47754430021886,shop.app,,,0.0,702.0,free shipping,,702.0
Wheels Below Retail,,False,M/T,305/55R20,,AMP MUD TERRAIN ATTACK MT A LT305/55R20 (33.4X12.6R 20) Tires,1,362.0,,362.0,,5426287149218,35033294536866,https://shop.com/products/5426287149218/amp-mud-terrain-attack-mt-a-lt305-55r20-33-4x12-6r-20-tires?variantId=35033294536866,shop.app,,,,,,,362.0
Gladiator Auto,,False,M/T,35x13.50R24,E,TERRAIN ATTACK M/T A 35X13.50R24 112Q LR E 65PSI MAX,1,461.0,,461.0,,9106320064766,47754429628670,https://shop.com/products/9106320064766/terrain-attack-m-t-a-35x13-50r24-112q-lr-e-65psi-max?variantId=47754429628670,shop.app,,,0.0,461.0,free shipping,,461.0
Battle Born Offroad,,False,M/T,37x13.50R28,F,28 Inch Terrain Attack M/T 37X13.50R28 114Q LR F 80PSI Max AMP Tires,1,858.99,,858.99,,8892836642969,48849396203673,https://shop.com/products/8892836642969/28-inch-terrain-attack-m-t-37x13-50r28-114q-lr-f-80psi-max?variantId=48849396203673,shop.app,,,,,,,858.99
eliteracefab.com,,False,R/T,35x12.50R22,,AMP Terrain Attack R/T Tires - 35x12.50R22LT 121Q,1,416.0,,416.0,,9444124754088,55530727833768,https://shop.com/products/9444124754088/amp-terrain-attack-r-t-tires-35x12-50r22lt-121q?variantId=55530727833768,shop.app,,,0.0,416.0,free shipping,,416.0
Trail Ops,,False,M/T,33x12.50R22,E,AMP Terrain Attack M/T 33x12.50R22LT Load E Tire,1,354.0,,354.0,,9204445511919,47418203341039,https://shop.com/products/9204445511919/amp-terrain-attack-m-t-33x12-50r22lt-load-e-tire?variantId=47418203341039,shop.app,,,,,,,354.0
Next Level Performance,,False,R/T,33x12.50R22,,AMP Terrain Attack R/T Tire - 33X12.50R22LT 114Q,1,357.99,,357.99,,9618293227671,47847840972951,https://shop.com/products/9618293227671/amp-terrain-attack-r-t-tire-33x12-50r22lt-114q?variantId=47847840972951,shop.app,,,20.0,377.99,$20.00/tire (store_shipping.csv),,377.99
Tacoma Wheels,,False,M/T,33x14.50R22,F,33x14.50R22LT Amp Tires Terrain Attack M/T Tire F Rated 12 Ply,1,424.99,467.49,424.99,,8301955776703,45151982420159,https://shop.com/products/8301955776703/33x14-50r22lt-amp-tires-terrain-attack-m-t-tire-f-rated-12-ply?variantId=45151982420159,shop.app,,,0.0,424.99,free shipping,,424.99
Forge USA,,False,M/T,33x12.50R20,,AMP Terrain Attack M/T A LT33X12.50R20,1,326.0,,326.0,,10122093887728,50086596149488,https://shop.com/products/10122093887728/amp-terrain-attack-m-t-a-lt33x12-50r20?variantId=50086596149488,shop.app,,,,,,,326.0
Trail Ops,,False,M/T,35x12.50R20,E,AMP Terrain Attack M/T 35x12.50R20LT Load E Tire,1,346.0,,346.0,,9204445315311,47418202816751,https://shop.com/products/9204445315311/amp-terrain-attack-m-t-35x12-50r20lt-load-e-tire?variantId=47418202816751,shop.app,,,,,,,346.0
CA Auto Parts,,False,M/T,35x12.50R18,,Terrain Attack M/T Tire <br> 35x12.50R18LT 123Q,1,373.99,,373.99,,15026196513131,53284678959467,https://shop.com/products/15026196513131/terrain-attack-m-t-tire-br-35x12-50r18lt-123q?variantId=53284678959467,shop.app,,,,,,,373.99
Flex Offroad,,False,M/T,35x15.50R22,F,35x15.50R22LT AMP Terrain Attack M/T A (Load F),1,487.0,,487.0,,9685186052369,49268231930129,https://shop.com/products/9685186052369/35x15-50r22lt-amp-terrain-attack-m-t-a-load-f?variantId=49268231930129,shop.app,,,,,,,487.0
Tacoma Wheels,,False,M/T,37x13.50R28,F,37x13.50R28LT Amp Tires Terrain Attack M/T Tire F Rated 12 Ply,1,858.99,944.89,858.99,,8301956825279,45151983534271,https://shop.com/products/8301956825279/37x13-50r28lt-amp-tires-terrain-attack-m-t-tire-f-rated-12-ply?variantId=45151983534271,shop.app,,,0.0,858.99,free shipping,,858.99
Maxxed Diesel,,False,Terrain Attack A/T A,285/55R20,,AMP Terrain Attack A/T A Tire - LT285/55R20 122/119S,1,260.99,,260.99,,9497914573037,50414821933293,https://shop.com/products/9497914573037/amp-terrain-attack-a-t-a-tire-lt285-55r20-122-119s?variantId=50414821933293,shop.app,,,,,,,260.99
Mach Yeti Racing,,False,R/T,33x12.50R22,,AMP Terrain Attack R/T Tire - 33X12.50R22LT 114Q,1,357.99,,357.99,,9798993543252,45266119262292,https://shop.com/products/9798993543252/amp-terrain-attack-r-t-tire-33x12-50r22lt-114q?variantId=45266119262292,shop.app,,,,,,,357.99
Pure Auto Performance,,False,M/T,38x13.50R24,,AMP Terrain Attack M/T Tire - 38x13.50R24LT 127Q,1,616.99,,616.99,,10025378087219,52837593776435,https://shop.com/products/10025378087219/amp-terrain-attack-m-t-tire-38x13-50r24lt-127q?variantId=52837593776435,shop.app,,,,,,,616.99
Gladiator Auto,,False,M/T,35x15.50R22,F,TERRAIN ATTACK M/T A 35X15.50R22 125Q LR F 80PSI MAX - 35-155022AMP/CM2F,1,487.0,,487.0,,9056632439038,47754430513406,https://shop.com/products/9056632439038/terrain-attack-m-t-a-35x15-50r22-125q-lr-f-80psi-max-35?variantId=47754430513406,shop.app,,,0.0,487.0,free shipping,,487.0
Kris Wilcox Racing,,False,M/T,35x12.50R18,,AMP Terrain Attack M/T Tire - 35x12.50R18LT 123Q,1,392.0,,392.0,,14886544638318,53007205925230,https://shop.com/products/14886544638318/amp-terrain-attack-m-t-tire-35x12-50r18lt-123q?variantId=53007205925230,shop.app,,,,,,,392.0
PERFORMANCE MODS,,False,M/T,35x12.50R18,,AMP Tires 35-125018AMP/CM2 AMP Terrain Attack M/T Tire - 35x12.50R18LT 123Q,1,374.0,,374.0,,8149782167738,44920713674938,https://shop.com/products/8149782167738/amp-tires-35-125018amp-cm2-amp-terrain-attack-m-t-tire-35x12-50r18lt?variantId=44920713674938,shop.app,,,,,,,374.0
Trail Ops,,False,Terrain Attack A/T A,35x12.50R20,E,AMP Terrain Attack A/T A 35x12.50R20LT Load E Tire,1,309.0,,309.0,,9212945367279,47515238301935,https://shop.com/products/9212945367279/amp-terrain-attack-a-t-a-35x12-50r20lt-load-e-tire?variantId=47515238301935,shop.app,,,,,,,309.0
EZ Wheeler,,False,M/T,285/65R18,E,TERRAIN ATTACK M/T A 285/65R18 125/122Q LR E 80PSI MAX,1,328.99,329.0,328.99,,9219913679081,50619120386281,https://shop.com/products/9219913679081/terrain-attack-m-t-a-285-65r18-125-122q-lr-e-80psi-max?variantId=50619120386281,shop.app,,,,,,,328.99
Street Driven Performance,,False,M/T,35x13.50R26,,AMP Terrain Attack M/T Tire - 35x13.50R26LT 117Q,1,405.0,512.99,405.0,,10875106328735,62579915751583,https://shop.com/products/10875106328735/amp-terrain-attack-m-t-tire-35x13-50r26lt-117q?variantId=62579915751583,shop.app,,,25.0,430.0,$25.00/tire (store_shipping.csv),,430.0
Gladiator Auto,,False,M/T,38x15.50R26,E,TERRAIN ATTACK M/T 38X15.50R26 126P LR E 65PSI MAX - 38-155026AMP/CM2,1,750.0,,750.0,,9056632897790,47754430054654,https://shop.com/products/9056632897790/terrain-attack-m-t-38x15-50r26-126p-lr-e-65psi-max-38-155026amp?variantId=47754430054654,shop.app,,,0.0,750.0,free shipping,,750.0
Complete Street Performance,,False,Terrain Attack A/T A,265/50R20,,Amp Tires 265-5020AMP/CA3 - AMP Terrain Attack A/T A Tire - LT265/50R20 115/112S,1,256.0,281.6,256.0,,9986578284822,50065225875734,https://shop.com/products/9986578284822/amp-tires-265-5020amp-ca3-amp-terrain-attack-a-t-a-tire-lt265?variantId=50065225875734,shop.app,,,,,,,256.0
Tacoma Wheels,,False,M/T,35x13.50R26,F,35x13.50R26LT Amp Tires Terrain Attack M/T Tire F Rated 12 Ply,1,512.99,564.29,512.99,,8301956432063,45151983141055,https://shop.com/products/8301956432063/35x13-50r26lt-amp-tires-terrain-attack-m-t-tire-f-rated-12-ply?variantId=45151983141055,shop.app,,,0.0,512.99,free shipping,,512.99
PERFORMANCE MODS,,False,M/T,35x12.50R20,,AMP Tires 35-125020AMP/CM2 AMP Terrain Attack M/T Tire - 35x12.50R20LT 121Q,1,346.0,,346.0,,8149782298810,44920713904314,https://shop.com/products/8149782298810/amp-tires-35-125020amp-cm2-amp-terrain-attack-m-t-tire-35x12-50r20lt?variantId=44920713904314,shop.app,,,,,,,346.0
PETER'S CAR PARTS,,False,M/T,35x13.50R26,,AMP Terrain Attack M/T Tire - 35x13.50R26LT 117Q,1,513.13,,513.13,,9835710513458,49988693131570,https://shop.com/products/9835710513458/amp-terrain-attack-m-t-tire-35x13-50r26lt-117q?variantId=49988693131570,shop.app,,,,,,,513.13
PERFORMANCE MODS,,False,M/T,33x12.50R20,,AMP Tires 33-125020AMP/CM2 AMP Terrain Attack M/T Tire - 33x12.50R20LT 114Q,1,309.99,,309.99,,8149781643450,44920712724666,https://shop.com/products/8149781643450/amp-tires-33-125020amp-cm2-amp-terrain-attack-m-t-tire-33x12-50r20lt?variantId=44920712724666,shop.app,,,,,,,309.99
Battle Born Offroad,,False,Terrain Attack A/T A,275/55R20,D,20 Inch Terrain Attack A/T A 275/55R20 115/112S LR D 65PSI Max AMP Tires,1,261.99,,261.99,,8858024771737,48702076223641,https://shop.com/products/8858024771737/20-inch-terrain-attack-a-t-a-275-55r20-115-112s-lr-d?variantId=48702076223641,shop.app,,,,,,,261.99
PERFORMANCE MODS,,False,M/T,325/50R22,,AMP Tires 325-5022AMP/CM2 AMP Terrain Attack M/T Tire - LT325/50R22 122Q,1,459.0,,459.0,,8149781479610,44920712429754,https://shop.com/products/8149781479610/amp-tires-325-5022amp-cm2-amp-terrain-attack-m-t-tire-lt325-50r22?variantId=44920712429754,shop.app,,,,,,,459.0
Kris Wilcox Racing,,False,M/T,33x14.50R22,,AMP Terrain Attack M/T Tire - 33x14.50R22LT 117Q,1,464.48,,464.48,,14886544507246,53007205663086,https://shop.com/products/14886544507246/amp-terrain-attack-m-t-tire-33x14-50r22lt-117q?variantId=53007205663086,shop.app,,,,,,,464.48
Mach Yeti Racing,,False,R/T,35x12.50R20,,AMP Terrain Attack R/T Tire - 35X12.50R20LT 125Q,1,353.99,,353.99,,9798998327380,45266124865620,https://shop.com/products/9798998327380/amp-terrain-attack-r-t-tire-35x12-50r20lt-125q?variantId=45266124865620,shop.app,,,,,,,353.99
Battle Born Offroad,,False,Terrain Attack A/T A,315/70R17,E,17 Inch Terrain Attack A/T A 315/70R17 121/118R LR E 65PSI Max AMP Tires,1,286.99,,286.99,,8858044465305,48702612013209,https://shop.com/products/8858044465305/17-inch-terrain-attack-a-t-a-315-70r17-121-118r-lr-e?variantId=48702612013209,shop.app,,,,,,,286.99
Gladiator Auto,,False,M/T,35x12.50R18,E,TERRAIN ATTACK M/T A 35X12.50R18 123Q LR E 65PSI MAX - 35-125018AMP/CM2,1,374.0,,374.0,,9056632013054,47754430972158,https://shop.com/products/9056632013054/terrain-attack-m-t-a-35x12-50r18-123q-lr-e-65psi-max-35?variantId=47754430972158,shop.app,,,0.0,374.0,free shipping,,374.0
Battle Born Offroad,,False,M/T,35x13.50R24,E,24 Inch Terrain Attack M/T A 35X13.50R24 112Q LR E 65PSI Max AMP Tires,1,437.99,,437.99,,8858018250905,48701882040473,https://shop.com/products/8858018250905/24-inch-terrain-attack-m-t-a-35x13-50r24-112q-lr-e-65psi?variantId=48701882040473,shop.app,,,,,,,437.99
EZ Wheeler,,False,Terrain Attack A/T A,37x12.50R20,E,TERRAIN ATTACK A/T A 37X12.50R20 126R LR E 65PSI MAX,1,369.0,,369.0,,9219913482473,50619120058601,https://shop.com/products/9219913482473/terrain-attack-a-t-a-37x12-50r20-126r-lr-e-65psi-max?variantId=50619120058601,shop.app,,,,,,,369.0
Mach Yeti Racing,,False,Terrain Attack A/T A,265/70R17,,AMP Terrain Attack A/T A Tire - LT265/70R17 121/118S,1,205.99,,205.99,,9798979354708,45266103140436,https://shop.com/products/9798979354708/amp-terrain-attack-a-t-a-tire-lt265-70r17-121-118s?variantId=45266103140436,shop.app,,,,,,,205.99
Flex Offroad,,False,M/T,285/55R20,E,LT285/55R20 AMP Terrain Attack M/T A (Load E),1,305.0,,305.0,,9685162623249,49268176158993,https://shop.com/products/9685162623249/lt285-55r20-amp-terrain-attack-m-t-a-load-e?variantId=49268176158993,shop.app,,,,,,,305.0
MOTORMIA,,False,Terrain Pro A/T P,35x12.50R20,,AMP Terrain Pro A/T Tire - 35X12.50R20LT 121S,1,284.99,,284.99,,10469025448248,51835868315960,https://shop.com/products/10469025448248/amp-terrain-pro-a-t-tire-35x12-50r20lt-121s?variantId=51835868315960,shop.app,,,0.0,284.99,free shipping,,284.99
ATOMIC-SHOP Performance Parts & Motorsport Equipment - USA,,False,R/T,285/70R17,,AMP Terrain Attack R/T Tire - LT285/70R17 116/113Q,1,251.99,,251.99,,10491625013550,51939881386286,https://shop.com/products/10491625013550/amp-terrain-attack-r-t-tire-lt285-70r17-116-113q?variantId=51939881386286,shop.app,,,,,,,251.99
Mach Yeti Racing,,False,R/T,265/70R17,,AMP Terrain Attack R/T Tire - P265/70R17 113T,1,193.99,,193.99,,9798979747924,45266103566420,https://shop.com/products/9798979747924/amp-terrain-attack-r-t-tire-p265-70r17-113t?variantId=45266103566420,shop.app,,,,,,,193.99
Battle Born Offroad,,False,R/T,35x13.50R24,F,24 Inch 35X13.50R24LT Terrain Attack R/T 116Q LR F AMP Tires,1,456.99,,456.99,,8858063208601,48702872780953,https://shop.com/products/8858063208601/24-inch-35x13-50r24lt-terrain-attack-r-t-116q-lr-f-amp-tires?variantId=48702872780953,shop.app,,,,,,,456.99
Battle Born Offroad,,False,Terrain Attack A/T A,305/60R18,E,18 Inch Terrain Attack A/T A 305/60R18 121/118R LR E 65PSI Max AMP Tires,1,291.99,,291.99,,8858016481433,48701814833305,https://shop.com/products/8858016481433/18-inch-terrain-attack-a-t-a-305-60r18-121-118r-lr-e?variantId=48701814833305,shop.app,,,,,,,291.99
Battle Born Offroad,,False,Terrain Attack A/T A,285/55R20,E,20 Inch Terrain Attack A/T A 285/55R20 122/119S LR E 80PSI Max AMP Tires,1,260.99,,260.99,,8858008027289,48701679141017,https://shop.com/products/8858008027289/20-inch-terrain-attack-a-t-a-285-55r20-122-119s-lr-e?variantId=48701679141017,shop.app,,,,,,,260.99
Battle Born Offroad,,False,R/T,37x13.50R24,F,24 Inch 37X13.50R24LT Terrain Attack R/T 124Q LR F AMP Tires,1,503.99,,503.99,,8892838543513,48849398104217,https://shop.com/products/8892838543513/24-inch-37x13-50r24lt-terrain-attack-r-t-124q-lr-f-amp-tires?variantId=48849398104217,shop.app,,,,,,,503.99
Battle Born Offroad,,False,R/T,265/70R17,,17 Inch P265/70R17 Terrain Attack R/T 113T SL AMP Tires,1,193.99,,193.99,,8858117832857,48703961792665,https://shop.com/products/8858117832857/17-inch-p265-70r17-terrain-attack-r-t-113t-sl-amp-tires?variantId=48703961792665,shop.app,,,,,,,193.99
FR SPORT,,False,M/T,37x13.50R20,,AMP Tires AMP Terrain Attack M/T Tire - 37x13.50R20LT 127Q 37-135020AMP/CM2,1,452.99,,452.99,,8881864343704,47391136612504,https://shop.com/products/8881864343704/amp-tires-amp-terrain-attack-m-t-tire-37x13-50r20lt-127q-37-135020amp?variantId=47391136612504,shop.app,,,,,,,452.99
Next Level Performance,,False,M/T,37x13.50R24,,AMP Terrain Attack M/T Tire - 37x13.50R24LT 120Q,1,487.99,,487.99,,9618285658263,47847833206935,https://shop.com/products/9618285658263/amp-terrain-attack-m-t-tire-37x13-50r24lt-120q?variantId=47847833206935,shop.app,,,20.0,507.99,$20.00/tire (store_shipping.csv),,507.99
MOTORMIA,,False,M/T,33x13.50R24,,AMP Terrain Attack M/T Tire - 33x13.50R24LT 121Q,1,391.99,,391.99,,10468843290936,51835685929272,https://shop.com/products/10468843290936/amp-terrain-attack-m-t-tire-33x13-50r24lt-121q?variantId=51835685929272,shop.app,,,0.0,391.99,free shipping,,391.99
Speedzone Performance LLC,,False,M/T,33x13.50R24,,AMP Terrain Attack M/T Tire - 33x13.50R24LT 121Q,1,391.99,,391.99,,7350049964117,42283604836437,https://shop.com/products/7350049964117/amp-terrain-attack-m-t-tire-33x13-50r24lt-121q?variantId=42283604836437,shop.app,,,,,,,391.99
TFS Wheels,,False,M/T,37x13.50R22,,AMP Mud Terrain Attack MT A 37x13.50R22LT,1,478.17,,478.17,,8731502510231,45042333876375,https://shop.com/products/8731502510231/amp-mud-terrain-attack-mt-a-37x13-50r22lt?variantId=45042333876375,shop.app,,,0.0,478.17,free shipping,,478.17
Tacoma Wheels,,False,M/T,33x13.50R26,F,33x13.50R26LT Amp Tires Terrain Attack M/T Tire F Rated 12 Ply,1,460.99,507.09,460.99,,8301955743935,45151982387391,https://shop.com/products/8301955743935/33x13-50r26lt-amp-tires-terrain-attack-m-t-tire-f-rated-12-ply?variantId=45151982387391,shop.app,,,0.0,460.99,free shipping,,460.99
TFS Wheels,,False,M/T,37x13.50R24,,AMP Mud Terrain Attack MT A 37x13.50R24,1,513.0,,513.0,,8731417084055,45042231345303,https://shop.com/products/8731417084055/amp-mud-terrain-attack-mt-a-37x13-50r24?variantId=45042231345303,shop.app,,,0.0,513.0,free shipping,,513.0
MOTORMIA,,False,M/T,37x13.50R22,,AMP Terrain Attack M/T Tire - 37x13.50R22LT 123Q,1,468.99,,468.99,,10469046911288,51835889746232,https://shop.com/products/10469046911288/amp-terrain-attack-m-t-tire-37x13-50r22lt-123q?variantId=51835889746232,shop.app,,,0.0,468.99,free shipping,,468.99
TFS Wheels,,False,M/T,37x13.50R26,,AMP Mud Terrain Attack MT A 37x13.50R26LT,1,515.79,,515.79,,8731325497495,45042123309207,https://shop.com/products/8731325497495/amp-mud-terrain-attack-mt-a-37x13-50r26lt?variantId=45042123309207,shop.app,,,0.0,515.79,free shipping,,515.79
Wheel Tire Direct,,True,M/T,37x13.50R28,F,AMP Mud Terrain Attack MT A 37x13.50R28LT (Load F),1,785.66,859.0,785.66,,9967251194170,51620149756218,https://shop.com/products/9967251194170/amp-mud-terrain-attack-mt-a-37x13-50r28lt-load-f?variantId=51620149756218,shop.app,,,,,,,
MOTORMIA,,False,M/T,35x12.50R20,,AMP Terrain Attack M/T Tire - 35x12.50R20LT 121Q,1,328.99,,328.99,,10469049270584,51835892138296,https://shop.com/products/10469049270584/amp-terrain-attack-m-t-tire-35x12-50r20lt-121q?variantId=51835892138296,shop.app,,,0.0,328.99,free shipping,,328.99
Street Driven Performance,,False,M/T,35x11.50R20,,AMP Terrain Attack M/T Tire - 35X11.50R20LT 124Q,1,292.21,343.99,292.21,,10875105804447,62579914604703,https://shop.com/products/10875105804447/amp-terrain-attack-m-t-tire-35x11-50r20lt-124q?variantId=62579914604703,shop.app,,,25.0,317.21,$25.00/tire (store_shipping.csv),,317.21
Tacoma Wheels,,False,M/T,38x15.50R26,E,38x15.50R26LT Amp Tires Terrain Attack M/T Tire E Rated 10 Ply,1,712.99,784.29,712.99,,8301956923583,45151983632575,https://shop.com/products/8301956923583/38x15-50r26lt-amp-tires-terrain-attack-m-t-tire-e-rated-10-ply?variantId=45151983632575,shop.app,,,0.0,712.99,free shipping,,712.99
TFS Wheels,,False,M/T,35x12.50R20,,AMP Mud Terrain Attack MT A 35x12.50R20LT,1,332.64,,332.64,,8731325104279,45042122948759,https://shop.com/products/8731325104279/amp-mud-terrain-attack-mt-a-35x12-50r20lt?variantId=45042122948759,shop.app,,,0.0,332.64,free shipping,,332.64
SHOPWHEELXPRESS,,False,R/T,305/55R20,,AMP Terrain Attack RT Hybrid AT/MT LT305/55R20 Tire,1,362.12,,362.12,,8509056483465,45407251464329,https://shop.com/products/8509056483465/amp-terrain-attack-rt-hybrid-at-mt-lt305-55r20-tire?variantId=45407251464329,shop.app,,,,,,,362.12
TFS Wheels,,False,M/T,35x15.50R22,,AMP Mud Terrain Attack MT A 35x15.50R22,1,487.0,,487.0,,8731501789335,45042333155479,https://shop.com/products/8731501789335/amp-mud-terrain-attack-mt-a-35x15-50r22?variantId=45042333155479,shop.app,,,0.0,487.0,free shipping,,487.0
SHOPWHEELXPRESS,,False,R/T,285/55R20,,AMP Terrain Attack RT Hybrid AT/MT LT285/55R20 Tire,1,338.76,,338.76,,8513707278473,45421729546377,https://shop.com/products/8513707278473/amp-terrain-attack-rt-hybrid-at-mt-lt285-55r20-tire?variantId=45421729546377,shop.app,,,,,,,338.76
TFS Wheels,,False,M/T,33x13.50R24,,AMP Mud Terrain Attack MT A 33x13.50R24,1,400.0,,400.0,,8731324579991,45042122391703,https://shop.com/products/8731324579991/amp-mud-terrain-attack-mt-a-33x13-50r24?variantId=45042122391703,shop.app,,,0.0,400.0,free shipping,,400.0
RAV Performance,,False,M/T,33x13.50R26,,AMP Terrain Attack M/T Tire - 33X13.50R26LT 116Q,1,460.99,,460.99,,9455577202933,47431097254133,https://shop.com/products/9455577202933/amp-terrain-attack-m-t-tire-33x13-50r26lt-116q?variantId=47431097254133,shop.app,,,,,,,460.99
Street Driven Performance,,False,M/T,35x15.50R24,,AMP Terrain Attack M/T Tire - 35X15.50R24LT 117Q,1,442.68,495.99,442.68,,10875106394271,62579915915423,https://shop.com/products/10875106394271/amp-terrain-attack-m-t-tire-35x15-50r24lt-117q?variantId=62579915915423,shop.app,,,25.0,467.68,$25.00/tire (store_shipping.csv),,467.68
Black Patch Performance,,False,M/T,33x13.50R26,F,33X13.50R26LT TERRAIN ATTACK M/T Load Range F,1,470.0,,470.0,,7070317936727,40739078111319,https://shop.com/products/7070317936727/33x13-50r26lt-terrain-attack-m-t-load-range-f?variantId=40739078111319,shop.app,,,,,,,470.0
FR SPORT,,False,M/T,285/65R18,,AMP Tires AMP Terrain Attack M/T Tire - LT285/65R18 125/122Q 285-6518AMP/CM2,1,328.99,,328.99,,8881864114328,47391136383128,https://shop.com/products/8881864114328/amp-tires-amp-terrain-attack-m-t-tire-lt285-65r18-125-122q-285?variantId=47391136383128,shop.app,,,,,,,328.99
Gladiator Auto,,False,M/T,33x13.50R26,F,TERRAIN ATTACK M/T A 33X13.50R26LT 116Q LR F 80PSI MAX - 33-135026AMP/CM2F,1,470.0,,470.0,,9056631881982,47754431103230,https://shop.com/products/9056631881982/terrain-attack-m-t-a-33x13-50r26lt-116q-lr-f-80psi-max-33?variantId=47754431103230,shop.app,,,0.0,470.0,free shipping,,470.0
TryBeepbeep,,False,M/T,35x12.50R17,,35-125017AMP/CM2 AMP Tires Terrain Attack M/T A Tire - 35x12.50R17,1,369.99,,369.99,,10125594853658,51707329675546,https://shop.com/products/10125594853658/35-125017amp-cm2-amp-tires-terrain-attack-m-t-a-tire-35x12-50r17?variantId=51707329675546,shop.app,,,0.0,369.99,free shipping,,369.99
Tacoma Wheels,,False,M/T,38x15.50R24,E,38x15.50R24LT Amp Tires Terrain Attack M/T Tire E Rated 10 Ply,1,666.99,733.69,666.99,,8301956890815,45151983599807,https://shop.com/products/8301956890815/38x15-50r24lt-amp-tires-terrain-attack-m-t-tire-e-rated-10-ply?variantId=45151983599807,shop.app,,,0.0,666.99,free shipping,,666.99
Tacoma Wheels,,False,M/T,37x12.50R22,F,37x12.50R22LT Amp Tires Terrain Attack M/T Tire F Rated 12 Ply,1,449.99,494.99,449.99,,8301956595903,45151983304895,https://shop.com/products/8301956595903/37x12-50r22lt-amp-tires-terrain-attack-m-t-tire-f-rated-12-ply?variantId=45151983304895,shop.app,,,0.0,449.99,free shipping,,449.99
Trail Ops,,False,M/T,38x15.50R24,E,AMP Terrain Attack M/T 38x15.50R24LT Load E Tire,1,702.0,,702.0,,9204445905135,47418204717295,https://shop.com/products/9204445905135/amp-terrain-attack-m-t-38x15-50r24lt-load-e-tire?variantId=47418204717295,shop.app,,,,,,,702.0
Quadratec,,False,M/T,35x12.50R18,,AMP ATTACK M/T 35X12.50R18 TIRE,1,373.99,,373.99,,9127737590018,46804146094338,https://shop.com/products/9127737590018/amp-attack-m-t-35x12-50r18-tire?variantId=46804146094338,shop.app,,,0.0,373.99,free shipping,,373.99
Gladiator Auto,,False,M/T,33x14.50R22,F,TERRAIN ATTACK M/T A 33X14.50R22 117Q LR F 80PSI MAX,1,425.0,,425.0,,9106320130302,47754429595902,https://shop.com/products/9106320130302/terrain-attack-m-t-a-33x14-50r22-117q-lr-f-80psi-max?variantId=47754429595902,shop.app,,,0.0,425.0,free shipping,,425.0
Quadratec,,False,M/T,285/65R18,,AMP ATTACK M/T 285/65R18 TIRE,1,328.99,,328.99,,9127737524482,46804146192642,https://shop.com/products/9127737524482/amp-attack-m-t-285-65r18-tire?variantId=46804146192642,shop.app,,,0.0,328.99,free shipping,,328.99
TryBeepbeep,,False,M/T,305/55R20,,305/55R20 Amp Tires 305-5520AMP/CM2 Attack MT,1,336.99,,336.99,,10125594198298,51707326890266,https://shop.com/products/10125594198298/305-55r20-amp-tires-305-5520amp-cm2-attack-mt?variantId=51707326890266,shop.app,,,0.0,336.99,free shipping,,336.99
Gladiator Auto,,False,M/T,37x13.50R24,E,TERRAIN ATTACK M/T A 37X13.50R24 120Q LR E 65PSI MAX,1,513.0,,513.0,,9106319769854,47754429858046,https://shop.com/products/9106319769854/terrain-attack-m-t-a-37x13-50r24-120q-lr-e-65psi-max?variantId=47754429858046,shop.app,,,0.0,513.0,free shipping,,513.0
Gladiator Auto,,False,M/T,37x12.50R22,F,TERRAIN ATTACK M/T A 37X12.50R22 127Q LR F 80PSI MAX - 37-125022AMP/CM2F,1,450.0,,450.0,,9056632537342,47754430415102,https://shop.com/products/9056632537342/terrain-attack-m-t-a-37x12-50r22-127q-lr-f-80psi-max-37?variantId=47754430415102,shop.app,,,0.0,450.0,free shipping,,450.0
CWO,,False,M/T,38x15.50R26,E,38x15.50R26LT Amp Tires Terrain Attack M/T 126P LRE Black Wall Tire,1,778.99,,778.99,,10122309337401,51952034021689,https://shop.com/products/10122309337401/38x15-50r26lt-amp-tires-terrain-attack-m-t-126p-lre-black-wall-tire?variantId=51952034021689,shop.app,,,0.0,778.99,free shipping,,778.99
Gladiator Auto,,False,M/T,33x12.50R22,E,TERRAIN ATTACK M/T A 33X12.50R22 109Q LR E 65PSI MAX - 33-125022AMP/CM2,1,354.0,,354.0,,9056631783678,47754431234302,https://shop.com/products/9056631783678/terrain-attack-m-t-a-33x12-50r22-109q-lr-e-65psi-max-33?variantId=47754431234302,shop.app,,,0.0,354.0,free shipping,,354.0
FR SPORT,,False,M/T,38x13.50R24,,AMP Tires AMP Terrain Attack M/T Tire - 38x13.50R24LT 127Q 38-135024AMP/CM2F,1,616.99,,616.99,,8881865097368,47391137366168,https://shop.com/products/8881865097368/amp-tires-amp-terrain-attack-m-t-tire-38x13-50r24lt-127q-38-135024amp?variantId=47391137366168,shop.app,,,,,,,616.99
Wheel Tire Direct,,True,M/T,305/55R20,E,AMP Mud Terrain Attack MT A LT305/55R20 (Load E),1,285.31,337.0,285.31,,9965576945978,51612228321594,https://shop.com/products/9965576945978/amp-mud-terrain-attack-mt-a-lt305-55r20-load-e?variantId=51612228321594,shop.app,,,,,,,
Gladiator Auto,,False,M/T,325/50R22,E,TERRAIN ATTACK M/T A 325/50R22 122Q LR E 65PSI MAX - 325-5022AMP/CM2,1,459.0,,459.0,,9056631521534,47754431627518,https://shop.com/products/9056631521534/terrain-attack-m-t-a-325-50r22-122q-lr-e-65psi-max-325?variantId=47754431627518,shop.app,,,0.0,459.0,free shipping,,459.0
CWO,,False,M/T,35x11.50R20,E,35x11.50R20LT Amp Tires Terrain Attack M/T 124Q LRE Black Wall Tire,1,355.99,,355.99,,10122310517049,51952035332409,https://shop.com/products/10122310517049/35x11-50r20lt-amp-tires-terrain-attack-m-t-124q-lre-black-wall-tire?variantId=51952035332409,shop.app,,,0.0,355.99,free shipping,,355.99
Gladiator Auto,,False,M/T,38x15.50R26,E,TERRAIN ATTACK M/T 38X15.50R26 126P LR E 65PSI MAX,1,750.0,,750.0,,9106319638782,47754429956350,https://shop.com/products/9106319638782/terrain-attack-m-t-38x15-50r26-126p-lr-e-65psi-max?variantId=47754429956350,shop.app,,,0.0,750.0,free shipping,,750.0
CWO,,False,M/T,35x15.50R22,F,35x15.50R22 Amp Tires Terrain Attack M/T 125Q LRF Black Wall Tire,1,573.99,,573.99,,10122308813113,51952033792313,https://shop.com/products/10122308813113/35x15-50r22-amp-tires-terrain-attack-m-t-125q-lrf-black-wall-tire?variantId=51952033792313,shop.app,,,0.0,573.99,free shipping,,573.99
ClassicAutoStoreOnline.com,,False,M/T,35x12.50R17,,AMP 1992-2001 Hummer H1 Terrain Attack M/T Tire 35x12.50R17LT 121Q - OEM-Style Off-Road Replacement,1,376.99,,376.99,,15366907724147,62811800273267,https://shop.com/products/15366907724147/amp-1992-2001-hummer-h1-terrain-attack-m-t-tire-35x12-50r17lt-121q?variantId=62811800273267,shop.app,,,,,,,376.99
FR SPORT,,False,M/T,35x11.50R20,,AMP Tires AMP Terrain Attack M/T Tire - 35X11.50R20LT 124Q 35-115020AMP/CM2,1,343.99,,343.99,,8881864442008,47391136678040,https://shop.com/products/8881864442008/amp-tires-amp-terrain-attack-m-t-tire-35x11-50r20lt-124q-35-115020amp?variantId=47391136678040,shop.app,,,,,,,343.99
Gladiator Auto,,False,M/T,37x13.50R26,F,TERRAIN ATTACK M/T A 37x13.50R26 117Q LR F 80PSI MAX,1,551.0,,551.0,,9106319835390,47754429825278,https://shop.com/products/9106319835390/terrain-attack-m-t-a-37x13-50r26-117q-lr-f-80psi-max?variantId=47754429825278,shop.app,,,0.0,551.0,free shipping,,551.0
CWO,,False,M/T,37x12.50R17,D,37x12.50R17LT Amp Tires Terrain Attack M/T 124Q LRD Black Wall Tire,1,514.99,,514.99,,10252199821625,53625688359225,https://shop.com/products/10252199821625/37x12-50r17lt-amp-tires-terrain-attack-m-t-124q-lrd-black-wall-tire?variantId=53625688359225,shop.app,,,0.0,514.99,free shipping,,514.99
AutoHouseSupply,,False,M/T,37x13.50R22,,AMP Terrain Attack M/T Tire - 37x13.50R22LT 123Q,1,468.99,,468.99,,10304035782948,51514748829988,https://shop.com/products/10304035782948/amp-terrain-attack-m-t-tire-37x13-50r22lt-123q?variantId=51514748829988,shop.app,,,,,,,468.99
Tacoma Wheels,,False,M/T,285/65R18,E,LT285/65R18 Amp Tires Terrain Attack M/T Tire E Rated 10 Ply,1,328.99,361.89,328.99,,8301954793663,45151981437119,https://shop.com/products/8301954793663/lt285-65r18-amp-tires-terrain-attack-m-t-tire-e-rated-10-ply?variantId=45151981437119,shop.app,,,0.0,328.99,free shipping,,328.99
MOTORMIA,,False,M/T,33x12.50R20,,AMP Terrain Attack M/T Tire - 33x12.50R20LT 114Q,1,309.99,,309.99,,10468970692920,51835813495096,https://shop.com/products/10468970692920/amp-terrain-attack-m-t-tire-33x12-50r20lt-114q?variantId=51835813495096,shop.app,,,0.0,309.99,free shipping,,309.99
Speedzone Performance LLC,,False,M/T,325/50R22,,AMP Terrain Attack M/T Tire - LT325/50R22 122Q,1,436.99,,436.99,,7350049570901,42283603689557,https://shop.com/products/7350049570901/amp-terrain-attack-m-t-tire-lt325-50r22-122q?variantId=42283603689557,shop.app,,,,,,,436.99
Street Driven Performance,,False,M/T,38x13.50R24,,AMP Terrain Attack M/T Tire - 38x13.50R24LT 127Q,1,481.88,616.99,481.88,,10875106721951,62579916603551,https://shop.com/products/10875106721951/amp-terrain-attack-m-t-tire-38x13-50r24lt-127q?variantId=62579916603551,shop.app,,,25.0,506.88,$25.00/tire (store_shipping.csv),,506.88
PERFORMANCE MODS,,False,M/T,38x13.50R24,,AMP Tires 38-135024AMP/CM2F AMP Terrain Attack M/T Tire - 38x13.50R24LT 127Q,1,616.99,,616.99,,8149783216314,44920715444410,https://shop.com/products/8149783216314/amp-tires-38-135024amp-cm2f-amp-terrain-attack-m-t-tire-38x13-50r24lt?variantId=44920715444410,shop.app,,,,,,,616.99
FR SPORT,,False,M/T,38x15.50R26,,AMP Tires AMP Terrain Attack M/T Tire - 38X15.50R26LT 126P 38-155026AMP/CM2,1,712.99,,712.99,,8881864999064,47391137300632,https://shop.com/products/8881864999064/amp-tires-amp-terrain-attack-m-t-tire-38x15-50r26lt-126p-38-155026amp?variantId=47391137300632,shop.app,,,,,,,712.99
Street Driven Performance,,False,M/T,37x12.50R22,,AMP Terrain Attack M/T Tire - 37x12.50R22LT 127Q,1,401.63,449.99,401.63,,10875106459807,62579916079263,https://shop.com/products/10875106459807/amp-terrain-attack-m-t-tire-37x12-50r22lt-127q?variantId=62579916079263,shop.app,,,25.0,426.63,$25.00/tire (store_shipping.csv),,426.63
Mach Yeti Racing,,False,R/T,35x12.50R17,,AMP Terrain Attack R/T Tire - 35X12.50R17LT 125Q,1,344.99,,344.99,,9798995705940,45266122145876,https://shop.com/products/9798995705940/amp-terrain-attack-r-t-tire-35x12-50r17lt-125q?variantId=45266122145876,shop.app,,,,,,,344.99
FR SPORT,,False,M/T,33x13.50R24,,AMP Tires AMP Terrain Attack M/T Tire - 33x13.50R24LT 121Q 33-135024AMP/CM2F,1,391.99,,391.99,,8881864605848,47391136874648,https://shop.com/products/8881864605848/amp-tires-amp-terrain-attack-m-t-tire-33x13-50r24lt-121q-33-135024amp?variantId=47391136874648,shop.app,,,,,,,391.99
PERFORMANCE MODS,,False,M/T,35x11.50R20,,AMP Tires 35-115020AMP/CM2 AMP Terrain Attack M/T Tire - 35X11.50R20LT 124Q,1,351.0,,351.0,,8149782036666,44920713445562,https://shop.com/products/8149782036666/amp-tires-35-115020amp-cm2-amp-terrain-attack-m-t-tire-35x11-50r20lt?variantId=44920713445562,shop.app,,,,,,,351.0
VCT AUTO PERFORMANCE,,False,Terrain Attack A/T A,285/70R17,,AMP Tires AMP Terrain Attack A/T A Tire - LT285/70R17 121/118R,1,187.0,220.99,187.0,,8318791123138,46725856788674,https://shop.com/products/8318791123138/amp-tires-amp-terrain-attack-a-t-a-tire-lt285-70r17-121-118r?variantId=46725856788674,shop.app,,,13.45,200.45,$13.45/tire (store_shipping.csv),,200.45
Next Level Performance,,False,Terrain Attack A/T A,37x12.50R20,,AMP Terrain Attack A/T A Tire - 37x12.50R20LT 126R,1,361.99,,361.99,,9562142015639,47624123154583,https://shop.com/products/9562142015639/amp-terrain-attack-a-t-a-tire-37x12-50r20lt-126r?variantId=47624123154583,shop.app,,,20.0,381.99,$20.00/tire (store_shipping.csv),,381.99
Speedzone Performance LLC,,False,M/T,33x12.50R22,,AMP Terrain Attack M/T Tire - 33x12.50R22LT 109Q,1,336.99,,336.99,,7350049833045,42283604410453,https://shop.com/products/7350049833045/amp-terrain-attack-m-t-tire-33x12-50r22lt-109q?variantId=42283604410453,shop.app,,,,,,,336.99
FR SPORT,,False,M/T,35x13.50R26,,AMP Tires AMP Terrain Attack M/T Tire - 35x13.50R26LT 117Q 35-135026AMP/CM2F,1,512.99,,512.99,,8881865064600,47391137333400,https://shop.com/products/8881865064600/amp-tires-amp-terrain-attack-m-t-tire-35x13-50r26lt-117q-35-135026amp?variantId=47391137333400,shop.app,,,,,,,512.99
Black Patch Performance,,False,M/T,37x13.50R26,F,37x13.50R26LT TERRAIN ATTACK M/T Load Range F,1,551.0,,551.0,,7070005755991,40736903626839,https://shop.com/products/7070005755991/37x13-50r26lt-terrain-attack-m-t-load-range-f?variantId=40736903626839,shop.app,,,,,,,551.0
PERFORMANCE MODS,,False,M/T,33x13.50R26,,AMP Tires 33-135026AMP/CM2F AMP Terrain Attack M/T Tire - 33X13.50R26LT 116Q,1,460.99,,460.99,,8149781971130,44920713314490,https://shop.com/products/8149781971130/amp-tires-33-135026amp-cm2f-amp-terrain-attack-m-t-tire-33x13-50r26lt?variantId=44920713314490,shop.app,,,,,,,460.99
PERFORMANCE MODS,,False,M/T,37x12.50R22,,AMP Tires 37-125022AMP/CM2F AMP Terrain Attack M/T Tire - 37x12.50R22LT 127Q,1,449.99,,449.99,,8149782888634,44920714887354,https://shop.com/products/8149782888634/amp-tires-37-125022amp-cm2f-amp-terrain-attack-m-t-tire-37x12-50r22lt?variantId=44920714887354,shop.app,,,,,,,449.99
Tacoma Wheels,,False,M/T,325/50R22,E,LT325/50R22 Amp Tires Terrain Attack M/T Tire E Rated 10 Ply,1,436.99,480.69,436.99,,8301955317951,45151981961407,https://shop.com/products/8301955317951/lt325-50r22-amp-tires-terrain-attack-m-t-tire-e-rated-10-ply?variantId=45151981961407,shop.app,,,0.0,436.99,free shipping,,436.99
Next Level Performance,,False,M/T,35x15.50R22,,AMP Terrain Attack M/T Tire - 35x15.50R22LT 125Q,1,487.0,,487.0,,9618295652503,47847843463319,https://shop.com/products/9618295652503/amp-terrain-attack-m-t-tire-35x15-50r22lt-125q?variantId=47847843463319,shop.app,,,20.0,507.0,$20.00/tire (store_shipping.csv),,507.0
VCT AUTO PERFORMANCE,,False,Terrain Attack A/T A,35x12.50R20,,AMP Tires AMP Terrain Attack A/T A Tire - 35x12.50R20LT 121R,1,233.0,302.99,233.0,,8318791909570,46725899878594,https://shop.com/products/8318791909570/amp-tires-amp-terrain-attack-a-t-a-tire-35x12-50r20lt-121r?variantId=46725899878594,shop.app,,,13.45,246.45,$13.45/tire (store_shipping.csv),,246.45
Mach Yeti Racing,,False,Terrain Pro A/T P,33x12.50R20,,AMP Terrain Pro A/T Tire - 33X12.50R20LT 114S,1,256.99,,256.99,,9798991380564,45266116673620,https://shop.com/products/9798991380564/amp-terrain-pro-a-t-tire-33x12-50r20lt-114s?variantId=45266116673620,shop.app,,,,,,,256.99
BattlegroundOffroadSupply,,False,M/T,35x12.50R18,,AMP Terrain Attack M/T Tire - 35x12.50R18LT 123Q,1,373.99,,373.99,,9988578017528,49645576683768,https://shop.com/products/9988578017528/amp-terrain-attack-m-t-tire-35x12-50r18lt-123q?variantId=49645576683768,shop.app,,,,,,,373.99
797 Offroad,,False,M/T,38x13.50R24,,AMP Terrain Attack M/T Tire - 38x13.50R24LT 127Q,1,616.99,,616.99,,8952085217504,47639718658272,https://shop.com/products/8952085217504/amp-terrain-attack-m-t-tire-38x13-50r24lt-127q?variantId=47639718658272,shop.app,,,,,,,616.99
FR SPORT,,False,M/T,37x13.50R22,,AMP Tires AMP Terrain Attack M/T Tire - 37x13.50R22LT 123Q 37-135022AMP/CM2,1,468.99,,468.99,,8881864638616,47391136907416,https://shop.com/products/8881864638616/amp-tires-amp-terrain-attack-m-t-tire-37x13-50r22lt-123q-37-135022amp?variantId=47391136907416,shop.app,,,,,,,468.99
Mach Yeti Racing,,False,R/T,35x12.50R20,,AMP Terrain Attack R/T Tire - 35X12.50R20LT 121Q,1,334.99,,334.99,,9798998065236,45266124243028,https://shop.com/products/9798998065236/amp-terrain-attack-r-t-tire-35x12-50r20lt-121q?variantId=45266124243028,shop.app,,,,,,,334.99
Late Model Truck,,False,Terrain Pro A/T P,33x12.50R20,,AMP Terrain Pro A/T Tire - 33X12.50R20LT 114S,1,256.99,,256.99,,7841427914959,44974623883471,https://shop.com/products/7841427914959/amp-terrain-pro-a-t-tire-33x12-50r20lt-114s?variantId=44974623883471,shop.app,,,,,,,256.99
PERFORMANCE MODS,,False,M/T,35x15.50R24,,AMP Tires 35-155024AMP/CM2 AMP Terrain Attack M/T Tire - 35X15.50R24LT 117Q,1,495.99,,495.99,,8149782790330,44920714723514,https://shop.com/products/8149782790330/amp-tires-35-155024amp-cm2-amp-terrain-attack-m-t-tire-35x15-50r24lt?variantId=44920714723514,shop.app,,,,,,,495.99
VCT AUTO PERFORMANCE,,False,Terrain Attack A/T A,265/70R17,,AMP Tires AMP Terrain Attack A/T A Tire - LT265/70R17 121/118S,1,175.0,205.99,175.0,,8318791057602,46725853610178,https://shop.com/products/8318791057602/amp-tires-amp-terrain-attack-a-t-a-tire-lt265-70r17-121-118s?variantId=46725853610178,shop.app,,,13.45,188.45,$13.45/tire (store_shipping.csv),,188.45
PETER'S CAR PARTS,,False,M/T,37x13.50R22,,AMP Terrain Attack M/T Tire - 37x13.50R22LT 123Q,1,469.12,,469.12,,9835710710066,49988693590322,https://shop.com/products/9835710710066/amp-terrain-attack-m-t-tire-37x13-50r22lt-123q?variantId=49988693590322,shop.app,,,,,,,469.12
Next Level Performance,,False,Terrain Pro A/T P,35x12.50R24,,AMP Terrain Pro A/T Tire - 35X12.50R24LT 116R,1,376.99,,376.99,,9618286706839,47847834288279,https://shop.com/products/9618286706839/amp-terrain-pro-a-t-tire-35x12-50r24lt-116r?variantId=47847834288279,shop.app,,,20.0,396.99,$20.00/tire (store_shipping.csv),,396.99
797 Offroad,,False,M/T,37x12.50R22,,AMP Terrain Attack M/T Tire - 37x12.50R22LT 127Q,1,450.0,,450.0,,8952084955360,47639718133984,https://shop.com/products/8952084955360/amp-terrain-attack-m-t-tire-37x12-50r22lt-127q?variantId=47639718133984,shop.app,,,,,,,450.0
FR SPORT,,False,M/T,35x13.50R24,,AMP Tires AMP Terrain Attack M/T Tire - 35x13.50R24LT 112Q 35-135024AMP/CM2,1,437.99,,437.99,,8881864802456,47391137071256,https://shop.com/products/8881864802456/amp-tires-amp-terrain-attack-m-t-tire-35x13-50r24lt-112q-35-135024amp?variantId=47391137071256,shop.app,,,,,,,437.99
PERFORMANCE MODS,,False,M/T,35x15.50R22,,AMP Tires 35-155022AMP/CM2F AMP Terrain Attack M/T Tire - 35x15.50R22LT 125Q,1,487.0,,487.0,,8149782757562,44920714625210,https://shop.com/products/8149782757562/amp-tires-35-155022amp-cm2f-amp-terrain-attack-m-t-tire-35x15-50r22lt?variantId=44920714625210,shop.app,,,,,,,487.0
FR SPORT,,False,M/T,35x15.50R24,,AMP Tires AMP Terrain Attack M/T Tire - 35X15.50R24LT 117Q 35-155024AMP/CM2,1,495.99,,495.99,,8881864769688,47391137005720,https://shop.com/products/8881864769688/amp-tires-amp-terrain-attack-m-t-tire-35x15-50r24lt-117q-35-155024amp?variantId=47391137005720,shop.app,,,,,,,495.99
Late Model Truck,,False,Terrain Pro A/T P,285/65R18,,AMP Terrain Pro A/T Tire - LT285/65R18 125/122R,1,256.99,,256.99,,7841427292367,44974622638287,https://shop.com/products/7841427292367/amp-terrain-pro-a-t-tire-lt285-65r18-125-122r?variantId=44974622638287,shop.app,,,,,,,256.99
MOTORMIA,,False,Terrain Pro A/T P,275/70R18,,AMP Terrain Pro A/T Tire - LT275/70R18 122/125R,1,271.0,,271.0,,10468884545848,51835727413560,https://shop.com/products/10468884545848/amp-terrain-pro-a-t-tire-lt275-70r18-122-125r?variantId=51835727413560,shop.app,,,0.0,271.0,free shipping,,271.0
MSV Racing,,False,Terrain Pro A/T P,275/65R20,,AMP Terrain Pro A/T Tire - LT275/65R20 126/123S,1,292.0,,292.0,,8663165141145,46196021362841,https://shop.com/products/8663165141145/amp-terrain-pro-a-t-tire-lt275-65r20-126-123s?variantId=46196021362841,shop.app,,,,,,,292.0
Legends Auto Parts,,False,R/T,37x13.50R24,F,AMP Terrain Attack RT 37x13.50R24LT Load F,1,454.97,,454.97,,8748708069635,45925410603267,https://shop.com/products/8748708069635/amp-terrain-attack-rt-37x13-50r24lt-load-f?variantId=45925410603267,shop.app,,,,,,,454.97
Late Model Truck,,False,R/T,33x12.50R22,,AMP Terrain Attack R/T Tire - 33X12.50R22LT 114Q,1,357.99,,357.99,,7841428111567,44974624276687,https://shop.com/products/7841428111567/amp-terrain-attack-r-t-tire-33x12-50r22lt-114q?variantId=44974624276687,shop.app,,,,,,,357.99
Signature Performance,,False,M/T,33x13.50R24,,33x13.50R24LT AMP Terrain Attack M/T Tire,1,400.0,,400.0,,8111625437324,43953194172556,https://shop.com/products/8111625437324/33x13-50r24lt-amp-terrain-attack-m-t-tire?variantId=43953194172556,shop.app,,,,,,,400.0
Gladiator Auto,,False,Terrain Attack A/T A,37x12.50R20,E,TERRAIN ATTACK A/T A 37X12.50R20 126R LR E 65PSI MAX,1,369.0,,369.0,,9106319999230,47754429694206,https://shop.com/products/9106319999230/terrain-attack-a-t-a-37x12-50r20-126r-lr-e-65psi-max?variantId=47754429694206,shop.app,,,0.0,369.0,free shipping,,369.0
Wheel Tire Direct,,True,M/T,38x15.50R26,E,AMP Mud Terrain Attack MT A 38x15.50R26LT (Load E),1,592.76,750.0,592.76,,9966793556282,51618342011194,https://shop.com/products/9966793556282/amp-mud-terrain-attack-mt-a-38x15-50r26lt-load-e?variantId=51618342011194,shop.app,,,,,,,
SHOPWHEELXPRESS,,False,R/T,35x13.50R24,,AMP Terrain Attack RT Hybrid AT/MT 35x13.50R24LT Tire,1,450.0,,450.0,,8513380810889,45420286017673,https://shop.com/products/8513380810889/amp-terrain-attack-rt-hybrid-at-mt-35x13-50r24lt-tire?variantId=45420286017673,shop.app,,,,,,,450.0
Next Level Performance,,False,M/T,37x13.50R28,,AMP Terrain Attack M/T Tire - 37X13.50R28LT 114Q,1,859.0,,859.0,,9618305941655,47847858602135,https://shop.com/products/9618305941655/amp-terrain-attack-m-t-tire-37x13-50r28lt-114q?variantId=47847858602135,shop.app,,,20.0,879.0,$20.00/tire (store_shipping.csv),,879.0
AutoHouseSupply,,False,M/T,33x13.50R24,,AMP Terrain Attack M/T Tire - 33x13.50R24LT 121Q,1,391.99,,391.99,,10304034537764,51514740605220,https://shop.com/products/10304034537764/amp-terrain-attack-m-t-tire-33x13-50r24lt-121q?variantId=51514740605220,shop.app,,,,,,,391.99
Next Level Performance,,False,M/T,37x13.50R22,,AMP Terrain Attack M/T Tire - 37x13.50R22LT 123Q,1,468.99,,468.99,,9618285592727,47847833141399,https://shop.com/products/9618285592727/amp-terrain-attack-m-t-tire-37x13-50r22lt-123q?variantId=47847833141399,shop.app,,,20.0,488.99,$20.00/tire (store_shipping.csv),,488.99
Wheels Below Retail,,False,M/T,325/50R22,,AMP MUD TERRAIN ATTACK MT A LT325/50R22 (34.8X13R 22) Tires,1,484.0,,484.0,,5426286723234,35033293160610,https://shop.com/products/5426286723234/amp-mud-terrain-attack-mt-a-lt325-50r22-34-8x13r-22-tires?variantId=35033293160610,shop.app,,,,,,,484.0
Next Level Performance,,False,M/T,305/55R20,,AMP Terrain Attack M/T Tire - LT305/55R20 121/118Q,1,337.0,,337.0,,9562140573847,47624121090199,https://shop.com/products/9562140573847/amp-terrain-attack-m-t-tire-lt305-55r20-121-118q?variantId=47624121090199,shop.app,,,20.0,357.0,$20.00/tire (store_shipping.csv),,357.0
Gladiator Auto,,False,M/T,37x13.50R26,F,TERRAIN ATTACK M/T A 37x13.50R26 117Q LR F 80PSI MAX - 37-135026AMP/CM2F,1,551.0,,551.0,,9056632701182,47754430251262,https://shop.com/products/9056632701182/terrain-attack-m-t-a-37x13-50r26-117q-lr-f-80psi-max-37?variantId=47754430251262,shop.app,,,0.0,551.0,free shipping,,551.0
Gladiator Auto,,False,M/T,305/55R20,E,TERRAIN ATTACK M/T A 305/55R20 121/118Q LR E 65PSI MAX - 305-5520AMP/CM2,1,337.0,,337.0,,9056631455998,47754431693054,https://shop.com/products/9056631455998/terrain-attack-m-t-a-305-55r20-121-118q-lr-e-65psi-max?variantId=47754431693054,shop.app,,,0.0,337.0,free shipping,,337.0
Wheels Below Retail,,False,M/T,285/55R20,,AMP MUD TERRAIN ATTACK MT A LT285/55R20 (32.3X11.2R 20) Tires,1,336.0,,336.0,,5426288197794,35033297387682,https://shop.com/products/5426288197794/amp-mud-terrain-attack-mt-a-lt285-55r20-32-3x11-2r-20-tires?variantId=35033297387682,shop.app,,,,,,,336.0
Gladiator Auto,,False,M/T,285/65R18,E,TERRAIN ATTACK M/T A 285/65R18 125/122Q LR E 80PSI MAX - 285-6518AMP/CM2,1,329.0,,329.0,,9056631095550,47754432053502,https://shop.com/products/9056631095550/terrain-attack-m-t-a-285-65r18-125-122q-lr-e-80psi-max?variantId=47754432053502,shop.app,,,0.0,329.0,free shipping,,329.0
Signature Performance,,False,M/T,35x13.50R26,,35x13.50R26LT AMP Terrain Attack M/T Tire,1,540.0,,540.0,,8111602827404,43953138139276,https://shop.com/products/8111602827404/35x13-50r26lt-amp-terrain-attack-m-t-tire?variantId=43953138139276,shop.app,,,,,,,540.0
Gladiator Auto,,False,M/T,35x12.50R17,E,TERRAIN ATTACK M/T A 35X12.50R17 121Q LR E 65PSI MAX - 35-125017AMP/CM2,1,370.0,,370.0,,9056632078590,47754430906622,https://shop.com/products/9056632078590/terrain-attack-m-t-a-35x12-50r17-121q-lr-e-65psi-max-35?variantId=47754430906622,shop.app,,,0.0,370.0,free shipping,,370.0
CWO,,False,M/T,35x15.50R24,E,35x15.50R24LT Amp Tires Terrain Attack M/T 117Q LRE Black Wall Tire,1,577.99,,577.99,,10122308976953,51952033923385,https://shop.com/products/10122308976953/35x15-50r24lt-amp-tires-terrain-attack-m-t-117q-lre-black-wall-tire?variantId=51952033923385,shop.app,,,0.0,577.99,free shipping,,577.99
Street Car Performance,,False,R/T,285/70R17,,AMP Terrain Attack RT LT285/70R17,1,251.99,,251.99,,8207009251372,45355808587820,https://shop.com/products/8207009251372/amp-terrain-attack-rt-lt285-70r17?variantId=45355808587820,shop.app,,,,,,,251.99
Demonic Performance,,False,R/T,35x12.50R22,,AMP Terrain Attack R/T Tire - 35X12.50R22LT 117Q,1,367.99,,367.99,,10603285741852,52970588602652,https://shop.com/products/10603285741852/amp-terrain-attack-r-t-tire-35x12-50r22lt-117q?variantId=52970588602652,shop.app,,,,,,,367.99
CWO,,False,M/T,37x12.50R22,F,37x12.50R22LT Amp Tires Terrain Attack M/T 127Q LRF Black Wall Tire,1,552.99,,552.99,,10122310713657,51952035791161,https://shop.com/products/10122310713657/37x12-50r22lt-amp-tires-terrain-attack-m-t-127q-lrf-black-wall-tire?variantId=51952035791161,shop.app,,,0.0,552.99,free shipping,,552.99
CWO,,False,M/T,37x13.50R24,E,37x13.50R24LT Amp Tires Terrain Attack M/T 120Q LRE Black Wall Tire,1,601.99,,601.99,,10122311336249,51952036217145,https://shop.com/products/10122311336249/37x13-50r24lt-amp-tires-terrain-attack-m-t-120q-lre-black-wall-tire?variantId=51952036217145,shop.app,,,0.0,601.99,free shipping,,601.99
Speedzone Performance LLC,,False,Terrain Attack A/T A,315/70R17,,AMP Terrain Attack A/T A Tire - LT315/70R17 121/118R,1,287.0,,287.0,,7350049538133,42283603558485,https://shop.com/products/7350049538133/amp-terrain-attack-a-t-a-tire-lt315-70r17-121-118r?variantId=42283603558485,shop.app,,,,,,,287.0
Tacoma Wheels,,False,M/T,33x13.50R24,F,33x13.50R24LT Amp Tires Terrain Attack M/T Tire F Rated 12 Ply,1,391.99,431.19,391.99,,8301955678399,45151982321855,https://shop.com/products/8301955678399/33x13-50r24lt-amp-tires-terrain-attack-m-t-tire-f-rated-12-ply?variantId=45151982321855,shop.app,,,0.0,391.99,free shipping,,391.99
Signature Performance,,False,Terrain Attack A/T A,285/70R17,,LT285/70R17 AMP Terrain Attack A/T A Tire,1,221.0,,221.0,,8105876062348,43932432859276,https://shop.com/products/8105876062348/lt285-70r17-amp-terrain-attack-a-t-a-tire?variantId=43932432859276,shop.app,,,,,,,221.0
Dually Wheels,,False,M/T,35x15.50R22,,35x15.50R22LT/12 Amp Tires Terrain Attack M/T Tires Set of 6,6,2922.0,3214.2,487.0,,7916249317631,46049274429695,https://shop.com/products/7916249317631/35x15-50r22lt-12-amp-tires-terrain-attack-m-t-tires-set-of-6?variantId=46049274429695,shop.app,,,,,,,487.0
Gladiator Auto,,False,M/T,33x14.50R22,F,TERRAIN ATTACK M/T A 33X14.50R22 117Q LR F 80PSI MAX - 33-145022AMP/CM2F,1,425.0,,425.0,,9056632209662,47754430775550,https://shop.com/products/9056632209662/terrain-attack-m-t-a-33x14-50r22-117q-lr-f-80psi-max-33?variantId=47754430775550,shop.app,,,0.0,425.0,free shipping,,425.0
CWO,,False,M/T,33x14.50R22,F,33x14.50R22 Amp Tires Terrain Attack M/T 117Q LRF Black Wall Tire,1,425.0,,425.0,,10122307699001,51952032710969,https://shop.com/products/10122307699001/33x14-50r22-amp-tires-terrain-attack-m-t-117q-lrf-black-wall-tire?variantId=51952032710969,shop.app,,,0.0,425.0,free shipping,,425.0
CWO,,False,M/T,33x13.50R26,F,33x13.50R26LT Amp Tires Terrain Attack M/T 116Q LRF Black Wall Tire,1,470.0,,470.0,,10122315137337,51952040083769,https://shop.com/products/10122315137337/33x13-50r26lt-amp-tires-terrain-attack-m-t-116q-lrf-black-wall-tire?variantId=51952040083769,shop.app,,,0.0,470.0,free shipping,,470.0
Gladiator Auto,,False,M/T,35x15.50R22,F,TERRAIN ATTACK M/T A 35X15.50R22 125Q LR F 80PSI MAX,1,487.0,,487.0,,9106320031998,47754429661438,https://shop.com/products/9106320031998/terrain-attack-m-t-a-35x15-50r22-125q-lr-f-80psi-max?variantId=47754429661438,shop.app,,,0.0,487.0,free shipping,,487.0
CWO,,False,M/T,33x13.50R24,F,33x13.50R24LT Amp Tires Terrain Attack M/T 121Q LRF Black Wall Tire,1,400.0,,400.0,,10122315104569,51952039952697,https://shop.com/products/10122315104569/33x13-50r24lt-amp-tires-terrain-attack-m-t-121q-lrf-black-wall-tire?variantId=51952039952697,shop.app,,,0.0,400.0,free shipping,,400.0
Tires Nation,,False,M/T,285/65R18,,Amp Terrain Attack M/T A 285/65R18 125/122Q Tire,1,329.0,454.07,329.0,,10463914098978,52384984531234,https://shop.com/products/10463914098978/amp-terrain-attack-m-t-a-285-65r18-125-122q-tire?variantId=52384984531234,shop.app,,,,,,,329.0
CWO,,False,M/T,35x13.50R24,E,35x13.50R24LT Amp Tires Terrain Attack M/T 118Q LRE Black Wall Tire,1,560.99,,560.99,,10122310451513,51952035561785,https://shop.com/products/10122310451513/35x13-50r24lt-amp-tires-terrain-attack-m-t-118q-lre-black-wall-tire?variantId=51952035561785,shop.app,,,0.0,560.99,free shipping,,560.99
BattlegroundOffroadSupply,,False,Terrain Attack A/T A,35x12.50R20,,AMP Terrain Attack A/T A Tire - 35x12.50R20LT 121R,1,302.99,,302.99,,9988578083064,49645576814840,https://shop.com/products/9988578083064/amp-terrain-attack-a-t-a-tire-35x12-50r20lt-121r?variantId=49645576814840,shop.app,,,,,,,302.99
Next Level Performance,,False,R/T,35x12.50R20,,AMP Terrain Attack R/T Tire - 35X12.50R20LT 125Q,1,353.99,,353.99,,9618276876439,47847824556183,https://shop.com/products/9618276876439/amp-terrain-attack-r-t-tire-35x12-50r20lt-125q?variantId=47847824556183,shop.app,,,20.0,373.99,$20.00/tire (store_shipping.csv),,373.99
Signature Performance,,False,M/T,37x13.50R28,,37X13.50R28LT AMP Terrain Attack M/T Tire,1,859.0,,859.0,,8111625207948,43953193910412,https://shop.com/products/8111625207948/37x13-50r28lt-amp-terrain-attack-m-t-tire?variantId=43953193910412,shop.app,,,,,,,859.0
Signature Performance,,False,Terrain Attack A/T A,265/70R17,,LT265/70R17 AMP Terrain Attack A/T A Tire,1,210.0,,210.0,,8111613902988,43953158553740,https://shop.com/products/8111613902988/lt265-70r17-amp-terrain-attack-a-t-a-tire?variantId=43953158553740,shop.app,,,,,,,210.0
Legends Auto Parts,,False,R/T,37x13.50R24,,AMP Terrain Attack RT 37x13.50R24LT,1,454.97,,454.97,,8748706529539,45925398053123,https://shop.com/products/8748706529539/amp-terrain-attack-rt-37x13-50r24lt?variantId=45925398053123,shop.app,,,,,,,454.97
Mach Yeti Racing,,False,Terrain Attack A/T A,285/55R20,,AMP Terrain Attack A/T A Tire - LT285/55R20 122/119S,1,260.99,,260.99,,9798982664276,45266106941524,https://shop.com/products/9798982664276/amp-terrain-attack-a-t-a-tire-lt285-55r20-122-119s?variantId=45266106941524,shop.app,,,,,,,260.99
Mach Yeti Racing,,False,R/T,285/55R20,,AMP Terrain Attack R/T Tire - LT285/55R20 122/119Q,1,299.99,,299.99,,9798983483476,45266107596884,https://shop.com/products/9798983483476/amp-terrain-attack-r-t-tire-lt285-55r20-122-119q?variantId=45266107596884,shop.app,,,,,,,299.99
Complete Street Performance,,False,R/T,35x12.50R17,,Amp Tires 35-125017AMP/RTE - AMP Terrain Attack R/T Tire - 35X12.50R17LT 125Q,1,344.99,379.49,344.99,,9986580709654,50065229054230,https://shop.com/products/9986580709654/amp-tires-35-125017amp-rte-amp-terrain-attack-r-t-tire-35x12-50r17lt?variantId=50065229054230,shop.app,,,,,,,344.99
Down East Offroad,,False,R/T,35x13.50R24,,AMP Terrain Attack R/T Tire - 35X13.50R24LT 112Q,1,440.99,,440.99,,14998236529012,54153019359604,https://shop.com/products/14998236529012/amp-terrain-attack-r-t-tire-35x13-50r24lt-112q?variantId=54153019359604,shop.app,,,,,,,440.99
Forge USA,,False,R/T,35x13.50R24,,AMP Terrain Attack R/T LT35X13.50R24,1,466.0,,466.0,,10122097754352,50086603882736,https://shop.com/products/10122097754352/amp-terrain-attack-r-t-lt35x13-50r24?variantId=50086603882736,shop.app,,,,,,,466.0
Speedzone Performance LLC,,False,R/T,35x12.50R20,,AMP Terrain Attack R/T Tire - 35X12.50R20LT 125Q,1,353.99,,353.99,,7350050422869,42283605721173,https://shop.com/products/7350050422869/amp-terrain-attack-r-t-tire-35x12-50r20lt-125q?variantId=42283605721173,shop.app,,,,,,,353.99
RAV Performance,,False,R/T,35x12.50R20,,AMP Terrain Attack R/T Tire - 35X12.50R20LT 121Q,1,334.99,,334.99,,9455577465077,47431097876725,https://shop.com/products/9455577465077/amp-terrain-attack-r-t-tire-35x12-50r20lt-121q?variantId=47431097876725,shop.app,,,,,,,334.99
Down East Offroad,,False,R/T,35x12.50R20,,AMP Terrain Attack R/T Tire - 35X12.50R20LT 125Q,1,353.99,,353.99,,14998238495092,54153030828404,https://shop.com/products/14998238495092/amp-terrain-attack-r-t-tire-35x12-50r20lt-125q?variantId=54153030828404,shop.app,,,,,,,353.99
Street Driven Performance,,False,R/T,35x12.50R22,,AMP Terrain Attack R/T Tire - 35X12.50R22LT 121Q,1,318.24,395.99,318.24,,10875106164895,62579915391135,https://shop.com/products/10875106164895/amp-terrain-attack-r-t-tire-35x12-50r22lt-121q?variantId=62579915391135,shop.app,,,25.0,343.24,$25.00/tire (store_shipping.csv),,343.24
Speedzone Performance LLC,,False,R/T,35x12.50R20,,AMP Terrain Attack R/T Tire - 35X12.50R20LT 121Q,1,334.99,,334.99,,7350050357333,42283605622869,https://shop.com/products/7350050357333/amp-terrain-attack-r-t-tire-35x12-50r20lt-121q?variantId=42283605622869,shop.app,,,,,,,334.99
eliteracefab.com,,False,R/T,35x13.50R24,,AMP Terrain Attack R/T Tires - 35x13.50R24LT 112Q,1,450.0,,450.0,,9444124950696,55530728816808,https://shop.com/products/9444124950696/amp-terrain-attack-r-t-tires-35x13-50r24lt-112q?variantId=55530728816808,shop.app,,,0.0,450.0,free shipping,,450.0
797 Offroad,,False,R/T,33x12.50R20,,AMP Terrain Attack R/T Tire - 33X12.50R20LT 114Q,1,320.99,,320.99,,8952083939552,47639716135136,https://shop.com/products/8952083939552/amp-terrain-attack-r-t-tire-33x12-50r20lt-114q?variantId=47639716135136,shop.app,,,,,,,320.99
AutoHouseSupply,,False,R/T,285/70R17,,AMP Terrain Attack R/T Tire - LT285/70R17 116/113Q,1,251.99,,251.99,,10304033358116,51514734870820,https://shop.com/products/10304033358116/amp-terrain-attack-r-t-tire-lt285-70r17-116-113q?variantId=51514734870820,shop.app,,,,,,,251.99
Quadratec,,False,R/T,35x12.50R20,E,AMP - TERRAIN ATTACK R/T - 35X12.50R20LT 121Q LR E,1,334.99,,334.99,,9127738966274,46804148289794,https://shop.com/products/9127738966274/amp-terrain-attack-r-t-35x12-50r20lt-121q-lr-e?variantId=46804148289794,shop.app,,,0.0,334.99,free shipping,,334.99
FI Performance,,False,R/T,33x12.50R22,,AMP Terrain Attack R/T Tire - 33X12.50R22LT 114Q,1,357.99,,357.99,,10653747347596,61739772412044,https://shop.com/products/10653747347596/amp-terrain-attack-r-t-tire-33x12-50r22lt-114q?variantId=61739772412044,shop.app,,,,,,,357.99
eliteracefab.com,,False,R/T,35x13.50R24,,AMP Terrain Attack R/T Tires - 35x13.50R24LT 116Q,1,466.0,,466.0,,9444125049000,55530729144488,https://shop.com/products/9444125049000/amp-terrain-attack-r-t-tires-35x13-50r24lt-116q?variantId=55530729144488,shop.app,,,0.0,466.0,free shipping,,466.0
Forge USA,,False,R/T,285/70R17,,AMP Terrain Attack R/T LT285/70R17,1,265.0,,265.0,,10122098213104,50086605291760,https://shop.com/products/10122098213104/amp-terrain-attack-r-t-lt285-70r17?variantId=50086605291760,shop.app,,,,,,,265.0
Forge USA,,False,R/T,35x12.50R22,,AMP Terrain Attack R/T LT35X12.50R22,1,387.0,,387.0,,10122098049264,50086604833008,https://shop.com/products/10122098049264/amp-terrain-attack-r-t-lt35x12-50r22?variantId=50086604833008,shop.app,,,,,,,387.0
Speedzone Performance LLC,,False,R/T,305/55R20,,AMP Terrain Attack R/T Tire - LT305/55R20 125/122Q,1,343.99,,343.99,,7350049439829,42283603230805,https://shop.com/products/7350049439829/amp-terrain-attack-r-t-tire-lt305-55r20-125-122q?variantId=42283603230805,shop.app,,,,,,,343.99
Street Driven Performance,,False,R/T,33x12.50R22,,AMP Terrain Attack R/T Tire - 33X12.50R22LT 114Q,1,287.64,357.99,287.64,,10875105640607,62579914277023,https://shop.com/products/10875105640607/amp-terrain-attack-r-t-tire-33x12-50r22lt-114q?variantId=62579914277023,shop.app,,,25.0,312.64,$25.00/tire (store_shipping.csv),,312.64
RAV Performance,,False,R/T,35x13.50R24,,AMP Terrain Attack R/T Tire - 35X13.50R24LT 112Q,1,440.99,,440.99,,9455577727221,47431098335477,https://shop.com/products/9455577727221/amp-terrain-attack-r-t-tire-35x13-50r24lt-112q?variantId=47431098335477,shop.app,,,,,,,440.99
Speedzone Performance LLC,,False,R/T,285/55R20,,AMP Terrain Attack R/T Tire - LT285/55R20 122/119Q,1,299.99,,299.99,,7350048850005,42283601657941,https://shop.com/products/7350048850005/amp-terrain-attack-r-t-tire-lt285-55r20-122-119q?variantId=42283601657941,shop.app,,,,,,,299.99
Speedzone Performance LLC,,False,R/T,33x12.50R22,,AMP Terrain Attack R/T Tire - 33X12.50R22LT 109Q,1,336.99,,336.99,,7350049865813,42283604574293,https://shop.com/products/7350049865813/amp-terrain-attack-r-t-tire-33x12-50r22lt-109q?variantId=42283604574293,shop.app,,,,,,,336.99
MOTORMIA,,False,R/T,37x13.50R24,,AMP Terrain Attack R/T Tire - 37X13.50R24LT 120Q,1,483.99,,483.99,,10469084365112,51835927167288,https://shop.com/products/10469084365112/amp-terrain-attack-r-t-tire-37x13-50r24lt-120q?variantId=51835927167288,shop.app,,,0.0,483.99,free shipping,,483.99
Signature Performance,,False,R/T,33x12.50R20,,33x12.50R20LT AMP Terrain Attack R/T Tire,1,337.0,,337.0,,8111620456588,43953185882252,https://shop.com/products/8111620456588/33x12-50r20lt-amp-terrain-attack-r-t-tire?variantId=43953185882252,shop.app,,,,,,,337.0
FI Performance,,False,R/T,35x12.50R20,,AMP Terrain Attack R/T Tire - 35X12.50R20LT 121Q,1,334.99,,334.99,,10653748166796,61739773624460,https://shop.com/products/10653748166796/amp-terrain-attack-r-t-tire-35x12-50r20lt-121q?variantId=61739773624460,shop.app,,,,,,,334.99
Signature Performance,,False,R/T,305/55R20,,LT305/55R20 AMP Terrain Attack R/T Tire,1,362.0,,362.0,,8106274291852,43933618012300,https://shop.com/products/8106274291852/lt305-55r20-amp-terrain-attack-r-t-tire?variantId=43933618012300,shop.app,,,,,,,362.0
eliteracefab.com,,False,R/T,305/55R20,,AMP Terrain Attack R/T Tires - LT305/55R20,1,362.0,,362.0,,9444122919080,55530720002216,https://shop.com/products/9444122919080/amp-terrain-attack-r-t-tires-lt305-55r20?variantId=55530720002216,shop.app,,,0.0,362.0,free shipping,,362.0
Complete Street Performance,,False,R/T,35x13.50R24,,Amp Tires 35-135024AMP/RTF - AMP Terrain Attack R/T Tire - 35X13.50R24LT 116Q,1,456.99,502.69,456.99,,9986580349206,50065228824854,https://shop.com/products/9986580349206/amp-tires-35-135024amp-rtf-amp-terrain-attack-r-t-tire-35x13-50r24lt?variantId=50065228824854,shop.app,,,,,,,456.99
Down East Offroad,,False,R/T,33x12.50R22,,AMP Terrain Attack R/T Tire - 33X12.50R22LT 109Q,1,336.99,,336.99,,14998236758388,54153021161844,https://shop.com/products/14998236758388/amp-terrain-attack-r-t-tire-33x12-50r22lt-109q?variantId=54153021161844,shop.app,,,,,,,336.99
Renegade Speed by Renegade Racing & Performance,,False,R/T,35x13.50R24,,AMP Terrain Attack R/T 35x13.50R24LT all-terrain tire with Load Index 116 and Speed Rating Q,1,456.99,,456.99,,11068223717649,53601864089873,https://shop.com/products/11068223717649/amp-terrain-attack-r-t-35x13-50r24lt-all-terrain-tire-with-load-index?variantId=53601864089873,shop.app,,,,,,,456.99
797 Offroad,,False,R/T,35x12.50R20,,AMP Terrain Attack R/T Tire - 35X12.50R20LT 125Q,1,353.99,,353.99,,8952084562144,47639717347552,https://shop.com/products/8952084562144/amp-terrain-attack-r-t-tire-35x12-50r20lt-125q?variantId=47639717347552,shop.app,,,,,,,353.99
Quadratec,,False,R/T,35x12.50R20,F,AMP - TERRAIN ATTACK R/T - 35X12.50R20LT 125Q LR F,1,353.99,,353.99,,9127739228418,46804148551938,https://shop.com/products/9127739228418/amp-terrain-attack-r-t-35x12-50r20lt-125q-lr-f?variantId=46804148551938,shop.app,,,0.0,353.99,free shipping,,353.99
FR SPORT,,False,R/T,35x12.50R20,,AMP Tires AMP Terrain Attack R/T Tire - 35X12.50R20LT 121Q 35-125020AMP/RTE,1,334.99,,334.99,,8881862869144,47391135072408,https://shop.com/products/8881862869144/amp-tires-amp-terrain-attack-r-t-tire-35x12-50r20lt-121q-35-125020amp?variantId=47391135072408,shop.app,,,,,,,334.99
AutoHouseSupply,,False,R/T,37x13.50R24,,AMP Terrain Attack R/T Tire - 37X13.50R24LT 120Q,1,483.99,,483.99,,10304035914020,51514749223204,https://shop.com/products/10304035914020/amp-terrain-attack-r-t-tire-37x13-50r24lt-120q?variantId=51514749223204,shop.app,,,,,,,483.99
Street Driven Performance,,False,R/T,33x12.50R20,,AMP Terrain Attack R/T Tire - 33X12.50R20LT 114Q,1,257.81,320.99,257.81,,10875105509535,62579914014879,https://shop.com/products/10875105509535/amp-terrain-attack-r-t-tire-33x12-50r20lt-114q?variantId=62579914014879,shop.app,,,25.0,282.81,$25.00/tire (store_shipping.csv),,282.81
797 Offroad,,False,R/T,35x13.50R24,,AMP Terrain Attack R/T Tire - 35X13.50R24LT 112Q,1,440.99,,440.99,,8952084758752,47639717740768,https://shop.com/products/8952084758752/amp-terrain-attack-r-t-tire-35x13-50r24lt-112q?variantId=47639717740768,shop.app,,,,,,,440.99
Gladiator Auto,,False,R/T,35x12.50R22,F,35X12.50R22LT TERRAIN ATTACK R/T 121Q LR F - 35-125022AMP/RTF,1,416.0,,416.0,,9056632275198,47754430710014,https://shop.com/products/9056632275198/35x12-50r22lt-terrain-attack-r-t-121q-lr-f-35-125022amp-rtf?variantId=47754430710014,shop.app,,,0.0,416.0,free shipping,,416.0
Kris Wilcox Racing,,False,R/T,33x12.50R22,,AMP Terrain Attack R/T Tire - 33X12.50R22LT 109Q,1,374.47,,374.47,,14886544343406,53007205335406,https://shop.com/products/14886544343406/amp-terrain-attack-r-t-tire-33x12-50r22lt-109q?variantId=53007205335406,shop.app,,,,,,,374.47
Quadratec,,False,R/T,285/70R17,C,AMP - TERRAIN ATTACK R/T - LT285/70R17 116/113Q LR C,1,251.99,,251.99,,9127738933506,46804148322562,https://shop.com/products/9127738933506/amp-terrain-attack-r-t-lt285-70r17-116-113q-lr-c?variantId=46804148322562,shop.app,,,0.0,251.99,free shipping,,251.99
Complete Street Performance,,False,R/T,37x13.50R24,,Amp Tires 37-135024AMP/RTF - AMP Terrain Attack R/T Tire - 37X13.50R24LT 124Q,1,503.99,554.39,503.99,,9986580447510,50065228923158,https://shop.com/products/9986580447510/amp-tires-37-135024amp-rtf-amp-terrain-attack-r-t-tire-37x13-50r24lt?variantId=50065228923158,shop.app,,,,,,,503.99
Gladiator Auto,,False,R/T,35x13.50R24,F,35X13.50R24LT TERRAIN ATTACK R/T 116Q LR F - 35-135024AMP/RTF,1,466.0,,466.0,,9056632570110,47754430382334,https://shop.com/products/9056632570110/35x13-50r24lt-terrain-attack-r-t-116q-lr-f-35-135024amp-rtf?variantId=47754430382334,shop.app,,,0.0,466.0,free shipping,,466.0
ATOMIC-SHOP Performance Parts & Motorsport Equipment - USA,,False,R/T,35x13.50R24,,AMP Terrain Attack R/T Tire - 35X13.50R24LT 116Q,1,456.99,,456.99,,10491626455342,51939884433710,https://shop.com/products/10491626455342/amp-terrain-attack-r-t-tire-35x13-50r24lt-116q?variantId=51939884433710,shop.app,,,,,,,456.99
Battle Born Offroad,,False,R/T,35x12.50R22,E,22 Inch 35X12.50R22LT Terrain Attack R/T 117Q LR E AMP Tires,1,367.99,,367.99,,8858037616793,48702460756121,https://shop.com/products/8858037616793/22-inch-35x12-50r22lt-terrain-attack-r-t-117q-lr-e-amp-tires?variantId=48702460756121,shop.app,,,,,,,367.99
Speedzone Performance LLC,,False,R/T,33x12.50R22,,AMP Terrain Attack R/T Tire - 33X12.50R22LT 114Q,1,357.99,,357.99,,7350049898581,42283604672597,https://shop.com/products/7350049898581/amp-terrain-attack-r-t-tire-33x12-50r22lt-114q?variantId=42283604672597,shop.app,,,,,,,357.99
FR SPORT,,False,R/T,33x12.50R22,,AMP Tires AMP Terrain Attack R/T Tire - 33X12.50R22LT 114Q 33-125022AMP/RTF,1,357.99,,357.99,,8881863032984,47391135269016,https://shop.com/products/8881863032984/amp-tires-amp-terrain-attack-r-t-tire-33x12-50r22lt-114q-33-125022amp?variantId=47391135269016,shop.app,,,,,,,357.99
Pure Auto Performance,,False,R/T,35x12.50R20,,AMP Terrain Attack R/T Tire - 35X12.50R20LT 125Q,1,353.99,,353.99,,10025377923379,52837593481523,https://shop.com/products/10025377923379/amp-terrain-attack-r-t-tire-35x12-50r20lt-125q?variantId=52837593481523,shop.app,,,,,,,353.99
FI Performance,,False,R/T,35x12.50R22,,AMP Terrain Attack R/T Tire - 35X12.50R22LT 121Q,1,395.99,,395.99,,10653748297868,61739773919372,https://shop.com/products/10653748297868/amp-terrain-attack-r-t-tire-35x12-50r22lt-121q?variantId=61739773919372,shop.app,,,,,,,395.99
Tacoma Wheels,,False,R/T,35x13.50R24,E,35x13.50R24LT Amp Tires Terrain Attack R/T Tire E Rated 10 Ply,1,440.99,485.09,440.99,,8301956366527,45151983042751,https://shop.com/products/8301956366527/35x13-50r24lt-amp-tires-terrain-attack-r-t-tire-e-rated-10-ply?variantId=45151983042751,shop.app,,,0.0,440.99,free shipping,,440.99
FI Performance,,False,R/T,33x12.50R20,,AMP Terrain Attack R/T Tire - 33X12.50R20LT 114Q,1,320.99,,320.99,,10653747216524,61739772149900,https://shop.com/products/10653747216524/amp-terrain-attack-r-t-tire-33x12-50r20lt-114q?variantId=61739772149900,shop.app,,,,,,,320.99
CWO,,False,R/T,285/55R20,E,LT285/55R20 Amp Tires Terrain Attack R/T 122/119Q LRE Black Wall Tire,1,306.0,,306.0,,10122307731769,51952032547129,https://shop.com/products/10122307731769/lt285-55r20-amp-tires-terrain-attack-r-t-122-119q-lre-black-wall?variantId=51952032547129,shop.app,,,0.0,306.0,free shipping,,306.0
Quadratec,,False,R/T,33x12.50R20,E,AMP - TERRAIN ATTACK R/T - 33X12.50R20LT 114Q LR E,1,320.99,,320.99,,9127738835202,46804148191490,https://shop.com/products/9127738835202/amp-terrain-attack-r-t-33x12-50r20lt-114q-lr-e?variantId=46804148191490,shop.app,,,0.0,320.99,free shipping,,320.99
Dually Wheels,,False,R/T,305/55R20,,LT305/55R20/10 Amp Tires Terrain Attack R/T Tires Set of 6,6,2172.0,2389.2,362.0,,8350116217087,46049835057407,https://shop.com/products/8350116217087/lt305-55r20-10-amp-tires-terrain-attack-r-t-tires-set-of-6?variantId=46049835057407,shop.app,,,,,,,362.0
Street Driven Performance,,False,R/T,33x12.50R22,,AMP Terrain Attack R/T Tire - 33X12.50R22LT 109Q,1,270.82,336.99,270.82,,10875105607839,62579914211487,https://shop.com/products/10875105607839/amp-terrain-attack-r-t-tire-33x12-50r22lt-109q?variantId=62579914211487,shop.app,,,25.0,295.82,$25.00/tire (store_shipping.csv),,295.82
CWO,,False,R/T,285/40R24,XL,285/40R24 AMP tires Terrain Attack R/T 112T XL Black Wall Tire,1,319.99,,319.99,,10334974378297,54456262033721,https://shop.com/products/10334974378297/285-40r24-amp-tires-terrain-attack-r-t-112t-xl-black-wall-tire?variantId=54456262033721,shop.app,,,0.0,319.99,free shipping,,319.99
CWO,,False,R/T,35x12.50R20,F,35x12.50R20LT Amp Tires Terrain Attack R/T 125Q LRF Black Wall Tire,1,374.99,,374.99,,10122308092217,51952032809273,https://shop.com/products/10122308092217/35x12-50r20lt-amp-tires-terrain-attack-r-t-125q-lrf-black-wall-tire?variantId=51952032809273,shop.app,,,0.0,374.99,free shipping,,374.99
CWO,,False,R/T,35x13.50R24,E,35x13.50R24LT Amp Tires Terrain Attack R/T 112Q LRE Black Wall Tire,1,552.99,,552.99,,10122306289977,51952030843193,https://shop.com/products/10122306289977/35x13-50r24lt-amp-tires-terrain-attack-r-t-112q-lre-black-wall-tire?variantId=51952030843193,shop.app,,,0.0,552.99,free shipping,,552.99
MOTORMIA,,False,M/T,35x15.50R24,,AMP Terrain Attack M/T Tire - 35X15.50R24LT 117Q,1,496.0,,496.0,,10468938023224,51835780825400,https://shop.com/products/10468938023224/amp-terrain-attack-m-t-tire-35x15-50r24lt-117q?variantId=51835780825400,shop.app,,,0.0,496.0,free shipping,,496.0
Tires Nation,,False,R/T,305/55R20,,Amp Terrain Attack R/T 305/55R20 125/122Q Tire,1,362.0,457.82,362.0,,10463915213090,52384986038562,https://shop.com/products/10463915213090/amp-terrain-attack-r-t-305-55r20-125-122q-tire?variantId=52384986038562,shop.app,,,,,,,362.0
FR SPORT,,False,Terrain Attack A/T A,35x12.50R20,,AMP Tires AMP Terrain Attack A/T A Tire - 35x12.50R20LT 121R 35-125020AMP/CA3,1,302.99,,302.99,,8881863852184,47391136088216,https://shop.com/products/8881863852184/amp-tires-amp-terrain-attack-a-t-a-tire-35x12-50r20lt-121r-35?variantId=47391136088216,shop.app,,,,,,,302.99
CWO,,False,R/T,305/55R20,F,LT305/55R20 Amp Tires Terrain Attack R/T 125/122Q LRF Black Wall Tire,1,364.99,,364.99,,10122306617657,51952031334713,https://shop.com/products/10122306617657/lt305-55r20-amp-tires-terrain-attack-r-t-125-122q-lrf-black-wall?variantId=51952031334713,shop.app,,,0.0,364.99,free shipping,,364.99
FI Performance,,False,R/T,285/70R17,,AMP Terrain Attack R/T Tire - LT285/70R17 116/113Q,1,251.99,,251.99,,10653746593932,61739770904716,https://shop.com/products/10653746593932/amp-terrain-attack-r-t-tire-lt285-70r17-116-113q?variantId=61739770904716,shop.app,,,,,,,251.99
RAV Performance,,False,R/T,35x12.50R22,,AMP Terrain Attack R/T Tire - 35X12.50R22LT 121Q,1,395.99,,395.99,,9455577628917,47431098138869,https://shop.com/products/9455577628917/amp-terrain-attack-r-t-tire-35x12-50r22lt-121q?variantId=47431098138869,shop.app,,,,,,,395.99
CWO,,False,R/T,35x12.50R20,E,35x12.50R20LT Amp Tires Terrain Attack R/T 121Q LRE Black Wall Tire,1,358.99,,358.99,,10122306060601,51952030613817,https://shop.com/products/10122306060601/35x12-50r20lt-amp-tires-terrain-attack-r-t-121q-lre-black-wall-tire?variantId=51952030613817,shop.app,,,0.0,358.99,free shipping,,358.99
FR SPORT,,False,R/T,35x12.50R22,,AMP Tires AMP Terrain Attack R/T Tire - 35X12.50R22LT 121Q 35-125022AMP/RTF,1,395.99,,395.99,,8881863065752,47391135236248,https://shop.com/products/8881863065752/amp-tires-amp-terrain-attack-r-t-tire-35x12-50r22lt-121q-35-125022amp?variantId=47391135236248,shop.app,,,,,,,395.99
Demonic Performance,,False,R/T,37x13.50R24,,AMP Terrain Attack R/T Tire - 37X13.50R24LT 124Q,1,503.99,,503.99,,10661241913628,53346887631132,https://shop.com/products/10661241913628/amp-terrain-attack-r-t-tire-37x13-50r24lt-124q?variantId=53346887631132,shop.app,,,,,,,503.99
CWO,,False,R/T,33x12.50R20,E,33x12.50R20LT Amp Tires Terrain Attack R/T 114Q LRE Black Wall Tire,1,343.99,,343.99,,10122307141945,51952031891769,https://shop.com/products/10122307141945/33x12-50r20lt-amp-tires-terrain-attack-r-t-114q-lre-black-wall-tire?variantId=51952031891769,shop.app,,,0.0,343.99,free shipping,,343.99
Tacoma Wheels,,False,R/T,37x13.50R24,F,37x13.50R24LT Amp Tires Terrain Attack R/T Tire F Rated 12 Ply,1,503.99,554.39,503.99,,8301956759743,45151983468735,https://shop.com/products/8301956759743/37x13-50r24lt-amp-tires-terrain-attack-r-t-tire-f-rated-12-ply?variantId=45151983468735,shop.app,,,0.0,503.99,free shipping,,503.99
CWO,,False,R/T,35x12.50R22,F,35x12.50R22LT Amp Tires Terrain Attack R/T 121Q LRF Black Wall Tire,1,416.0,,416.0,,10122308354361,51952033038649,https://shop.com/products/10122308354361/35x12-50r22lt-amp-tires-terrain-attack-r-t-121q-lrf-black-wall-tire?variantId=51952033038649,shop.app,,,0.0,416.0,free shipping,,416.0
Dually Wheels,,False,R/T,33x12.50R22,,33x12.50R22LT/10 Amp Tires Terrain Attack R/T Tires Set of 6,6,2124.0,2336.4,354.0,,8350116446463,46049994309887,https://shop.com/products/8350116446463/33x12-50r22lt-10-amp-tires-terrain-attack-r-t-tires-set-of-6?variantId=46049994309887,shop.app,,,,,,,354.0
Tacoma Wheels,,False,R/T,35x12.50R20,E,35x12.50R20LT Amp Tires Terrain Attack R/T Tire E Rated 10 Ply,1,334.99,368.49,334.99,,8301956038847,45151982682303,https://shop.com/products/8301956038847/35x12-50r20lt-amp-tires-terrain-attack-r-t-tire-e-rated-10-ply?variantId=45151982682303,shop.app,,,0.0,334.99,free shipping,,334.99
PETER'S CAR PARTS,,False,R/T,35x12.50R20,,AMP Terrain Attack R/T Tire - 35X12.50R20LT 121Q,1,335.08,,335.08,,9835710218546,49988692508978,https://shop.com/products/9835710218546/amp-terrain-attack-r-t-tire-35x12-50r20lt-121q?variantId=49988692508978,shop.app,,,,,,,335.08
Battle Born Offroad,,False,R/T,37x13.50R24,E,24 Inch 37X13.50R24LT Terrain Attack R/T 120Q LR E AMP Tires,1,483.99,,483.99,,8892838477977,48849398038681,https://shop.com/products/8892838477977/24-inch-37x13-50r24lt-terrain-attack-r-t-120q-lr-e-amp-tires?variantId=48849398038681,shop.app,,,,,,,483.99
CWO,,False,R/T,35x12.50R22,E,35x12.50R22LT Amp Tires Terrain Attack R/T 117Q LRE Black Wall Tire,1,387.0,,387.0,,10122308714809,51952033562937,https://shop.com/products/10122308714809/35x12-50r22lt-amp-tires-terrain-attack-r-t-117q-lre-black-wall-tire?variantId=51952033562937,shop.app,,,0.0,387.0,free shipping,,387.0
Gladiator Auto,,False,R/T,305/55R20,F,LT305/55R20 TERRAIN ATTACK R/T 125/122Q LR F - 305-5520AMP/RTF,1,362.0,,362.0,,9056631324926,47754431824126,https://shop.com/products/9056631324926/lt305-55r20-terrain-attack-r-t-125-122q-lr-f-305-5520amp-rtf?variantId=47754431824126,shop.app,,,0.0,362.0,free shipping,,362.0
797 Offroad,,False,R/T,305/55R20,,AMP Terrain Attack R/T Tire - LT305/55R20 125/122Q,1,343.99,,343.99,,8952083644640,47639715414240,https://shop.com/products/8952083644640/amp-terrain-attack-r-t-tire-lt305-55r20-125-122q?variantId=47639715414240,shop.app,,,,,,,343.99
Forge USA,,False,R/T,33x12.50R20,,AMP Terrain Attack R/T LT33X12.50R20,1,337.0,,337.0,,10122098344176,50086607847664,https://shop.com/products/10122098344176/amp-terrain-attack-r-t-lt33x12-50r20?variantId=50086607847664,shop.app,,,,,,,337.0
Quadratec,,False,R/T,285/55R20,E,AMP - TERRAIN ATTACK R/T - LT285/55R20 122/119Q LR E,1,299.99,,299.99,,9127738769666,46804148125954,https://shop.com/products/9127738769666/amp-terrain-attack-r-t-lt285-55r20-122-119q-lr-e?variantId=46804148125954,shop.app,,,0.0,299.99,free shipping,,299.99
CWO,,False,R/T,285/70R17,C,LT285/70R17 Amp Tires Terrain Attack R/T 116/113Q LRC Black Wall Tire,1,283.99,,283.99,,10122306879801,51952031760697,https://shop.com/products/10122306879801/lt285-70r17-amp-tires-terrain-attack-r-t-116-113q-lrc-black-wall?variantId=51952031760697,shop.app,,,0.0,283.99,free shipping,,283.99
Trail Ops,,False,R/T,285/55R20,E,AMP Terrain Attack R/T LT285/55R20 Load E Tire,1,306.0,,306.0,,9204444397807,47418199408879,https://shop.com/products/9204444397807/amp-terrain-attack-r-t-lt285-55r20-load-e-tire?variantId=47418199408879,shop.app,,,,,,,306.0
CWO,,False,R/T,275/55R20,XL,275/55R20 AMP tires Terrain Attack R/T 114S XL Black Wall Tire,1,272.99,,272.99,,10334974443833,54456262000953,https://shop.com/products/10334974443833/275-55r20-amp-tires-terrain-attack-r-t-114s-xl-black-wall-tire?variantId=54456262000953,shop.app,,,0.0,272.99,free shipping,,272.99
Forge USA,,False,R/T,35x12.50R20,,AMP Terrain Attack R/T LT35X12.50R20,1,352.0,,352.0,,10122098376944,50086607880432,https://shop.com/products/10122098376944/amp-terrain-attack-r-t-lt35x12-50r20?variantId=50086607880432,shop.app,,,,,,,352.0
CWO,,False,R/T,35x13.50R24,F,35x13.50R24LT Amp Tires Terrain Attack R/T 116Q LRF Black Wall Tire,1,565.99,,565.99,,10122308747577,51952033661241,https://shop.com/products/10122308747577/35x13-50r24lt-amp-tires-terrain-attack-r-t-116q-lrf-black-wall-tire?variantId=51952033661241,shop.app,,,0.0,565.99,free shipping,,565.99
Complete Street Performance,,False,R/T,305/55R20,,Amp Tires 305-5520AMP/RTF - AMP Terrain Attack R/T Tire - LT305/55R20 125/122Q,1,343.99,378.39,343.99,,9986580807958,50065229152534,https://shop.com/products/9986580807958/amp-tires-305-5520amp-rtf-amp-terrain-attack-r-t-tire-lt305-55r20?variantId=50065229152534,shop.app,,,,,,,343.99
Forge USA,,False,R/T,37x13.50R24,,AMP Terrain Attack R/T LT37X13.50R24,1,530.0,,530.0,,10122097426672,50086602932464,https://shop.com/products/10122097426672/amp-terrain-attack-r-t-lt37x13-50r24?variantId=50086602932464,shop.app,,,,,,,530.0
Complete Street Performance,,False,R/T,265/70R17,,Amp Tires 265-7017AMP/RTSL - AMP Terrain Attack R/T Tire - P265/70R17 113T,1,193.99,213.39,193.99,,9986580218134,50065228726550,https://shop.com/products/9986580218134/amp-tires-265-7017amp-rtsl-amp-terrain-attack-r-t-tire-p265-70r17?variantId=50065228726550,shop.app,,,,,,,193.99
Tires Nation,,False,R/T,285/70R17,,Amp Terrain Attack R/T 285/70R17 116/113Q Tire,1,251.99,374.34,251.99,,10464514900258,52387512484130,https://shop.com/products/10464514900258/amp-terrain-attack-r-t-285-70r17-116-113q-tire?variantId=52387512484130,shop.app,,,,,,,251.99
PETER'S CAR PARTS,,False,R/T,35x12.50R22,,AMP Terrain Attack R/T Tire - 35X12.50R22LT 121Q,1,396.1,,396.1,,9835710349618,49988692803890,https://shop.com/products/9835710349618/amp-terrain-attack-r-t-tire-35x12-50r22lt-121q?variantId=49988692803890,shop.app,,,,,,,396.1
CWO,,False,Terrain Attack A/T A,35x12.50R22,E,35x12.50R22LT Amp Tires Terrain Attack A/T 122R LRE Black Wall Tire,1,344.99,,344.99,,10122310287673,51952035365177,https://shop.com/products/10122310287673/35x12-50r22lt-amp-tires-terrain-attack-a-t-122r-lre-black-wall-tire?variantId=51952035365177,shop.app,,,0.0,344.99,free shipping,,344.99
Forge USA,,False,R/T,33x12.50R22,,AMP Terrain Attack R/T LT33X12.50R22,1,354.0,,354.0,,10122097852656,50086604439792,https://shop.com/products/10122097852656/amp-terrain-attack-r-t-lt33x12-50r22?variantId=50086604439792,shop.app,,,,,,,354.0
Quadratec,,False,R/T,305/55R20,F,AMP - TERRAIN ATTACK R/T - LT305/55R20 125/122Q LR F,1,343.99,,343.99,,9127738802434,46804148093186,https://shop.com/products/9127738802434/amp-terrain-attack-r-t-lt305-55r20-125-122q-lr-f?variantId=46804148093186,shop.app,,,0.0,343.99,free shipping,,343.99
Renegade Speed by Renegade Racing & Performance,,False,R/T,35x12.50R22,,"AMP Tires Terrain Attack R/T 35x12.50R22LT All-Terrain Tire - 121Q Load Index, Radial Construction",1,395.99,,395.99,,11068223815953,53601864319249,https://shop.com/products/11068223815953/amp-tires-terrain-attack-r-t-35x12-50r22lt-all-terrain-tire-121q-load?variantId=53601864319249,shop.app,,,,,,,395.99
CWO,,False,R/T,33x12.50R22,F,33x12.50R22LT Amp Tires Terrain Attack R/T 114Q LRF Black Wall Tire,1,376.0,,376.0,,10122307469625,51952032416057,https://shop.com/products/10122307469625/33x12-50r22lt-amp-tires-terrain-attack-r-t-114q-lrf-black-wall-tire?variantId=51952032416057,shop.app,,,0.0,376.0,free shipping,,376.0
Tacoma Wheels,,False,R/T,35x12.50R20,F,35x12.50R20LT Amp Tires Terrain Attack R/T Tire F Rated 12 Ply,1,353.99,389.39,353.99,,8301956071615,45151982715071,https://shop.com/products/8301956071615/35x12-50r20lt-amp-tires-terrain-attack-r-t-tire-f-rated-12-ply?variantId=45151982715071,shop.app,,,0.0,353.99,free shipping,,353.99
Dually Wheels,,False,Terrain Attack A/T A,305/60R18,,LT305/60R18/10 Amp Tires Terrain Attack A/T A Tires Set of 6,6,1782.0,1960.2,297.0,,7916247580927,46050002829567,https://shop.com/products/7916247580927/lt305-60r18-10-amp-tires-terrain-attack-a-t-a-tires-set-of?variantId=46050002829567,shop.app,,,,,,,297.0
Street Driven Performance,,False,R/T,37x13.50R24,,AMP Terrain Attack R/T Tire - 37X13.50R24LT 124Q,1,405.46,503.99,405.46,,10875106623647,62579916439711,https://shop.com/products/10875106623647/amp-terrain-attack-r-t-tire-37x13-50r24lt-124q?variantId=62579916439711,shop.app,,,25.0,430.46,$25.00/tire (store_shipping.csv),,430.46
Legends Auto Parts,,False,Terrain Attack A/T A,37x12.50R20,,AMP Terrain Attack AT A 37x12.50R20,1,524.99,,524.99,,8748692799747,45925333893379,https://shop.com/products/8748692799747/amp-terrain-attack-at-a-37x12-50r20?variantId=45925333893379,shop.app,,,,,,,524.99
797 Offroad,,False,R/T,33x12.50R22,,AMP Terrain Attack R/T Tire - 33X12.50R22LT 109Q,1,336.99,,336.99,,8952084037856,47639716331744,https://shop.com/products/8952084037856/amp-terrain-attack-r-t-tire-33x12-50r22lt-109q?variantId=47639716331744,shop.app,,,,,,,336.99
Battle Born Offroad,,False,R/T,33x12.50R20,E,20 Inch 33X12.50R20LT Terrain Attack R/T 114Q LR E AMP Tires,1,320.99,,320.99,,8892837036185,48849396596889,https://shop.com/products/8892837036185/20-inch-33x12-50r20lt-terrain-attack-r-t-114q-lr-e-amp-tires?variantId=48849396596889,shop.app,,,,,,,320.99
Forge USA,,False,R/T,265/70R17,,AMP Terrain Attack R/T P265/70R17,1,204.0,,204.0,,10122098180336,50086605258992,https://shop.com/products/10122098180336/amp-terrain-attack-r-t-p265-70r17?variantId=50086605258992,shop.app,,,,,,,204.0
Tacoma Wheels,,False,R/T,285/70R17,C,LT285/70R17 Amp Tires Terrain Attack R/T Tire C Rated 6 Ply,1,251.99,277.19,251.99,,8301954891967,45151981535423,https://shop.com/products/8301954891967/lt285-70r17-amp-tires-terrain-attack-r-t-tire-c-rated-6-ply?variantId=45151981535423,shop.app,,,0.0,251.99,free shipping,,251.99
PERFORMANCE MODS,,False,R/T,35x12.50R22,,AMP Tires 35-125022AMP/RTF AMP Terrain Attack R/T Tire - 35X12.50R22LT 121Q,1,395.99,,395.99,,8149782528186,44920714264762,https://shop.com/products/8149782528186/amp-tires-35-125022amp-rtf-amp-terrain-attack-r-t-tire-35x12-50r22lt?variantId=44920714264762,shop.app,,,,,,,395.99
PERFORMANCE MODS,,False,R/T,37x13.50R24,,AMP Tires 37-135024AMP/RTF AMP Terrain Attack R/T Tire - 37X13.50R24LT 124Q,1,503.99,,503.99,,8149783085242,44920715247802,https://shop.com/products/8149783085242/amp-tires-37-135024amp-rtf-amp-terrain-attack-r-t-tire-37x13-50r24lt?variantId=44920715247802,shop.app,,,,,,,503.99
Gladiator Auto,,False,R/T,35x12.50R20,F,35X12.50R20LT TERRAIN ATTACK R/T 125Q LR F - 35-125020AMP/RTF,1,372.0,,372.0,,9056631947518,47754431037694,https://shop.com/products/9056631947518/35x12-50r20lt-terrain-attack-r-t-125q-lr-f-35-125020amp-rtf?variantId=47754431037694,shop.app,,,0.0,372.0,free shipping,,372.0
Battle Born Offroad,,False,R/T,285/55R20,E,20 Inch LT285/55R20 Terrain Attack R/T 122/119Q LR E AMP Tires,1,299.99,,299.99,,8892836544665,48849396105369,https://shop.com/products/8892836544665/20-inch-lt285-55r20-terrain-attack-r-t-122-119q-lr-e-amp?variantId=48849396105369,shop.app,,,,,,,299.99
Tacoma Wheels,,False,R/T,285/55R20,E,LT285/55R20 Amp Tires Terrain Attack R/T Tire E Rated 10 Ply,1,299.99,329.99,299.99,,8301954597055,45151981174975,https://shop.com/products/8301954597055/lt285-55r20-amp-tires-terrain-attack-r-t-tire-e-rated-10-ply?variantId=45151981174975,shop.app,,,0.0,299.99,free shipping,,299.99
797 Offroad,,False,Terrain Attack A/T A,285/70R17,,AMP Terrain Attack A/T A Tire - LT285/70R17 121/118R,1,221.0,,221.0,,8952083316960,47639714726112,https://shop.com/products/8952083316960/amp-terrain-attack-a-t-a-tire-lt285-70r17-121-118r?variantId=47639714726112,shop.app,,,,,,,221.0
GE Tires Online Inc,,False,R/T,35x12.50R22,,AMP Terrain Attack RT 35x12.5R22,1,444.62,,444.62,,10325002715416,52356359520536,https://shop.com/products/10325002715416/amp-terrain-attack-rt-35x12-5r22?variantId=52356359520536,shop.app,,,0.0,444.62,free shipping,,444.62
Battle Born Offroad,,False,R/T,305/55R20,F,20 Inch LT305/55R20 Terrain Attack R/T 125/122Q LR F AMP Tires,1,343.99,,343.99,,8892836380825,48849395941529,https://shop.com/products/8892836380825/20-inch-lt305-55r20-terrain-attack-r-t-125-122q-lr-f-amp?variantId=48849395941529,shop.app,,,,,,,343.99
TruckStoreOnline.com,,False,Terrain Attack A/T A,305/60R18,,AMP Terrain Attack A/T A Tire - LT305/60R18 121/118R,1,331.99,,331.99,,15232604045676,54143614321004,https://shop.com/products/15232604045676/amp-terrain-attack-a-t-a-tire-lt305-60r18-121-118r?variantId=54143614321004,shop.app,,,107.0,438.99,$107.00/tire (store_shipping.csv),,438.99
Down East Offroad,,False,M/T,33x12.50R20,,AMP Terrain Attack M/T Tire - 33x12.50R20LT 114Q,1,309.99,,309.99,,14998234759540,54153008415092,https://shop.com/products/14998234759540/amp-terrain-attack-m-t-tire-33x12-50r20lt-114q?variantId=54153008415092,shop.app,,,,,,,309.99
Signature Performance,,False,Terrain Attack A/T A,275/55R20,,LT275/55R20 AMP Terrain Attack A/T A Tire,1,267.0,,267.0,,8105876226188,43932433023116,https://shop.com/products/8105876226188/lt275-55r20-amp-terrain-attack-a-t-a-tire?variantId=43932433023116,shop.app,,,,,,,267.0
CWO,,False,Terrain Attack A/T A,285/55R20,E,LT285/55R20 Amp Tires Terrain Attack A/T 122S LRE Black Wall Tire,1,283.99,,283.99,,10122314055993,51952038773049,https://shop.com/products/10122314055993/lt285-55r20-amp-tires-terrain-attack-a-t-122s-lre-black-wall-tire?variantId=51952038773049,shop.app,,,0.0,283.99,free shipping,,283.99
Renegade Speed by Renegade Racing & Performance,,False,M/T,305/55R20,E,AMP Tires Terrain Attack M/T Tire - 305/55R20 121/118Q Load Range E for Off-Road and On-Road Performance,1,337.0,,337.0,,11068222505233,53601862877457,https://shop.com/products/11068222505233/amp-tires-terrain-attack-m-t-tire-305-55r20-121-118q-load-range?variantId=53601862877457,shop.app,,,,,,,337.0
BattlegroundOffroadSupply,,False,Terrain Attack A/T A,305/55R20,,AMP Terrain Attack A/T A Tire - LT305/55R20 121/118S,1,293.99,,293.99,,9988574249208,49645572653304,https://shop.com/products/9988574249208/amp-terrain-attack-a-t-a-tire-lt305-55r20-121-118s?variantId=49645572653304,shop.app,,,,,,,293.99
FR SPORT,,False,Terrain Attack A/T A,265/70R17,,AMP Tires AMP Terrain Attack A/T A Tire - LT265/70R17 121/118S 265-7017AMP/CA3,1,205.99,,205.99,,8881863524504,47391135727768,https://shop.com/products/8881863524504/amp-tires-amp-terrain-attack-a-t-a-tire-lt265-70r17-121-118s?variantId=47391135727768,shop.app,,,,,,,205.99
Legends Auto Parts,,False,M/T,33x13.50R26,,AMP Mud Terrain Attack MT A 33x13.50R26LT,1,624.99,,624.99,,8748674089219,45925244272899,https://shop.com/products/8748674089219/amp-mud-terrain-attack-mt-a-33x13-50r26lt?variantId=45925244272899,shop.app,,,,,,,624.99
Battle Born Offroad,,False,M/T,37x13.50R26,F,26 Inch Terrain Attack M/T A 37x13.50R26 117Q LR F 80PSI Max AMP Tires,1,550.99,,550.99,,8892838707353,48849398268057,https://shop.com/products/8892838707353/26-inch-terrain-attack-m-t-a-37x13-50r26-117q-lr-f-80psi?variantId=48849398268057,shop.app,,,,,,,550.99
TruckStoreOnline.com,,False,Terrain Attack A/T A,33x12.50R22,,AMP Terrain Attack A/T A Tire - 33x12.50R22LT 109R?,1,319.99,,319.99,,15144893710700,53792917029228,https://shop.com/products/15144893710700/amp-terrain-attack-a-t-a-tire-33x12-50r22lt-109r?variantId=53792917029228,shop.app,,,107.0,426.99,$107.00/tire (store_shipping.csv),,426.99
Down East Offroad,,False,Terrain Pro A/T P,35x12.50R20,,AMP Terrain Pro A/T Tire - 35X12.50R20LT 121S,1,299.0,,299.0,,14998231253364,54152999895412,https://shop.com/products/14998231253364/amp-terrain-pro-a-t-tire-35x12-50r20lt-121s?variantId=54152999895412,shop.app,,,,,,,299.0
Complete Street Performance,,False,M/T,33x13.50R26,,Amp Tires 33-135026AMP/CM2F - AMP Terrain Attack M/T Tire - 33X13.50R26LT 116Q,1,460.99,507.09,460.99,,9986579398934,50065227645206,https://shop.com/products/9986579398934/amp-tires-33-135026amp-cm2f-amp-terrain-attack-m-t-tire-33x13-50r26lt?variantId=50065227645206,shop.app,,,,,,,460.99
Kris Wilcox Racing,,False,Terrain Pro A/T P,295/50R22,,AMP Terrain Pro A/T Tire - LT295/50R22 122/119S,1,361.65,,361.65,,14886543688046,53007204024686,https://shop.com/products/14886543688046/amp-terrain-pro-a-t-tire-lt295-50r22-122-119s?variantId=53007204024686,shop.app,,,,,,,361.65
Pure Auto Performance,,False,M/T,305/55R20,,AMP Terrain Attack M/T Tire - LT305/55R20 121/118Q,1,337.0,,337.0,,10025377595699,52837592826163,https://shop.com/products/10025377595699/amp-terrain-attack-m-t-tire-lt305-55r20-121-118q?variantId=52837592826163,shop.app,,,,,,,337.0
MOTORMIA,,False,Terrain Attack A/T A,35x12.50R20,,35X12.50R20 TERRAIN ATTACK A/T A 12,1,309.0,,309.0,,10643433619768,52132898242872,https://shop.com/products/10643433619768/35x12-50r20-terrain-attack-a-t-a-12?variantId=52132898242872,shop.app,,,0.0,309.0,free shipping,,309.0
GE Tires Online Inc,,False,R/T,35x12.50R20,,AMP Terrain Attack RT 35X12.5R20,1,333.63,,333.63,,10325002682648,52356359487768,https://shop.com/products/10325002682648/amp-terrain-attack-rt-35x12-5r20?variantId=52356359487768,shop.app,,,0.0,333.63,free shipping,,333.63
Forge USA,,False,R/T,35x12.50R20,,AMP Terrain Attack R/T LT35X12.50R20,1,372.0,,372.0,,10122098442480,50086609682672,https://shop.com/products/10122098442480/amp-terrain-attack-r-t-lt35x12-50r20?variantId=50086609682672,shop.app,,,,,,,372.0
Wheel Tire Direct,,True,R/T,35x12.50R17,E,AMP Terrain Attack RT 35x12.50R17LT (Load E),1,343.99,352.0,343.99,,9965578387770,51612232286522,https://shop.com/products/9965578387770/amp-terrain-attack-rt-35x12-50r17lt-load-e?variantId=51612232286522,shop.app,,,,,,,
Legends Auto Parts,,False,R/T,33x12.50R22,,AMP Terrain Attack RT 33x12.50R22LT,1,489.99,,489.99,,8748710822147,45925436489987,https://shop.com/products/8748710822147/amp-terrain-attack-rt-33x12-50r22lt?variantId=45925436489987,shop.app,,,,,,,489.99
TFS Wheels,,False,R/T,35x13.50R24,,AMP Terrain Attack RT 35x13.50R24LT,1,466.0,,466.0,,8731417313431,45042231574679,https://shop.com/products/8731417313431/amp-terrain-attack-rt-35x13-50r24lt?variantId=45042231574679,shop.app,,,0.0,466.0,free shipping,,466.0
Wheel Tire Direct,,True,R/T,35x12.50R22,E,AMP Terrain Attack RT 35x12.50R22LT (Load E),1,298.45,387.0,298.45,,9965961478458,51613864362298,https://shop.com/products/9965961478458/amp-terrain-attack-rt-35x12-50r22lt-load-e?variantId=51613864362298,shop.app,,,,,,,
Wheel Tire Direct,,True,R/T,265/70R17,,AMP Terrain Attack RT P265/70R17 (Load SL),1,180.06,204.0,180.06,,9965798064442,51613034152250,https://shop.com/products/9965798064442/amp-terrain-attack-rt-p265-70r17-load-sl?variantId=51613034152250,shop.app,,,,,,,
Legends Auto Parts,,False,R/T,35x12.50R22,F,AMP Terrain Attack RT 35x12.50R22LT Load F,1,574.99,,574.99,,8748711543043,45925438947587,https://shop.com/products/8748711543043/amp-terrain-attack-rt-35x12-50r22lt-load-f?variantId=45925438947587,shop.app,,,,,,,574.99
TFS Wheels,,False,R/T,35x12.50R22,,AMP Terrain Attack RT 35x12.50R22LT,1,416.0,,416.0,,8731417673879,45042231935127,https://shop.com/products/8731417673879/amp-terrain-attack-rt-35x12-50r22lt?variantId=45042231935127,shop.app,,,0.0,416.0,free shipping,,416.0
GE Tires Online Inc,,False,R/T,33x12.50R22,,AMP Terrain Attack RT 33X12.5R22,1,320.12,,320.12,,10325002453272,52356356997400,https://shop.com/products/10325002453272/amp-terrain-attack-rt-33x12-5r22?variantId=52356356997400,shop.app,,,0.0,320.12,free shipping,,320.12
Legends Auto Parts,,False,R/T,35x13.50R24,F,AMP Terrain Attack RT 35x13.50R24LT Load F,1,599.99,,599.99,,8748708233475,45925413880067,https://shop.com/products/8748708233475/amp-terrain-attack-rt-35x13-50r24lt-load-f?variantId=45925413880067,shop.app,,,,,,,599.99
Wheel Tire Direct,,True,R/T,285/55R20,E,AMP Terrain Attack RT LT285/55R20 (Load E),1,273.75,306.0,273.75,,9967222194490,51619925295418,https://shop.com/products/9967222194490/amp-terrain-attack-rt-lt285-55r20-load-e?variantId=51619925295418,shop.app,,,,,,,
Wheel Tire Direct,,True,R/T,305/55R20,F,AMP Terrain Attack RT LT305/55R20 (Load F),1,324.8,362.0,324.8,,9966383366458,51615937069370,https://shop.com/products/9966383366458/amp-terrain-attack-rt-lt305-55r20-load-f?variantId=51615937069370,shop.app,,,,,,,
Tacoma Wheels,,False,R/T,305/55R20,F,LT305/55R20 Amp Tires Terrain Attack R/T Tire F Rated 12 Ply,1,343.99,378.39,343.99,,8301955154111,45151981797567,https://shop.com/products/8301955154111/lt305-55r20-amp-tires-terrain-attack-r-t-tire-f-rated-12-ply?variantId=45151981797567,shop.app,,,0.0,343.99,free shipping,,343.99
Complete Street Performance,,False,R/T,35x12.50R22,,Amp Tires 35-125022AMP/RTE - AMP Terrain Attack R/T Tire - 35X12.50R22LT 117Q,1,367.99,404.79,367.99,,9986580316438,50065228857622,https://shop.com/products/9986580316438/amp-tires-35-125022amp-rte-amp-terrain-attack-r-t-tire-35x12-50r22lt?variantId=50065228857622,shop.app,,,,,,,367.99
Dually Wheels,,False,R/T,35x12.50R22,,35x12.50R22LT/10 Amp Tires Terrain Attack R/T Tires Set of 6,6,2322.0,2554.2,387.0,,8350116249855,46050008563967,https://shop.com/products/8350116249855/35x12-50r22lt-10-amp-tires-terrain-attack-r-t-tires-set-of-6?variantId=46050008563967,shop.app,,,,,,,387.0
Tacoma Wheels,,False,M/T,35x12.50R17,E,35x12.50R17LT Amp Tires Terrain Attack M/T Tire E Rated 10 Ply,1,369.99,406.99,369.99,,8301955842239,45151982485695,https://shop.com/products/8301955842239/35x12-50r17lt-amp-tires-terrain-attack-m-t-tire-e-rated-10-ply?variantId=45151982485695,shop.app,,,0.0,369.99,free shipping,,369.99
Next Level Performance,,False,R/T,33x12.50R20,,AMP Terrain Attack R/T Tire - 33X12.50R20LT 114Q,1,320.99,,320.99,,9629047226519,47878420791447,https://shop.com/products/9629047226519/amp-terrain-attack-r-t-tire-33x12-50r20lt-114q?variantId=47878420791447,shop.app,,,20.0,340.99,$20.00/tire (store_shipping.csv),,340.99
Complete Street Performance,,False,R/T,35x12.50R20,,Amp Tires 35-125020AMP/RTE - AMP Terrain Attack R/T Tire - 35X12.50R20LT 121Q,1,334.99,368.49,334.99,,9986580152598,50065228661014,https://shop.com/products/9986580152598/amp-tires-35-125020amp-rte-amp-terrain-attack-r-t-tire-35x12-50r20lt?variantId=50065228661014,shop.app,,,,,,,334.99
eliteracefab.com,,False,R/T,35x12.50R20,,AMP Terrain Attack R/T Tires - 35x12.50R20LT 121Q,1,352.0,,352.0,,9444124459176,55530726752424,https://shop.com/products/9444124459176/amp-terrain-attack-r-t-tires-35x12-50r20lt-121q?variantId=55530726752424,shop.app,,,0.0,352.0,free shipping,,352.0
MOTORMIA,,False,R/T,33x12.50R22,,AMP Terrain Attack R/T Tire - 33X12.50R22LT 109Q,1,336.99,,336.99,,10469059920184,51835902755128,https://shop.com/products/10469059920184/amp-terrain-attack-r-t-tire-33x12-50r22lt-109q?variantId=51835902755128,shop.app,,,0.0,336.99,free shipping,,336.99
Street Driven Performance,,False,R/T,285/70R17,,AMP Terrain Attack R/T Tire - LT285/70R17 116/113Q,1,162.18,251.99,162.18,,10875104919711,62579912605855,https://shop.com/products/10875104919711/amp-terrain-attack-r-t-tire-lt285-70r17-116-113q?variantId=62579912605855,shop.app,,,25.0,187.18,$25.00/tire (store_shipping.csv),,187.18
Down East Offroad,,False,R/T,35x13.50R24,,AMP Terrain Attack R/T Tire - 35X13.50R24LT 116Q,1,456.99,,456.99,,14998237086068,54153023619444,https://shop.com/products/14998237086068/amp-terrain-attack-r-t-tire-35x13-50r24lt-116q?variantId=54153023619444,shop.app,,,,,,,456.99
Gladiator Auto,,False,Terrain Pro A/T P,33x12.50R20,E,TERRAIN PRO A/T P 33X12.50R20LT 114S LR E 65PSI MAX - 33-125020AMP/CA2,1,270.0,,270.0,,9056631619838,47754431529214,https://shop.com/products/9056631619838/terrain-pro-a-t-p-33x12-50r20lt-114s-lr-e-65psi-max-33?variantId=47754431529214,shop.app,,,0.0,270.0,free shipping,,270.0
MOTORMIA,,False,Terrain Pro A/T P,285/65R18,,AMP Terrain Pro A/T Tire - LT285/65R18 125/122R,1,256.99,,256.99,,10468903878968,51835746713912,https://shop.com/products/10468903878968/amp-terrain-pro-a-t-tire-lt285-65r18-125-122r?variantId=51835746713912,shop.app,,,0.0,256.99,free shipping,,256.99
Complete Street Performance,,False,R/T,35x13.50R24,,Amp Tires 35-135024AMP/RTE - AMP Terrain Attack R/T Tire - 35X13.50R24LT 112Q,1,440.99,485.09,440.99,,9986580054294,50065228562710,https://shop.com/products/9986580054294/amp-tires-35-135024amp-rte-amp-terrain-attack-r-t-tire-35x13-50r24lt?variantId=50065228562710,shop.app,,,,,,,440.99
Red 5 Garage,,False,R/T,305/55R20,,AMP Terrain Attack R/T Tire - LT305/55R20 125/122Q,1,343.99,,343.99,,7938475360299,44152674811947,https://shop.com/products/7938475360299/amp-terrain-attack-r-t-tire-lt305-55r20-125-122q?variantId=44152674811947,shop.app,,,,,,,343.99
Demonic Performance,,False,R/T,35x12.50R20,,AMP Terrain Attack R/T Tire - 35X12.50R20LT 125Q,1,353.99,,353.99,,10603285643548,52970588471580,https://shop.com/products/10603285643548/amp-terrain-attack-r-t-tire-35x12-50r20lt-125q?variantId=52970588471580,shop.app,,,,,,,353.99
Tacoma Wheels,,False,R/T,33x12.50R20,E,33x12.50R20LT Amp Tires Terrain Attack R/T Tire E Rated 10 Ply,1,320.99,353.09,320.99,,8301955481791,45151982125247,https://shop.com/products/8301955481791/33x12-50r20lt-amp-tires-terrain-attack-r-t-tire-e-rated-10-ply?variantId=45151982125247,shop.app,,,0.0,320.99,free shipping,,320.99
EZ Wheeler,,False,R/T,33x12.50R22,F,33X12.50R22LT TERRAIN ATTACK R/T 114Q LR F,1,357.99,376.0,357.99,,9219914203369,50619121434857,https://shop.com/products/9219914203369/33x12-50r22lt-terrain-attack-r-t-114q-lr-f?variantId=50619121434857,shop.app,,,,,,,357.99
FI Performance,,False,Terrain Pro A/T P,295/65R20,,AMP Terrain Pro A/T Tire - LT295/65R20 129/126R,1,318.99,,318.99,,10653746725004,61739771166860,https://shop.com/products/10653746725004/amp-terrain-pro-a-t-tire-lt295-65r20-129-126r?variantId=61739771166860,shop.app,,,,,,,318.99
FR SPORT,,False,Terrain Pro A/T P,265/70R17,,AMP Tires AMP Terrain Pro A/T Tire - LT265/70R17 121/118S 265-7017AMP/CA2,1,220.99,,220.99,,8881865359512,47391137661080,https://shop.com/products/8881865359512/amp-tires-amp-terrain-pro-a-t-tire-lt265-70r17-121-118s-265?variantId=47391137661080,shop.app,,,,,,,220.99
Speedzone Performance LLC,,False,Terrain Pro A/T P,33x12.50R20,,AMP Terrain Pro A/T Tire - 33X12.50R20LT 114S,1,256.99,,256.99,,7350049669205,42283604050005,https://shop.com/products/7350049669205/amp-terrain-pro-a-t-tire-33x12-50r20lt-114s?variantId=42283604050005,shop.app,,,,,,,256.99
PERFORMANCE MODS,,False,R/T,305/55R20,,AMP Tires 305-5520AMP/RTF AMP Terrain Attack R/T Tire - LT305/55R20 125/122Q,1,343.99,,343.99,,8149781348538,44920712200378,https://shop.com/products/8149781348538/amp-tires-305-5520amp-rtf-amp-terrain-attack-r-t-tire-lt305-55r20?variantId=44920712200378,shop.app,,,,,,,343.99
MOTORMIA,,False,Terrain Pro A/T P,275/65R20,,AMP Terrain Pro A/T Tire - LT275/65R20 126/123S,1,292.0,,292.0,,10468940644664,51835783414072,https://shop.com/products/10468940644664/amp-terrain-pro-a-t-tire-lt275-65r20-126-123s?variantId=51835783414072,shop.app,,,0.0,292.0,free shipping,,292.0
Next Level Performance,,False,M/T,33x12.50R20,,AMP Terrain Attack M/T Tire - 33x12.50R20LT 114Q,1,309.99,,309.99,,9618297880727,47847845757079,https://shop.com/products/9618297880727/amp-terrain-attack-m-t-tire-33x12-50r20lt-114q?variantId=47847845757079,shop.app,,,20.0,329.99,$20.00/tire (store_shipping.csv),,329.99
ATOMIC-SHOP Performance Parts & Motorsport Equipment - USA,,False,M/T,35x11.50R20,,AMP Terrain Attack M/T Tire - 35X11.50R20LT 124Q,1,343.99,,343.99,,10491625898286,51939883122990,https://shop.com/products/10491625898286/amp-terrain-attack-m-t-tire-35x11-50r20lt-124q?variantId=51939883122990,shop.app,,,,,,,343.99
FR SPORT,,False,Terrain Pro A/T P,285/70R17,,AMP Tires AMP Terrain Pro A/T Tire - LT285/70R17 121/118R 285-7017AMP/CA2,1,240.99,,240.99,,8881865228440,47391137530008,https://shop.com/products/8881865228440/amp-tires-amp-terrain-pro-a-t-tire-lt285-70r17-121-118r-285?variantId=47391137530008,shop.app,,,,,,,240.99
Next Level Performance,,False,Terrain Pro A/T P,295/65R20,,AMP Terrain Pro A/T Tire - LT295/65R20 129/126R,1,318.99,,318.99,,9618285887639,47847833436311,https://shop.com/products/9618285887639/amp-terrain-pro-a-t-tire-lt295-65r20-129-126r?variantId=47847833436311,shop.app,,,20.0,338.99,$20.00/tire (store_shipping.csv),,338.99
MotionAutoPerformance,,False,Terrain Pro A/T P,35x12.50R20,,AMP Terrain Pro A/T Tire - 35X12.50R20LT 121S,1,348.99,,348.99,,9393825906965,49272747229461,https://shop.com/products/9393825906965/amp-terrain-pro-a-t-tire-35x12-50r20lt-121s?variantId=49272747229461,shop.app,,,,,,,348.99
MSV Racing,,False,M/T,35x12.50R20,,AMP Terrain Attack M/T Tire - 35x12.50R20LT 121Q,1,328.99,,328.99,,8663170318489,46196029489305,https://shop.com/products/8663170318489/amp-terrain-attack-m-t-tire-35x12-50r20lt-121q?variantId=46196029489305,shop.app,,,,,,,328.99
Wheels Below Retail,,False,Terrain Pro A/T P,35x12.50R24,,AMP PRO AT 35X12.50R24LT Tires,1,409.0,,409.0,,8073220456683,44017377837291,https://shop.com/products/8073220456683/amp-pro-at-35x12-50r24lt-tires?variantId=44017377837291,shop.app,,,,,,,409.0
Late Model Truck,,False,Terrain Pro A/T P,275/70R18,,AMP Terrain Pro A/T Tire - LT275/70R18 122/125R,1,271.0,,271.0,,7841427030223,44974622113999,https://shop.com/products/7841427030223/amp-terrain-pro-a-t-tire-lt275-70r18-122-125r?variantId=44974622113999,shop.app,,,,,,,271.0
FR SPORT,,False,R/T,35x13.50R24,,AMP Tires AMP Terrain Attack R/T Tire - 35X13.50R24LT 116Q 35-135024AMP/RTF,1,456.99,,456.99,,8881863295128,47391135531160,https://shop.com/products/8881863295128/amp-tires-amp-terrain-attack-r-t-tire-35x13-50r24lt-116q-35-135024amp?variantId=47391135531160,shop.app,,,,,,,456.99
VCT AUTO PERFORMANCE,,False,M/T,305/55R20,,AMP Tires AMP Terrain Attack M/T Tire - LT305/55R20 121/118Q,1,277.0,336.99,277.0,,8318792335554,46725922390210,https://shop.com/products/8318792335554/amp-tires-amp-terrain-attack-m-t-tire-lt305-55r20-121-118q?variantId=46725922390210,shop.app,,,13.45,290.45,$13.45/tire (store_shipping.csv),,290.45
VCT AUTO PERFORMANCE,,False,Terrain Attack A/T A,285/55R20,,AMP Tires AMP Terrain Attack A/T A Tire - LT285/55R20 122/119S,1,202.0,260.99,202.0,,8318791778498,46725890375874,https://shop.com/products/8318791778498/amp-tires-amp-terrain-attack-a-t-a-tire-lt285-55r20-122-119s?variantId=46725890375874,shop.app,,,13.45,215.45,$13.45/tire (store_shipping.csv),,215.45
MOTORMIA,,False,Terrain Pro A/T P,305/55R20,,AMP Terrain Pro A/T Tire - LT305/55R20 121/118S,1,274.99,,274.99,,10468868194616,51835710800184,https://shop.com/products/10468868194616/amp-terrain-pro-a-t-tire-lt305-55r20-121-118s?variantId=51835710800184,shop.app,,,0.0,274.99,free shipping,,274.99
JDR-Partsbarn and Sales,,False,Terrain Pro A/T P,285/60R20,,AMP Terrain Pro A/T Tire - LT285/60R20 125/122S,1,326.99,,326.99,,10172982329635,54891595727139,https://shop.com/products/10172982329635/amp-terrain-pro-a-t-tire-lt285-60r20-125-122s?variantId=54891595727139,shop.app,,,,,,,326.99
Tacoma Wheels,,False,Terrain Pro A/T P,325/60R20,E,LT325/60R20 Amp Tires Terrain Pro A/T Tire E Rated 10 Ply,1,368.99,405.89,368.99,,8301955350719,45151981994175,https://shop.com/products/8301955350719/lt325-60r20-amp-tires-terrain-pro-a-t-tire-e-rated-10-ply?variantId=45151981994175,shop.app,,,0.0,368.99,free shipping,,368.99
Gladiator Auto,,False,M/T,35x13.50R26,F,TERRAIN ATTACK M/T 35X13.50R26 117Q LR F 80PSI MAX - 35-135026AMP/CM2F,1,540.0,,540.0,,9056632602878,47754430349566,https://shop.com/products/9056632602878/terrain-attack-m-t-35x13-50r26-117q-lr-f-80psi-max-35-135026amp?variantId=47754430349566,shop.app,,,0.0,540.0,free shipping,,540.0
PERFORMANCE MODS,,False,M/T,37x13.50R26,,AMP Tires 37-135026AMP/CM2F AMP Terrain Attack M/T Tire - 37x13.50R26LT 117Q,1,551.0,,551.0,,8149783118010,44920715313338,https://shop.com/products/8149783118010/amp-tires-37-135026amp-cm2f-amp-terrain-attack-m-t-tire-37x13-50r26lt?variantId=44920715313338,shop.app,,,,,,,551.0
Wheels Below Retail,,False,Terrain Attack A/T A,37x12.50R20,,AMP TERRAIN ATTACK AT A 37X12.50R20 Tires,1,394.0,,394.0,,5425787895970,35031308959906,https://shop.com/products/5425787895970/amp-terrain-attack-at-a-37x12-50r20-tires?variantId=35031308959906,shop.app,,,,,,,394.0
Renegade Speed by Renegade Racing & Performance,,False,Terrain Pro A/T P,275/55R20,D,AMP Tires Terrain Pro A/T Tire - LT275/55R20 115/112S Load Range D for All-Terrain Performance,1,241.0,,241.0,,11068221391121,53601861501201,https://shop.com/products/11068221391121/amp-tires-terrain-pro-a-t-tire-lt275-55r20-115-112s-load-range?variantId=53601861501201,shop.app,,,,,,,241.0
VCT AUTO PERFORMANCE,,False,Terrain Attack A/T A,275/55R20,,AMP Tires AMP Terrain Attack A/T A Tire - LT275/55R20 115/112S,1,208.0,261.99,208.0,,8318791483586,46725870551234,https://shop.com/products/8318791483586/amp-tires-amp-terrain-attack-a-t-a-tire-lt275-55r20-115-112s?variantId=46725870551234,shop.app,,,13.45,221.45,$13.45/tire (store_shipping.csv),,221.45
TruckStoreOnline.com,,False,Terrain Attack A/T A,35x12.50R22,,AMP Tires 2007-2025 Jeep Wrangler AMP Terrain Attack R Tire 35X12.50R22LT 117Q,1,397.99,,397.99,,15115332780396,53718391488876,https://shop.com/products/15115332780396/amp-tires-2007-2025-jeep-wrangler-amp-terrain-attack-r-tire-35x12-50r22lt?variantId=53718391488876,shop.app,,,107.0,504.99,$107.00/tire (store_shipping.csv),,504.99
Battle Born Offroad,,False,Terrain Pro A/T P,285/55R22,E,22 Inch Terrain Pro A/T P LT285/55R22 124/121R LR E 80PSI Max AMP Tires,1,331.99,,331.99,,8892836315289,48849395908761,https://shop.com/products/8892836315289/22-inch-terrain-pro-a-t-p-lt285-55r22-124-121r-lr-e?variantId=48849395908761,shop.app,,,,,,,331.99
Tacoma Wheels,,False,M/T,37x13.50R20,E,37x13.50R20LT Amp Tires Terrain Attack M/T Tire E Rated 10 Ply,1,452.99,498.29,452.99,,8301956628671,45151983337663,https://shop.com/products/8301956628671/37x13-50r20lt-amp-tires-terrain-attack-m-t-tire-e-rated-10-ply?variantId=45151983337663,shop.app,,,0.0,452.99,free shipping,,452.99
eliteracefab.com,,False,M/T,37x13.50R24,,AMP Mud Terrain Attack M/T A Tires - 37x13.50R24LT,1,513.0,,513.0,,9444125540520,55530731438248,https://shop.com/products/9444125540520/amp-mud-terrain-attack-m-t-a-tires-37x13-50r24lt?variantId=55530731438248,shop.app,,,0.0,513.0,free shipping,,513.0
MOTORMIA,,False,M/T,35x11.50R20,,AMP Terrain Attack M/T Tire - 35X11.50R20LT 124Q,1,343.99,,343.99,,10468863869240,51835706573112,https://shop.com/products/10468863869240/amp-terrain-attack-m-t-tire-35x11-50r20lt-124q?variantId=51835706573112,shop.app,,,0.0,343.99,free shipping,,343.99
eliteracefab.com,,False,Terrain Pro A/T P,295/65R20,,AMP Terrain Pro A/T P Tires - LT295/65R20,1,325.0,,325.0,,9444122525864,55530718298280,https://shop.com/products/9444122525864/amp-terrain-pro-a-t-p-tires-lt295-65r20?variantId=55530718298280,shop.app,,,0.0,325.0,free shipping,,325.0
ATOMIC-SHOP Performance Parts & Motorsport Equipment - USA,,False,R/T,37x13.50R24,,AMP Terrain Attack R/T Tire - 37X13.50R24LT 120Q,1,483.99,,483.99,,10491626750254,51939885089070,https://shop.com/products/10491626750254/amp-terrain-attack-r-t-tire-37x13-50r24lt-120q?variantId=51939885089070,shop.app,,,,,,,483.99
MOTORMIA,,False,R/T,35x12.50R20,,AMP Terrain Attack R/T Tire - 35X12.50R20LT 121Q,1,334.99,,334.99,,10468960502072,51835803369784,https://shop.com/products/10468960502072/amp-terrain-attack-r-t-tire-35x12-50r20lt-121q?variantId=51835803369784,shop.app,,,0.0,334.99,free shipping,,334.99
TryBeepbeep,,False,Terrain Pro A/T P,35x12.50R24,,Amp TIRES 35-125024AMP/CA2F All Terrain Pro 35X12.50R24LT Tires,1,376.99,,376.99,,10125595050266,51707330494746,https://shop.com/products/10125595050266/amp-tires-35-125024amp-ca2f-all-terrain-pro-35x12-50r24lt-tires?variantId=51707330494746,shop.app,,,0.0,376.99,free shipping,,376.99
GE Tires Online Inc,,False,Terrain Pro A/T P,35x12.50R24,,AMP Terrain Pro AT 35X12.5R24,1,513.85,,513.85,,10325002748184,52356359553304,https://shop.com/products/10325002748184/amp-terrain-pro-at-35x12-5r24?variantId=52356359553304,shop.app,,,0.0,513.85,free shipping,,513.85
Street Driven Performance,,False,M/T,37x13.50R22,,AMP Terrain Attack M/T Tire - 37x13.50R22LT 123Q,1,377.15,468.99,377.15,,10875106525343,62579916243103,https://shop.com/products/10875106525343/amp-terrain-attack-m-t-tire-37x13-50r22lt-123q?variantId=62579916243103,shop.app,,,25.0,402.15,$25.00/tire (store_shipping.csv),,402.15
eliteracefab.com,,False,R/T,35x12.50R20,,AMP Terrain Attack R/T Tires - 35x12.50R20LT 125Q,1,372.0,,372.0,,9444124524712,55530726817960,https://shop.com/products/9444124524712/amp-terrain-attack-r-t-tires-35x12-50r20lt-125q?variantId=55530726817960,shop.app,,,0.0,372.0,free shipping,,372.0
PERFORMANCE MODS,,False,M/T,38x15.50R24,,AMP Tires 38-155024AMP/CM2 AMP Terrain Attack M/T Tire - 38X15.50R24LT 127Q,1,702.0,,702.0,,8149783249082,44920715542714,https://shop.com/products/8149783249082/amp-tires-38-155024amp-cm2-amp-terrain-attack-m-t-tire-38x15-50r24lt?variantId=44920715542714,shop.app,,,,,,,702.0
eliteracefab.com,,False,Terrain Pro A/T P,33x12.50R24,,AMP Terrain Pro A/T P Tires - 33x12.50R24LT,1,358.0,,358.0,,9444123705512,55530723246248,https://shop.com/products/9444123705512/amp-terrain-pro-a-t-p-tires-33x12-50r24lt?variantId=55530723246248,shop.app,,,0.0,358.0,free shipping,,358.0
eliteracefab.com,,False,R/T,37x13.50R24,,AMP Terrain Attack R/T Tires - 37x13.50R24LT 120Q,1,509.0,,509.0,,9444125606056,55530731765928,https://shop.com/products/9444125606056/amp-terrain-attack-r-t-tires-37x13-50r24lt-120q?variantId=55530731765928,shop.app,,,0.0,509.0,free shipping,,509.0
Wade Racing Performance LLC,,False,A/T (check model),35x12.50R20,,Amp Tires 35x12.50 R20 All-Terrain Truck Tire,1,284.99,,284.99,,14785343717746,60683037802866,https://shop.com/products/14785343717746/amp-tires-35x12-50-r20-all-terrain-truck-tire?variantId=60683037802866,shop.app,,,0.0,284.99,free shipping,,284.99
Tires Nation,,False,Terrain Pro A/T P,275/70R18,,Amp Terrain Pro A/T P 275/70R18 125/122R Tire,1,271.0,392.53,271.0,,10463898140962,52384898220322,https://shop.com/products/10463898140962/amp-terrain-pro-a-t-p-275-70r18-125-122r-tire?variantId=52384898220322,shop.app,,,,,,,271.0
FR SPORT,,False,Terrain Pro A/T P,325/60R20,,AMP Tires AMP Terrain Pro A/T Tire - LT325/60R20 126/123S 325-6020AMP/CA2,1,368.99,,368.99,,8881865883800,47391138185368,https://shop.com/products/8881865883800/amp-tires-amp-terrain-pro-a-t-tire-lt325-60r20-126-123s-325?variantId=47391138185368,shop.app,,,,,,,368.99
AutoHouseSupply,,False,M/T,33x13.50R26,,AMP Terrain Attack M/T Tire - 33X13.50R26LT 116Q,1,460.99,,460.99,,10304034570532,51514741981476,https://shop.com/products/10304034570532/amp-terrain-attack-m-t-tire-33x13-50r26lt-116q?variantId=51514741981476,shop.app,,,,,,,460.99
AutoHouseSupply,,False,R/T,33x12.50R20,,AMP Terrain Attack R/T Tire - 33X12.50R20LT 114Q,1,320.99,,320.99,,10304034242852,51514738376996,https://shop.com/products/10304034242852/amp-terrain-attack-r-t-tire-33x12-50r20lt-114q?variantId=51514738376996,shop.app,,,,,,,320.99
MOTORMIA,,False,Terrain Pro A/T P,285/60R20,,AMP Terrain Pro A/T Tire - LT285/60R20 125/122S,1,326.99,,326.99,,10468887691576,51835730493752,https://shop.com/products/10468887691576/amp-terrain-pro-a-t-tire-lt285-60r20-125-122s?variantId=51835730493752,shop.app,,,0.0,326.99,free shipping,,326.99
Legends Auto Parts,,False,M/T,37x13.50R22,,AMP Mud Terrain Attack MT A 37x13.50R22LT,1,634.99,,634.99,,8748677071107,45925255119107,https://shop.com/products/8748677071107/amp-mud-terrain-attack-mt-a-37x13-50r22lt?variantId=45925255119107,shop.app,,,,,,,634.99
TryBeepbeep,,False,Terrain Pro A/T P,265/60R20,,Terrain Pro Amp Tires 265-6020AMP/CA2 265/60R20,1,276.99,,276.99,,10125593280794,51707323384090,https://shop.com/products/10125593280794/terrain-pro-amp-tires-265-6020amp-ca2-265-60r20?variantId=51707323384090,shop.app,,,0.0,276.99,free shipping,,276.99
Dually Wheels,,False,Terrain Pro A/T P,285/60R20,,LT285/60R20/10 Amp Tires Terrain Pro A/T Tires Set of 6,6,1998.0,2197.8,333.0,,7916246696191,46049267712255,https://shop.com/products/7916246696191/lt285-60r20-10-amp-tires-terrain-pro-a-t-tires-set-of-6?variantId=46049267712255,shop.app,,,,,,,333.0
eliteracefab.com,,False,Terrain Pro A/T P,275/65R20,,AMP Terrain Pro A/T P Tires - LT275/65R20,1,292.0,,292.0,,9444121608360,55530714202280,https://shop.com/products/9444121608360/amp-terrain-pro-a-t-p-tires-lt275-65r20?variantId=55530714202280,shop.app,,,0.0,292.0,free shipping,,292.0
Wheels Below Retail,,False,M/T,33x12.50R20,,AMP MUD TERRAIN ATTACK MT A 33X12.50R20 Tires,1,351.0,,351.0,,5426285904034,35033288769698,https://shop.com/products/5426285904034/amp-mud-terrain-attack-mt-a-33x12-50r20-tires?variantId=35033288769698,shop.app,,,,,,,351.0
Wheel Tire Direct,,True,M/T,38x15.50R24,E,AMP Mud Terrain Attack MT A 38x15.50R24LT (Load E),1,630.8,702.0,630.8,,9966681162042,51617983398202,https://shop.com/products/9966681162042/amp-mud-terrain-attack-mt-a-38x15-50r24lt-load-e?variantId=51617983398202,shop.app,,,,,,,
Tacoma Wheels,,False,R/T,37x13.50R24,E,37x13.50R24LT Amp Tires Terrain Attack R/T Tire E Rated 10 Ply,1,483.99,532.39,483.99,,8301956726975,45151983435967,https://shop.com/products/8301956726975/37x13-50r24lt-amp-tires-terrain-attack-r-t-tire-e-rated-10-ply?variantId=45151983435967,shop.app,,,0.0,483.99,free shipping,,483.99
eliteracefab.com,,False,Terrain Pro A/T P,275/70R18,,AMP Terrain Pro A/T P Tires - LT275/70R18,1,271.0,,271.0,,9444121673896,55530714529960,https://shop.com/products/9444121673896/amp-terrain-pro-a-t-p-tires-lt275-70r18?variantId=55530714529960,shop.app,,,0.0,271.0,free shipping,,271.0
Complete Street Performance,,False,M/T,35x13.50R26,,Amp Tires 35-135026AMP/CM2F - AMP Terrain Attack M/T Tire - 35x13.50R26LT 117Q,1,512.99,564.29,512.99,,9986577858838,50065225220374,https://shop.com/products/9986577858838/amp-tires-35-135026amp-cm2f-amp-terrain-attack-m-t-tire-35x13-50r26lt?variantId=50065225220374,shop.app,,,,,,,512.99
Wheel Tire Direct,,True,Terrain Attack A/T A,305/60R18,E,AMP Terrain Attack AT A 305/60R18 (Load E),1,266.3,297.0,266.3,,9967024996666,51618973417786,https://shop.com/products/9967024996666/amp-terrain-attack-at-a-305-60r18-load-e?variantId=51618973417786,shop.app,,,,,,,
PERFORMANCE MODS,,False,M/T,37x13.50R20,,AMP Tires 37-135020AMP/CM2 AMP Terrain Attack M/T Tire - 37x13.50R20LT 127Q,1,452.99,,452.99,,8149782921402,44920714952890,https://shop.com/products/8149782921402/amp-tires-37-135020amp-cm2-amp-terrain-attack-m-t-tire-37x13-50r20lt?variantId=44920714952890,shop.app,,,,,,,452.99
Trail Ops,,False,M/T,37x13.50R20,E,AMP Terrain Attack M/T 37x13.50R20LT Load E Tire,1,453.0,,453.0,,9204445380847,47418202947823,https://shop.com/products/9204445380847/amp-terrain-attack-m-t-37x13-50r20lt-load-e-tire?variantId=47418202947823,shop.app,,,,,,,453.0
Dually Wheels,,False,M/T,37x13.50R20,,37x13.50R20LT/10 Amp Tires Terrain Attack M/T Tires Set of 6,6,2718.0,2989.8,453.0,,7916249940223,46049989460223,https://shop.com/products/7916249940223/37x13-50r20lt-10-amp-tires-terrain-attack-m-t-tires-set-of-6?variantId=46049989460223,shop.app,,,,,,,453.0
eliteracefab.com,,False,Terrain Pro A/T P,285/60R20,,AMP Terrain Pro A/T P Tires - LT285/60R20,1,333.0,,333.0,,9444122099880,55530716266664,https://shop.com/products/9444122099880/amp-terrain-pro-a-t-p-tires-lt285-60r20?variantId=55530716266664,shop.app,,,0.0,333.0,free shipping,,333.0
MOTORMIA,,False,Terrain Pro A/T P,295/50R22,,AMP Terrain Pro A/T Tire - LT295/50R22 122/119S,1,323.99,,323.99,,10468864917816,51835707654456,https://shop.com/products/10468864917816/amp-terrain-pro-a-t-tire-lt295-50r22-122-119s?variantId=51835707654456,shop.app,,,0.0,323.99,free shipping,,323.99
GE Tires Online Inc,,False,Terrain Pro A/T P,33x12.50R24,,AMP Terrain Pro AT 33X12.5R24,1,470.07,,470.07,,10325002518808,52356359323928,https://shop.com/products/10325002518808/amp-terrain-pro-at-33x12-5r24?variantId=52356359323928,shop.app,,,0.0,470.07,free shipping,,470.07
Trail Ops,,False,M/T,37x13.50R22,E,AMP Terrain Attack M/T 37x13.50R22LT Load E Tire,1,493.0,,493.0,,9204445610223,47418203767023,https://shop.com/products/9204445610223/amp-terrain-attack-m-t-37x13-50r22lt-load-e-tire?variantId=47418203767023,shop.app,,,,,,,493.0
Wheels Below Retail,,False,Terrain Pro A/T P,285/60R20,,AMP PRO AT 285/60R20 (33.5X11.2R 20) Tires,1,358.0,,358.0,,5426284298402,35033282543778,https://shop.com/products/5426284298402/amp-pro-at-285-60r20-33-5x11-2r-20-tires?variantId=35033282543778,shop.app,,,,,,,358.0
Tires Nation,,False,Terrain Attack A/T A,265/70R17,,Amp Terrain Attack A/T A 265/70R17 121/118S Tire,1,210.0,313.69,210.0,,10465055670562,52389840650530,https://shop.com/products/10465055670562/amp-terrain-attack-a-t-a-265-70r17-121-118s-tire?variantId=52389840650530,shop.app,,,,,,,210.0
Late Model Truck,,False,M/T,305/55R20,,AMP Terrain Attack M/T Tire - LT305/55R20 121/118Q,1,337.0,,337.0,,7841427652815,44974623359183,https://shop.com/products/7841427652815/amp-terrain-attack-m-t-tire-lt305-55r20-121-118q?variantId=44974623359183,shop.app,,,,,,,337.0
MOTORMIA,,False,Terrain Pro A/T P,275/55R20,,AMP Terrain Pro A/T Tire - LT275/55R20 115/112S,1,241.0,,241.0,,10469023547704,51835866382648,https://shop.com/products/10469023547704/amp-terrain-pro-a-t-tire-lt275-55r20-115-112s?variantId=51835866382648,shop.app,,,0.0,241.0,free shipping,,241.0
Mach Yeti Racing,,False,Terrain Attack A/T A,305/40R22,,AMP Terrain Attack A/T A Tire - 305/40R22 114S,1,268.99,,268.99,,9798987612244,45266112282708,https://shop.com/products/9798987612244/amp-terrain-attack-a-t-a-tire-305-40r22-114s?variantId=45266112282708,shop.app,,,,,,,268.99
MOTORMIA,,False,R/T,35x12.50R22,,AMP Terrain Attack R/T Tire - 35X12.50R22LT 117Q,1,367.99,,367.99,,10468904796472,51835747598648,https://shop.com/products/10468904796472/amp-terrain-attack-r-t-tire-35x12-50r22lt-117q?variantId=51835747598648,shop.app,,,0.0,367.99,free shipping,,367.99
Speedzone Performance LLC,,False,M/T,37x13.50R28,,AMP Terrain Attack M/T Tire - 37X13.50R28LT 114Q,1,859.0,,859.0,,7350051176533,42283607916629,https://shop.com/products/7350051176533/amp-terrain-attack-m-t-tire-37x13-50r28lt-114q?variantId=42283607916629,shop.app,,,,,,,859.0
Down East Offroad,,False,M/T,37x13.50R22,,AMP Terrain Attack M/T Tire - 37x13.50R22LT 123Q,1,468.99,,468.99,,14998233416052,54153005629812,https://shop.com/products/14998233416052/amp-terrain-attack-m-t-tire-37x13-50r22lt-123q?variantId=54153005629812,shop.app,,,,,,,468.99
Complete Street Performance,,False,Terrain Pro A/T P,285/65R18,,Amp Tires 285-6518AMP/CA2 - AMP Terrain Pro A/T Tire - LT285/65R18 125/122R,1,256.99,282.69,256.99,,9986579726614,50065228235030,https://shop.com/products/9986579726614/amp-tires-285-6518amp-ca2-amp-terrain-pro-a-t-tire-lt285-65r18?variantId=50065228235030,shop.app,,,,,,,256.99
MOTORMIA,,False,R/T,37x13.50R24,,AMP Terrain Attack R/T Tire - 37X13.50R24LT 124Q,1,503.99,,503.99,,10469015781688,51835858616632,https://shop.com/products/10469015781688/amp-terrain-attack-r-t-tire-37x13-50r24lt-124q?variantId=51835858616632,shop.app,,,0.0,503.99,free shipping,,503.99
Street Driven Performance,,False,R/T,37x13.50R24,,AMP Terrain Attack R/T Tire - 37X13.50R24LT 120Q,1,389.39,483.99,389.39,,10875106590879,62579916374175,https://shop.com/products/10875106590879/amp-terrain-attack-r-t-tire-37x13-50r24lt-120q?variantId=62579916374175,shop.app,,,25.0,414.39,$25.00/tire (store_shipping.csv),,414.39
AutoHouseSupply,,False,R/T,35x12.50R20,,AMP Terrain Attack R/T Tire - 35X12.50R20LT 125Q,1,353.99,,353.99,,10304035094820,51514743980324,https://shop.com/products/10304035094820/amp-terrain-attack-r-t-tire-35x12-50r20lt-125q?variantId=51514743980324,shop.app,,,,,,,353.99
Next Level Performance,,False,Terrain Pro A/T P,285/70R17,,AMP Terrain Pro A/T Tire - LT285/70R17 121/118R,1,241.0,,241.0,,9562138574999,47624117846167,https://shop.com/products/9562138574999/amp-terrain-pro-a-t-tire-lt285-70r17-121-118r?variantId=47624117846167,shop.app,,,20.0,261.0,$20.00/tire (store_shipping.csv),,261.0
FR SPORT,,False,Terrain Pro A/T P,285/45R22,,AMP Tires AMP Terrain Pro A/T Tire - LT285/45R22 117R 285-4522AMP/CA2,1,285.99,,285.99,,8881865982104,47391138283672,https://shop.com/products/8881865982104/amp-tires-amp-terrain-pro-a-t-tire-lt285-45r22-117r-285-4522amp?variantId=47391138283672,shop.app,,,,,,,285.99
VCT AUTO PERFORMANCE,,False,M/T,35x12.50R20,,AMP Tires AMP Terrain Attack M/T Tire - 35x12.50R20LT 121Q,1,257.0,328.99,257.0,,8318792401090,46725925568706,https://shop.com/products/8318792401090/amp-tires-amp-terrain-attack-m-t-tire-35x12-50r20lt-121q?variantId=46725925568706,shop.app,,,13.45,270.45,$13.45/tire (store_shipping.csv),,270.45
Next Level Performance,,False,M/T,33x14.50R22,,AMP Terrain Attack M/T Tire - 33x14.50R22LT 117Q,1,425.0,,425.0,,9618273337495,47847820853399,https://shop.com/products/9618273337495/amp-terrain-attack-m-t-tire-33x14-50r22lt-117q?variantId=47847820853399,shop.app,,,20.0,445.0,$20.00/tire (store_shipping.csv),,445.0
Next Level Performance,,False,Terrain Pro A/T P,275/70R18,,AMP Terrain Pro A/T Tire - LT275/70R18 122/125R,1,271.0,,271.0,,9562136608919,47624111358103,https://shop.com/products/9562136608919/amp-terrain-pro-a-t-tire-lt275-70r18-122-125r?variantId=47624111358103,shop.app,,,20.0,291.0,$20.00/tire (store_shipping.csv),,291.0
RAV Performance,,False,M/T,33x13.50R24,,AMP Terrain Attack M/T Tire - 33x13.50R24LT 121Q,1,391.99,,391.99,,9455577170165,47431097188597,https://shop.com/products/9455577170165/amp-terrain-attack-m-t-tire-33x13-50r24lt-121q?variantId=47431097188597,shop.app,,,,,,,391.99
TryBeepbeep,,False,Terrain Pro A/T P,33x12.50R24,,Amp Tires 33-125024AMP/CA2F Pro All Terrain 33x12.50R24LT,1,350.99,,350.99,,10125594657050,51707328856346,https://shop.com/products/10125594657050/amp-tires-33-125024amp-ca2f-pro-all-terrain-33x12-50r24lt?variantId=51707328856346,shop.app,,,0.0,350.99,free shipping,,350.99
Trail Ops,,False,Terrain Pro A/T P,285/70R17,E,AMP Terrain Pro A/T LT285/70R17 Load E Tire,1,241.0,,241.0,,9204446068975,47418205241583,https://shop.com/products/9204446068975/amp-terrain-pro-a-t-lt285-70r17-load-e-tire?variantId=47418205241583,shop.app,,,,,,,241.0
Legends Auto Parts,,False,M/T,37x13.50R24,,AMP Mud Terrain Attack MT A 37x13.50R24,1,659.99,,659.99,,8748674973955,45925247189251,https://shop.com/products/8748674973955/amp-mud-terrain-attack-mt-a-37x13-50r24?variantId=45925247189251,shop.app,,,,,,,659.99
Demonic Performance,,False,Terrain Pro A/T P,33x12.50R20,,AMP Terrain Pro A/T Tire - 33X12.50R20LT 114S,1,256.99,,256.99,,10603285414172,52970587980060,https://shop.com/products/10603285414172/amp-terrain-pro-a-t-tire-33x12-50r20lt-114s?variantId=52970587980060,shop.app,,,,,,,256.99
Next Level Performance,,False,Terrain Attack A/T A,285/55R20,,AMP Terrain Attack A/T A Tire - LT285/55R20 122/119S,1,260.99,,260.99,,9562142343319,47624123547799,https://shop.com/products/9562142343319/amp-terrain-attack-a-t-a-tire-lt285-55r20-122-119s?variantId=47624123547799,shop.app,,,20.0,280.99,$20.00/tire (store_shipping.csv),,280.99
TryBeepbeep,,False,M/T,35x15.50R22,F,Terrain Attack M/T Amp Tires 35x15.50R22 Tire F/12 Ply BSW 125Q,1,486.99,,486.99,,10125595148570,51707330920730,https://shop.com/products/10125595148570/terrain-attack-m-t-amp-tires-35x15-50r22-tire-f-12-ply-bsw?variantId=51707330920730,shop.app,,,0.0,486.99,free shipping,,486.99
Next Level Performance,,False,R/T,35x13.50R24,,AMP Terrain Attack R/T Tire - 35X13.50R24LT 116Q,1,456.99,,456.99,,9562143457431,47624124989591,https://shop.com/products/9562143457431/amp-terrain-attack-r-t-tire-35x13-50r24lt-116q?variantId=47624124989591,shop.app,,,20.0,476.99,$20.00/tire (store_shipping.csv),,476.99
AutoHouseSupply,,False,R/T,35x12.50R20,,AMP Terrain Attack R/T Tire - 35X12.50R20LT 121Q,1,334.99,,334.99,,10304035029284,51514743882020,https://shop.com/products/10304035029284/amp-terrain-attack-r-t-tire-35x12-50r20lt-121q?variantId=51514743882020,shop.app,,,,,,,334.99
Late Model Truck,,False,Terrain Pro A/T P,285/60R20,,AMP Terrain Pro A/T Tire - LT285/60R20 125/122S,1,326.99,,326.99,,7841427259599,44974622572751,https://shop.com/products/7841427259599/amp-terrain-pro-a-t-tire-lt285-60r20-125-122s?variantId=44974622572751,shop.app,,,,,,,326.99
AutoHouseSupply,,False,Terrain Pro A/T P,35x12.50R20,,AMP Terrain Pro A/T Tire - 35X12.50R20LT 121S,1,284.99,,284.99,,10304034865444,51514743161124,https://shop.com/products/10304034865444/amp-terrain-pro-a-t-tire-35x12-50r20lt-121s?variantId=51514743161124,shop.app,,,,,,,284.99
Mach Yeti Racing,,False,Terrain Pro A/T P,285/65R18,,AMP Terrain Pro A/T Tire - LT285/65R18 125/122R,1,256.99,,256.99,,9798984532052,45266109038676,https://shop.com/products/9798984532052/amp-terrain-pro-a-t-tire-lt285-65r18-125-122r?variantId=45266109038676,shop.app,,,,,,,256.99
Wheels Below Retail,,False,Terrain Pro A/T P,265/70R17,,AMP PRO AT 265/70R17 (31.7X10.4R 17) Tires,1,246.0,,246.0,,5426286067874,35033289130146,https://shop.com/products/5426286067874/amp-pro-at-265-70r17-31-7x10-4r-17-tires?variantId=35033289130146,shop.app,,,,,,,246.0
Wheels Below Retail,,False,Terrain Pro A/T P,285/70R17,,AMP PRO AT 285/70R17 (32.8X11.5R 17) Tires,1,266.0,,266.0,,8073220161771,44017377378539,https://shop.com/products/8073220161771/amp-pro-at-285-70r17-32-8x11-5r-17-tires?variantId=44017377378539,shop.app,,,,,,,266.0
eliteracefab.com,,False,Terrain Pro A/T P,285/70R17,,AMP Terrain Pro A/T P Tires - LT285/70R17,1,241.0,,241.0,,9444122263720,55530716954792,https://shop.com/products/9444122263720/amp-terrain-pro-a-t-p-tires-lt285-70r17?variantId=55530716954792,shop.app,,,0.0,241.0,free shipping,,241.0
eliteracefab.com,,False,Terrain Pro A/T P,265/70R17,,AMP Terrain Pro A/T P Tires - LT265/70R17,1,221.0,,221.0,,9444121215144,55530712236200,https://shop.com/products/9444121215144/amp-terrain-pro-a-t-p-tires-lt265-70r17?variantId=55530712236200,shop.app,,,0.0,221.0,free shipping,,221.0
Wheel Tire Direct,,True,Terrain Pro A/T P,265/70R17,E,AMP Pro AT 265/70R17 (Load E),1,197.9,221.0,197.9,,9966981284154,51618884321594,https://shop.com/products/9966981284154/amp-pro-at-265-70r17-load-e?variantId=51618884321594,shop.app,,,,,,,
Gladiator Auto,,False,Terrain Pro A/T P,265/70R17,E,TERRAIN PRO A/T 265/70R17 121/118S LR E 80 PSI MAX - 265-7017AMP/CA2,1,221.0,,221.0,,9056630505726,47754432708862,https://shop.com/products/9056630505726/terrain-pro-a-t-265-70r17-121-118s-lr-e-80-psi-max?variantId=47754432708862,shop.app,,,0.0,221.0,free shipping,,221.0
Valencia Motorsports,,False,Terrain Pro A/T P,35x12.50R20,,AMP Terrain Pro A/T Tire - 35X12.50R20LT 121S,1,284.99,,284.99,,9486257750257,47825482383601,https://shop.com/products/9486257750257/amp-terrain-pro-a-t-tire-35x12-50r20lt-121s?variantId=47825482383601,shop.app,,,,,,,284.99
Wheels Below Retail,,False,Terrain Pro A/T P,35x12.50R20,,AMP PRO AT 35X12.50R20 Tires,1,324.0,,324.0,,8073220423915,44017377804523,https://shop.com/products/8073220423915/amp-pro-at-35x12-50r20-tires?variantId=44017377804523,shop.app,,,,,,,324.0
Wheels Below Retail,,False,Terrain Pro A/T P,325/60R20,,AMP PRO AT 325/60R20 (35.4X13R 20) Tires,1,394.0,,394.0,,5426283839650,35033281364130,https://shop.com/products/5426283839650/amp-pro-at-325-60r20-35-4x13r-20-tires?variantId=35033281364130,shop.app,,,,,,,394.0
Apex Offroad LLC,,False,Terrain Pro A/T P,35x12.50R20,,AMP Terrain Pro A/T Tire - 35X12.50R20LT 121S,1,284.99,,284.99,,15083727552884,54690763800948,https://shop.com/products/15083727552884/amp-terrain-pro-a-t-tire-35x12-50r20lt-121s?variantId=54690763800948,shop.app,,,,,,,284.99
Wheels Below Retail,,False,Terrain Pro A/T P,295/50R22,,AMP PRO AT LT295/50R22 (33.7X11.6R 22) Tires,1,355.0,,355.0,,8073220194539,44017377476843,https://shop.com/products/8073220194539/amp-pro-at-lt295-50r22-33-7x11-6r-22-tires?variantId=44017377476843,shop.app,,,,,,,355.0
Wheels Below Retail,,False,Terrain Pro A/T P,285/55R22,,AMP PRO AT LT285X55R22 (34.4X11.2R 22) Tires,1,363.0,,363.0,,8073220129003,44017377345771,https://shop.com/products/8073220129003/amp-pro-at-lt285x55r22-34-4x11-2r-22-tires?variantId=44017377345771,shop.app,,,,,,,363.0
Wheels Below Retail,,False,Terrain Pro A/T P,285/45R22,,AMP PRO AT LT285X45R22 (32.1X11.2R 22) Tires,1,311.0,,311.0,,8073220096235,44017377313003,https://shop.com/products/8073220096235/amp-pro-at-lt285x45r22-32-1x11-2r-22-tires?variantId=44017377313003,shop.app,,,,,,,311.0
WrenchVanta,,False,Terrain Pro A/T P,285/45R22,D,AMP Terrain Pro A/T LT285/45R22 D/8PR BSW,1,388.54,,388.54,,10316879069424,50519462412528,https://shop.com/products/10316879069424/amp-terrain-pro-a-t-lt285-45r22-d-8pr-bsw?variantId=50519462412528,shop.app,,,,,,,388.54
Tacoma Wheels,,False,Terrain Pro A/T P,285/55R22,E,LT285/55R22 Amp Tires Terrain Pro A/T Tire E Rated 10 Ply,1,331.99,365.19,331.99,,8301954629823,45151981207743,https://shop.com/products/8301954629823/lt285-55r22-amp-tires-terrain-pro-a-t-tire-e-rated-10-ply?variantId=45151981207743,shop.app,,,0.0,331.99,free shipping,,331.99
Forge USA,,False,Terrain Pro A/T P,295/50R22,,AMP Terrain Pro A/T LT295/50R22,1,330.0,,330.0,,10122088022256,50086583664880,https://shop.com/products/10122088022256/amp-terrain-pro-a-t-lt295-50r22?variantId=50086583664880,shop.app,,,,,,,330.0
Tacoma Wheels,,False,Terrain Pro A/T P,295/50R22,E,LT295/50R22 Amp Tires Terrain Pro A/T Tire E Rated 10 Ply,1,323.99,356.39,323.99,,8301954924735,45151981568191,https://shop.com/products/8301954924735/lt295-50r22-amp-tires-terrain-pro-a-t-tire-e-rated-10-ply?variantId=45151981568191,shop.app,,,0.0,323.99,free shipping,,323.99
Wheel Tire Direct,,True,Terrain Pro A/T P,285/55R22,E,AMP Pro AT LT285/55R22 (Load E),1,323.72,338.0,323.72,,9966106837306,51614940397882,https://shop.com/products/9966106837306/amp-pro-at-lt285-55r22-load-e?variantId=51614940397882,shop.app,,,,,,,
SHOPWHEELXPRESS,,False,Terrain Pro A/T P,285/55R22,,AMP Pro AT All Terrain LT285/55R22 Tire,1,349.93,,349.93,,8513431732361,45420406145161,https://shop.com/products/8513431732361/amp-pro-at-all-terrain-lt285-55r22-tire?variantId=45420406145161,shop.app,,,,,,,349.93
TFS Wheels,,False,Terrain Pro A/T P,295/50R22,,AMP Pro AT LT295/50R22,1,330.0,,330.0,,8731417182359,45042231443607,https://shop.com/products/8731417182359/amp-pro-at-lt295-50r22?variantId=45042231443607,shop.app,,,0.0,330.0,free shipping,,330.0
eliteracefab.com,,False,Terrain Pro A/T P,285/55R22,,AMP Terrain Pro A/T P Tires - LT285/55R22,1,338.0,,338.0,,9444122034344,55530715938984,https://shop.com/products/9444122034344/amp-terrain-pro-a-t-p-tires-lt285-55r22?variantId=55530715938984,shop.app,,,0.0,338.0,free shipping,,338.0
SHOPWHEELXPRESS,,False,Terrain Pro A/T P,285/45R22,,AMP Pro AT All Terrain LT285/45R22 Tire,1,326.14,,326.14,,8508584132745,45406461722761,https://shop.com/products/8508584132745/amp-pro-at-all-terrain-lt285-45r22-tire?variantId=45406461722761,shop.app,,,,,,,326.14
Tacoma Wheels,,False,M/T,33x12.50R22,E,33x12.50R22LT Amp Tires Terrain Attack M/T Tire E Rated 10 Ply,1,336.99,370.69,336.99,,8301955547327,45151982190783,https://shop.com/products/8301955547327/33x12-50r22lt-amp-tires-terrain-attack-m-t-tire-e-rated-10-ply?variantId=45151982190783,shop.app,,,0.0,336.99,free shipping,,336.99
Gladiator Auto,,False,Terrain Pro A/T P,285/65R18,E,TERRAIN PRO A/T P 285/65R18 125/122R LR E 80 PSI MAX - 285-6518AMP/CA2,1,262.0,,262.0,,9056630931710,47754432217342,https://shop.com/products/9056630931710/terrain-pro-a-t-p-285-65r18-125-122r-lr-e-80-psi?variantId=47754432217342,shop.app,,,0.0,262.0,free shipping,,262.0
Gladiator Auto,,False,Terrain Pro A/T P,295/50R22,E,TERRAIN PRO A/T P LT295/50R22 122/119S LR E 80PSI MAX - 295-5022AMP/CA2,1,330.0,,330.0,,9056631161086,47754431987966,https://shop.com/products/9056631161086/terrain-pro-a-t-p-lt295-50r22-122-119s-lr-e-80psi-max?variantId=47754431987966,shop.app,,,0.0,330.0,free shipping,,330.0
Wheels Below Retail,,False,Terrain Attack A/T A,33x12.50R22,,AMP TERRAIN ATTACK AT A 33X12.50R22 Tires,1,343.0,,343.0,,5425788125346,35031312400546,https://shop.com/products/5425788125346/amp-terrain-attack-at-a-33x12-50r22-tires?variantId=35031312400546,shop.app,,,,,,,343.0
Wheel Tire Direct,,True,Terrain Pro A/T P,275/70R18,E,AMP Pro AT LT275/70R18 (Load E),1,242.9,271.0,242.9,,9966402502970,51616025116986,https://shop.com/products/9966402502970/amp-pro-at-lt275-70r18-load-e?variantId=51616025116986,shop.app,,,,,,,
JDR-Partsbarn and Sales,,False,Terrain Pro A/T P,285/65R18,,AMP Terrain Pro A/T Tire - LT285/65R18 125/122R,1,256.99,,256.99,,10172977611043,54891590779171,https://shop.com/products/10172977611043/amp-terrain-pro-a-t-tire-lt285-65r18-125-122r?variantId=54891590779171,shop.app,,,,,,,256.99
Speedzone Performance LLC,,False,Terrain Pro A/T P,285/55R22,,AMP Terrain Pro A/T Tire - LT285/55R22 124/121R,1,331.99,,331.99,,7350048882773,42283601789013,https://shop.com/products/7350048882773/amp-terrain-pro-a-t-tire-lt285-55r22-124-121r?variantId=42283601789013,shop.app,,,,,,,331.99
GE Tires Online Inc,,False,Terrain Pro A/T P,285/55R20,,AMP Terrain Pro AT 285/55R20,1,260.78,,260.78,,9963465998616,51017404088600,https://shop.com/products/9963465998616/amp-terrain-pro-at-285-55r20?variantId=51017404088600,shop.app,,,0.0,260.78,free shipping,,260.78
Demonic Performance,,False,Terrain Pro A/T P,275/70R18,,AMP Terrain Pro A/T Tire - LT275/70R18 122/125R,1,270.99,,270.99,,10603285020956,52970587193628,https://shop.com/products/10603285020956/amp-terrain-pro-a-t-tire-lt275-70r18-122-125r?variantId=52970587193628,shop.app,,,,,,,270.99
GE Tires Online Inc,,False,Terrain Pro A/T P,33x12.50R20,,AMP Terrain Pro AT 33X12.5R20,1,248.17,,248.17,,10352343613720,52432037249304,https://shop.com/products/10352343613720/amp-terrain-pro-at-33x12-5r20?variantId=52432037249304,shop.app,,,0.0,248.17,free shipping,,248.17
JDR-Partsbarn and Sales,,False,Terrain Pro A/T P,285/70R17,,AMP Terrain Pro A/T Tire - LT285/70R17 121/118R,1,241.0,,241.0,,10172975350051,54891588583715,https://shop.com/products/10172975350051/amp-terrain-pro-a-t-tire-lt285-70r17-121-118r?variantId=54891588583715,shop.app,,,,,,,241.0
BattlegroundOffroadSupply,,False,Terrain Pro A/T P,35x12.50R20,,AMP Terrain Pro A/T Tire - 35X12.50R20LT 121S,1,284.99,,284.99,,9988578050296,49645576749304,https://shop.com/products/9988578050296/amp-terrain-pro-a-t-tire-35x12-50r20lt-121s?variantId=49645576749304,shop.app,,,,,,,284.99
PERFORMANCE MODS,,False,Terrain Pro A/T P,275/65R20,,AMP Tires 275-6520AMP/CA2 AMP Terrain Pro A/T Tire - LT275/65R20 126/123S,1,292.0,,292.0,,8149780463802,44920710627514,https://shop.com/products/8149780463802/amp-tires-275-6520amp-ca2-amp-terrain-pro-a-t-tire-lt275-65r20?variantId=44920710627514,shop.app,,,,,,,292.0
JDR-Partsbarn and Sales,,False,Terrain Pro A/T P,275/60R20,,AMP Terrain Pro A/T Tire - LT275/60R20 123/120S,1,271.0,,271.0,,10172979478819,54891592679715,https://shop.com/products/10172979478819/amp-terrain-pro-a-t-tire-lt275-60r20-123-120s?variantId=54891592679715,shop.app,,,,,,,271.0
Down East Offroad,,False,R/T,265/70R17,,AMP Terrain Attack R/T Tire - P265/70R17 113T,1,193.99,,193.99,,14998237413748,54153024700788,https://shop.com/products/14998237413748/amp-terrain-attack-r-t-tire-p265-70r17-113t?variantId=54153024700788,shop.app,,,,,,,193.99
Gladiator Auto,,False,R/T,265/70R17,,P265/70R17 TERRAIN ATTACK R/T 113T SL - 265-7017AMP/RTSL,1,204.0,,204.0,,9056630571262,47754432643326,https://shop.com/products/9056630571262/p265-70r17-terrain-attack-r-t-113t-sl-265-7017amp-rtsl?variantId=47754432643326,shop.app,,,0.0,204.0,free shipping,,204.0
eliteracefab.com,,False,R/T,285/70R17,,AMP Terrain Attack R/T Tires - LT285/70R17,1,265.0,,265.0,,9444122394792,55530717610152,https://shop.com/products/9444122394792/amp-terrain-attack-r-t-tires-lt285-70r17?variantId=55530717610152,shop.app,,,0.0,265.0,free shipping,,265.0
Mach Yeti Racing,,False,M/T,38x13.50R24,,AMP Terrain Attack M/T Tire - 38x13.50R24LT 127Q,1,616.99,,616.99,,9799005405268,45266133057620,https://shop.com/products/9799005405268/amp-terrain-attack-m-t-tire-38x13-50r24lt-127q?variantId=45266133057620,shop.app,,,,,,,616.99
Tacoma Wheels,,False,M/T,37x12.50R17,D,37x12.50R17LT Amp Tires Terrain Attack M/T Tire D Rated 8 Ply,1,402.99,443.29,402.99,,8301956530367,45151983239359,https://shop.com/products/8301956530367/37x12-50r17lt-amp-tires-terrain-attack-m-t-tire-d-rated-8-ply?variantId=45151983239359,shop.app,,,0.0,402.99,free shipping,,402.99
Tacoma Wheels,,False,Terrain Attack A/T A,285/70R17,E,LT285/70R17 Amp Tires Terrain Attack A/T Tire E Rated 10 Ply,1,220.99,243.09,220.99,,8301954859199,45151981502655,https://shop.com/products/8301954859199/lt285-70r17-amp-tires-terrain-attack-a-t-tire-e-rated-10-ply?variantId=45151981502655,shop.app,,,0.0,220.99,free shipping,,220.99
Wheels Below Retail,,False,Terrain Attack A/T A,285/70R17,,AMP TERRAIN ATTACK AT A 285/70R17 (32.7X11.2R 17) Tires,1,246.0,,246.0,,5425785798818,35031291232418,https://shop.com/products/5425785798818/amp-terrain-attack-at-a-285-70r17-32-7x11-2r-17-tires?variantId=35031291232418,shop.app,,,,,,,246.0
Gladiator Auto,,False,R/T,35x12.50R17,E,35X12.50R17LT TERRAIN ATTACK R/T 125Q LR E - 35-125017AMP/RTE,1,352.0,,352.0,,9056632144126,47754430841086,https://shop.com/products/9056632144126/35x12-50r17lt-terrain-attack-r-t-125q-lr-e-35-125017amp-rte?variantId=47754430841086,shop.app,,,0.0,352.0,free shipping,,352.0
AutoHouseSupply,,False,M/T,37x13.50R26,,AMP Terrain Attack M/T Tire - 37x13.50R26LT 117Q,1,551.0,,551.0,,10304036012324,51514749616420,https://shop.com/products/10304036012324/amp-terrain-attack-m-t-tire-37x13-50r26lt-117q?variantId=51514749616420,shop.app,,,,,,,551.0
Forge USA,,False,M/T,35x12.50R17,,AMP Terrain Attack M/T A LT35X12.50R17,1,370.0,,370.0,,10122095427824,50086599033072,https://shop.com/products/10122095427824/amp-terrain-attack-m-t-a-lt35x12-50r17?variantId=50086599033072,shop.app,,,,,,,370.0
Wheels Below Retail,,False,Terrain Attack A/T A,265/70R17,,AMP TERRAIN ATTACK AT A 265/70R17 (31.6X10.4R 17) Tires,1,235.0,,235.0,,5425784946850,35031287365794,https://shop.com/products/5425784946850/amp-terrain-attack-at-a-265-70r17-31-6x10-4r-17-tires?variantId=35031287365794,shop.app,,,,,,,235.0
Tacoma Wheels,,False,M/T,35x12.50R18,E,35x12.50R18LT Amp Tires Terrain Attack M/T Tire E Rated 10 Ply,1,373.99,411.39,373.99,,8301955907775,45151982551231,https://shop.com/products/8301955907775/35x12-50r18lt-amp-tires-terrain-attack-m-t-tire-e-rated-10-ply?variantId=45151982551231,shop.app,,,0.0,373.99,free shipping,,373.99
Down East Offroad,,False,M/T,38x15.50R24,,AMP Terrain Attack M/T Tire - 38X15.50R24LT 127Q,1,702.0,,702.0,,14998233055604,54153004515700,https://shop.com/products/14998233055604/amp-terrain-attack-m-t-tire-38x15-50r24lt-127q?variantId=54153004515700,shop.app,,,,,,,702.0
Mach Yeti Racing,,False,M/T,35x13.50R24,,AMP Terrain Attack M/T Tire - 35x13.50R24LT 112Q,1,437.99,,437.99,,9799000129620,45266126504020,https://shop.com/products/9799000129620/amp-terrain-attack-m-t-tire-35x13-50r24lt-112q?variantId=45266126504020,shop.app,,,,,,,437.99
TFS Wheels,,False,M/T,38x15.50R24,,AMP Mud Terrain Attack MT A 38x15.50R24LT,1,702.0,,702.0,,8731417411735,45042231607447,https://shop.com/products/8731417411735/amp-mud-terrain-attack-mt-a-38x15-50r24lt?variantId=45042231607447,shop.app,,,0.0,702.0,free shipping,,702.0
Next Level Performance,,False,M/T,38x15.50R26,,AMP Terrain Attack M/T Tire - 38X15.50R26LT 126P,1,712.99,,712.99,,9618283561111,47847831142551,https://shop.com/products/9618283561111/amp-terrain-attack-m-t-tire-38x15-50r26lt-126p?variantId=47847831142551,shop.app,,,20.0,732.99,$20.00/tire (store_shipping.csv),,732.99
BattlegroundOffroadSupply,,False,M/T,33x13.50R24,,AMP Terrain Attack M/T Tire - 33x13.50R24LT 121Q,1,391.99,,391.99,,9988577820920,49645576290552,https://shop.com/products/9988577820920/amp-terrain-attack-m-t-tire-33x13-50r24lt-121q?variantId=49645576290552,shop.app,,,,,,,391.99
Legends Auto Parts,,False,M/T,38x13.50R24,,AMP Mud Terrain Attack MT A 38x13.50R24LT,1,1269.99,,1269.99,,8748674547971,45925245485315,https://shop.com/products/8748674547971/amp-mud-terrain-attack-mt-a-38x13-50r24lt?variantId=45925245485315,shop.app,,,,,,,1269.99
Forge USA,,False,Terrain Attack A/T A,305/60R18,,AMP Terrain Attack A/T A LT305/60R18,1,297.0,,297.0,,10122096017648,50086599819504,https://shop.com/products/10122096017648/amp-terrain-attack-a-t-a-lt305-60r18?variantId=50086599819504,shop.app,,,,,,,297.0
Wheels Below Retail,,False,M/T,35x13.50R24,,AMP MUD TERRAIN ATTACK MT A 35X13.50R24 Tires,1,486.0,,486.0,,6957004816546,40477449814178,https://shop.com/products/6957004816546/amp-mud-terrain-attack-mt-a-35x13-50r24-tires?variantId=40477449814178,shop.app,,,,,,,486.0
Wheels Below Retail,,False,M/T,33x12.50R22,,AMP MUD TERRAIN ATTACK MT A LT33X12.50R22 Tires,1,379.0,,379.0,,5426290852002,35033306693794,https://shop.app/products/5426290852002/amp-mud-terrain-attack-mt-a-lt33x12-50r22-tires?variantId=35033306693794,shop.app,,,,,,,379.0
MSV Racing,,False,Terrain Attack A/T A,35x12.50R22,,AMP Terrain Attack A/T A Tire - 35x12.50R22LT 117R,1,314.99,,314.99,,8663173333145,46196032962713,https://shop.app/products/8663173333145/amp-terrain-attack-a-t-a-tire-35x12-50r22lt-117r?variantId=46196032962713,shop.app,,,,,,,314.99
Complete Street Performance,,False,M/T,33x14.50R22,,Amp Tires 33-145022AMP/CM2F - AMP Terrain Attack M/T Tire - 33x14.50R22LT 117Q,1,425.0,467.5,425.0,,9986579693846,50065228202262,https://shop.app/products/9986579693846/amp-tires-33-145022amp-cm2f-amp-terrain-attack-m-t-tire-33x14-50r22lt?variantId=50065228202262,shop.app,,,,,,,425.0
Battle Born Offroad,,False,M/T,325/50R22,E,22 Inch Terrain Attack M/T A 325/50R22 122Q LR E 65PSI Max AMP Tires,1,436.99,,436.99,,8892836511897,48849396072601,https://shop.app/products/8892836511897/22-inch-terrain-attack-m-t-a-325-50r22-122q-lr-e-65psi?variantId=48849396072601,shop.app,,,,,,,436.99
Next Level Performance,,False,Terrain Pro A/T P,295/50R22,,AMP Terrain Pro A/T Tire - LT295/50R22 122/119S,1,323.99,,323.99,,9618275631255,47847823310999,https://shop.app/products/9618275631255/amp-terrain-pro-a-t-tire-lt295-50r22-122-119s?variantId=47847823310999,shop.app,,,20.0,343.99,$20.00/tire (store_shipping.csv),,343.99
Street Driven Performance,,False,M/T,35x15.50R22,,AMP Terrain Attack M/T Tire - 35x15.50R22LT 125Q,1,434.65,486.99,434.65,,10875106361503,62579915817119,https://shop.app/products/10875106361503/amp-terrain-attack-m-t-tire-35x15-50r22lt-125q?variantId=62579915817119,shop.app,,,25.0,459.65,$25.00/tire (store_shipping.csv),,459.65
Gladiator Auto,,False,Terrain Attack A/T A,33x12.50R22,E,TERRAIN ATTACK A/T A 33X12.50R22 109R LR E 65PSI MAX - 33-125022AMP/CA3,1,318.0,,318.0,,9056631750910,47754431267070,https://shop.app/products/9056631750910/terrain-attack-a-t-a-33x12-50r22-109r-lr-e-65psi-max-33?variantId=47754431267070,shop.app,,,0.0,318.0,free shipping,,318.0
TFS Wheels,,False,M/T,37x12.50R22,,AMP Mud Terrain Attack MT A 37x12.50R22LT,1,450.0,,450.0,,8731324973207,45042122817687,https://shop.app/products/8731324973207/amp-mud-terrain-attack-mt-a-37x12-50r22lt?variantId=45042122817687,shop.app,,,0.0,450.0,free shipping,,450.0
Tacoma Wheels,,False,R/T,33x12.50R22,F,33x12.50R22LT Amp Tires Terrain Attack R/T Tire F Rated 12 Ply,1,357.99,393.79,357.99,,8301955612863,45151982256319,https://shop.app/products/8301955612863/33x12-50r22lt-amp-tires-terrain-attack-r-t-tire-f-rated-12-ply?variantId=45151982256319,shop.app,,,0.0,357.99,free shipping,,357.99
Tacoma Wheels,,False,M/T,35x15.50R22,F,35x15.50R22LT Amp Tires Terrain Attack M/T Tire F Rated 12 Ply,1,486.99,535.69,486.99,,8301956464831,45151983173823,https://shop.app/products/8301956464831/35x15-50r22lt-amp-tires-terrain-attack-m-t-tire-f-rated-12-ply?variantId=45151983173823,shop.app,,,0.0,486.99,free shipping,,486.99
Dually Wheels,,False,Terrain Attack A/T A,33x12.50R22,,33x12.50R22LT/10 Amp Tires Terrain Attack A/T A Tires Set of 6,6,1908.0,2098.8,318.0,,7916248039679,46049271218431,https://shop.app/products/7916248039679/33x12-50r22lt-10-amp-tires-terrain-attack-a-t-a-tires-set-of?variantId=46049271218431,shop.app,,,,,,,318.0
Tacoma Wheels,,False,R/T,33x12.50R22,E,33x12.50R22LT Amp Tires Terrain Attack R/T Tire E Rated 10 Ply,1,336.99,370.69,336.99,,8301955580095,45151982223551,https://shop.app/products/8301955580095/33x12-50r22lt-amp-tires-terrain-attack-r-t-tire-e-rated-10-ply?variantId=45151982223551,shop.app,,,0.0,336.99,free shipping,,336.99
Down East Offroad,,False,R/T,35x12.50R22,,AMP Terrain Attack R/T Tire - 35X12.50R22LT 121Q,1,395.99,,395.99,,14998237151604,54153023816052,https://shop.app/products/14998237151604/amp-terrain-attack-r-t-tire-35x12-50r22lt-121q?variantId=54153023816052,shop.app,,,,,,,395.99
Forge USA,,False,R/T,33x12.50R22,,AMP Terrain Attack R/T LT33X12.50R22,1,376.0,,376.0,,10122097918192,50086604701936,https://shop.app/products/10122097918192/amp-terrain-attack-r-t-lt33x12-50r22?variantId=50086604701936,shop.app,,,,,,,376.0
Forge USA,,False,M/T,325/50R22,,AMP Terrain Attack M/T A LT325/50R22,1,459.0,,459.0,,10122093363440,50086595231984,https://shop.app/products/10122093363440/amp-terrain-attack-m-t-a-lt325-50r22?variantId=50086595231984,shop.app,,,,,,,459.0
Forge USA,,False,R/T,35x12.50R22,,AMP Terrain Attack R/T LT35X12.50R22,1,416.0,,416.0,,10122098114800,50086604931312,https://shop.app/products/10122098114800/amp-terrain-attack-r-t-lt35x12-50r22?variantId=50086604931312,shop.app,,,,,,,416.0
Tacoma Wheels,,False,Terrain Attack A/T A,35x12.50R22,E,35x12.50R22LT Amp Tires Terrain Attack A/T Tire E Rated 10 Ply,1,314.99,346.49,314.99,,8301956104383,45151982747839,https://shop.app/products/8301956104383/35x12-50r22lt-amp-tires-terrain-attack-a-t-tire-e-rated-10-ply?variantId=45151982747839,shop.app,,,0.0,314.99,free shipping,,314.99
eliteracefab.com,,False,R/T,33x12.50R22,,AMP Terrain Attack R/T Tires - 33x12.50R22LT 114Q,1,376.0,,376.0,,9444123639976,55530722918568,https://shop.app/products/9444123639976/amp-terrain-attack-r-t-tires-33x12-50r22lt-114q?variantId=55530722918568,shop.app,,,0.0,376.0,free shipping,,376.0
Tacoma Wheels,,False,Terrain Pro A/T P,285/45R22,D,LT285/45R22 Amp Tires Terrain Pro A/T Tire D Rated 8 Ply,1,285.99,314.59,285.99,,8301954400447,45151981011135,https://shop.app/products/8301954400447/lt285-45r22-amp-tires-terrain-pro-a-t-tire-d-rated-8-ply?variantId=45151981011135,shop.app,,,0.0,285.99,free shipping,,285.99
Wheels Below Retail,,False,M/T,38x15.50R26,,AMP MUD TERRAIN ATTACK MT A 38X15.50R26LT Tires,1,775.0,,775.0,,8073220686059,44017378132203,https://shop.app/products/8073220686059/amp-mud-terrain-attack-mt-a-38x15-50r26lt-tires?variantId=44017378132203,shop.app,,,,,,,775.0
Mach Yeti Racing,,False,Terrain Attack A/T A,37x12.50R20,,AMP Terrain Attack A/T A Tire - 37x12.50R20LT 126R,1,361.99,,361.99,,9799002161236,45266129289300,https://shop.app/products/9799002161236/amp-terrain-attack-a-t-a-tire-37x12-50r20lt-126r?variantId=45266129289300,shop.app,,,,,,,361.99
ClassicAutoStoreOnline.com,,False,M/T,285/55R20,,AMP Terrain Attack M/T Tire - LT285/55R20 122/119Q,1,347.99,,347.99,,15388133130611,62872672436595,https://shop.app/products/15388133130611/amp-terrain-attack-m-t-tire-lt285-55r20-122-119q?variantId=62872672436595,shop.app,,,,,,,347.99
Wheels Below Retail,,False,M/T,37x13.50R20,,AMP MUD TERRAIN ATTACK MT A LT37X13.50R20 Tires,1,478.0,,478.0,,5426290393250,35033305088162,https://shop.app/products/5426290393250/amp-mud-terrain-attack-mt-a-lt37x13-50r20-tires?variantId=35033305088162,shop.app,,,,,,,478.0
JDR-Partsbarn and Sales,,False,Terrain Pro A/T P,275/65R20,,AMP Terrain Pro A/T Tire - LT275/65R20 126/123S,1,292.0,,292.0,,10172980396323,54891593629987,https://shop.app/products/10172980396323/amp-terrain-pro-a-t-tire-lt275-65r20-126-123s?variantId=54891593629987,shop.app,,,,,,,292.0
Gladiator Auto,,False,M/T,35x15.50R24,E,TERRAIN ATTACK M/T A 35X15.50R24 117Q LR E 65PSI MAX,1,496.0,,496.0,,9106319966462,47754429726974,https://shop.com/products/9106319966462/terrain-attack-m-t-a-35x15-50r24-117q-lr-e-65psi-max?variantId=47754429726974,shop.app,,,0.0,496.0,free shipping,,496.0
Forge USA,,False,M/T,38x15.50R26,,AMP Terrain Attack M/T A LT38X15.50R26,1,750.0,,750.0,,10122091397360,50086591135984,https://shop.com/products/10122091397360/amp-terrain-attack-m-t-a-lt38x15-50r26?variantId=50086591135984,shop.app,,,,,,,750.0
TFS Wheels,,False,M/T,35x13.50R26,,AMP Mud Terrain Attack MT A 35x13.50R26LT,1,540.0,,540.0,,8731416985751,45042231279767,https://shop.com/products/8731416985751/amp-mud-terrain-attack-mt-a-35x13-50r26lt?variantId=45042231279767,shop.app,,,0.0,540.0,free shipping,,540.0
Gladiator Auto,,False,M/T,37x13.50R28,F,TERRAIN ATTACK M/T 37X13.50R28 114Q LR F 80PSI MAX,1,859.0,,859.0,,9106319737086,47754429890814,https://shop.com/products/9106319737086/terrain-attack-m-t-37x13-50r28-114q-lr-f-80psi-max?variantId=47754429890814,shop.app,,,0.0,859.0,free shipping,,859.0
Wheel Tire Direct,,True,M/T,35x13.50R24,E,AMP Mud Terrain Attack MT A 35x13.50R24 (Load E),1,371.67,461.0,371.67,,9967266136378,51620227514682,https://shop.com/products/9967266136378/amp-mud-terrain-attack-mt-a-35x13-50r24-load-e?variantId=51620227514682,shop.app,,,,,,,
TA Wheels and Tire,,False,M/T,33x14.50R22,F,AMP Mud Terrain Attack MT A 33X14.50R22 (Load F),1,1550.0,,1550.0,,7970361704496,43025882054704,https://shop.com/products/7970361704496/amp-mud-terrain-attack-mt-a-33x14-50r22-load-f?variantId=43025882054704,shop.app,,,,,,"price looks like a set, not per tire",
BattlegroundOffroadSupply,,False,M/T,305/55R20,,AMP Terrain Attack M/T Tire - LT305/55R20 121/118Q,1,336.99,,336.99,,9988574773496,49645573112056,https://shop.com/products/9988574773496/amp-terrain-attack-m-t-tire-lt305-55r20-121-118q?variantId=49645573112056,shop.app,,,,,,,336.99
Down East Offroad,,False,M/T,37x12.50R22,,AMP Terrain Attack M/T Tire - 37x12.50R22LT 127Q,1,450.0,,450.0,,14998233907572,54153007071604,https://shop.com/products/14998233907572/amp-terrain-attack-m-t-tire-37x12-50r22lt-127q?variantId=54153007071604,shop.app,,,,,,,450.0
Mach Yeti Racing,,False,Terrain Pro A/T P,265/70R17,,AMP Terrain Pro A/T Tire - LT265/70R17 121/118S,1,220.99,,220.99,,9798978994260,45266102911060,https://shop.com/products/9798978994260/amp-terrain-pro-a-t-tire-lt265-70r17-121-118s?variantId=45266102911060,shop.app,,,,,,,220.99
Complete Street Performance,,False,R/T,285/70R17,,Amp Tires 285-7017AMP/RTC - AMP Terrain Attack R/T Tire - LT285/70R17 116/113Q,1,251.99,277.19,251.99,,9986580644118,50065229021462,https://shop.com/products/9986580644118/amp-tires-285-7017amp-rtc-amp-terrain-attack-r-t-tire-lt285-70r17?variantId=50065229021462,shop.app,,,,,,,251.99
Forge USA,,False,R/T,35x12.50R17,,AMP Terrain Attack R/T LT35X12.50R17,1,352.0,,352.0,,10122096935152,50086601982192,https://shop.com/products/10122096935152/amp-terrain-attack-r-t-lt35x12-50r17?variantId=50086601982192,shop.app,,,,,,,352.0
Tacoma Wheels,,False,R/T,35x12.50R17,E,35x12.50R17LT Amp Tires Terrain Attack R/T Tire E Rated 10 Ply,1,344.99,379.49,344.99,,8301955875007,45151982518463,https://shop.com/products/8301955875007/35x12-50r17lt-amp-tires-terrain-attack-r-t-tire-e-rated-10-ply?variantId=45151982518463,shop.app,,,0.0,344.99,free shipping,,344.99
Down East Offroad,,False,Terrain Attack A/T A,35x12.50R22,,AMP Terrain Attack A/T A Tire - 35x12.50R22LT 117R,1,314.99,,314.99,,14998235251060,54153011069300,https://shop.com/products/14998235251060/amp-terrain-attack-a-t-a-tire-35x12-50r22lt-117r?variantId=54153011069300,shop.app,,,,,,,314.99
Down East Offroad,,False,R/T,33x12.50R22,,AMP Terrain Attack R/T Tire - 33X12.50R22LT 114Q,1,357.99,,357.99,,14998237577588,54153025618292,https://shop.com/products/14998237577588/amp-terrain-attack-r-t-tire-33x12-50r22lt-114q?variantId=54153025618292,shop.app,,,,,,,357.99
Renegade Speed by Renegade Racing & Performance,,False,R/T,35x12.50R22,,AMP Tires Terrain Attack R/T 35x12.50R22LT All-Terrain Tire with Load Index 117Q,1,367.99,,367.99,,11068224241937,53601864778001,https://shop.com/products/11068224241937/amp-tires-terrain-attack-r-t-35x12-50r22lt-all-terrain-tire-with-load?variantId=53601864778001,shop.app,,,,,,,367.99
Wheels Below Retail,,False,M/T,33x14.50R22,,AMP MUD TERRAIN ATTACK MT A 33X14.50R22 Tires,1,450.0,,450.0,,5425788616866,35031317676194,https://shop.com/products/5425788616866/amp-mud-terrain-attack-mt-a-33x14-50r22-tires?variantId=35031317676194,shop.app,,,,,,,450.0
Wheel Tire Direct,,True,R/T,33x12.50R20,E,AMP Terrain Attack RT 33x12.50R20LT (Load E),1,276.81,337.0,276.81,,9966522204474,51616700006714,https://shop.com/products/9966522204474/amp-terrain-attack-rt-33x12-50r20lt-load-e?variantId=51616700006714,shop.app,,,,,,,
Complete Street Performance,,False,R/T,35x12.50R22,,Amp Tires 35-125022AMP/RTF - AMP Terrain Attack R/T Tire - 35X12.50R22LT 121Q,1,395.99,435.59,395.99,,9986580513046,50065228955926,https://shop.com/products/9986580513046/amp-tires-35-125022amp-rtf-amp-terrain-attack-r-t-tire-35x12-50r22lt?variantId=50065228955926,shop.app,,,,,,,395.99
Pure Auto Performance,,False,R/T,35x12.50R22,,AMP Terrain Attack R/T Tire - 35X12.50R22LT 117Q,1,367.99,,367.99,,10026082304307,52840060748083,https://shop.com/products/10026082304307/amp-terrain-attack-r-t-tire-35x12-50r22lt-117q?variantId=52840060748083,shop.app,,,,,,,367.99
eliteracefab.com,,False,Terrain Attack A/T A,305/40R22,,AMP Terrain Attack A/T A Tires - 305/40R22,1,277.0,,277.0,,9444122656936,55530718953640,https://shop.com/products/9444122656936/amp-terrain-attack-a-t-a-tires-305-40r22?variantId=55530718953640,shop.app,,,0.0,277.0,free shipping,,277.0
TruckStoreOnline.com,,False,M/T,35x13.50R24,,AMP Terrain Attack M/T Tire - 35x13.50R24LT 112Q,1,473.99,,473.99,,15144893743468,53792917127532,https://shop.com/products/15144893743468/amp-terrain-attack-m-t-tire-35x13-50r24lt-112q?variantId=53792917127532,shop.app,,,107.0,580.99,$107.00/tire (store_shipping.csv),,580.99
Complete Street Performance,,False,Terrain Attack A/T A,305/40R22,,Amp Tires 305-4022AMP/CA3 - AMP Terrain Attack A/T A Tire - 305/40R22 114S,1,268.99,295.89,268.99,,9986578252054,50065225842966,https://shop.com/products/9986578252054/amp-tires-305-4022amp-ca3-amp-terrain-attack-a-t-a-tire-305?variantId=50065225842966,shop.app,,,,,,,268.99
ATOMIC-SHOP Performance Parts & Motorsport Equipment - USA,,False,Terrain Attack A/T A,37x12.50R20,,AMP Terrain Attack A/T A Tire - 37x12.50R20LT 126R,1,361.99,,361.99,,10491626586414,51939884695854,https://shop.com/products/10491626586414/amp-terrain-attack-a-t-a-tire-37x12-50r20lt-126r?variantId=51939884695854,shop.app,,,,,,,361.99
Down East Offroad,,False,M/T,38x13.50R24,,AMP Terrain Attack M/T Tire - 38x13.50R24LT 127Q,1,616.99,,616.99,,14998232269172,54153002680692,https://shop.com/products/14998232269172/amp-terrain-attack-m-t-tire-38x13-50r24lt-127q?variantId=54153002680692,shop.app,,,,,,,616.99
Down East Offroad,,False,R/T,37x13.50R24,,AMP Terrain Attack R/T Tire - 37X13.50R24LT 124Q,1,503.99,,503.99,,14998236594548,54153019982196,https://shop.com/products/14998236594548/amp-terrain-attack-r-t-tire-37x13-50r24lt-124q?variantId=54153019982196,shop.app,,,,,,,503.99
Down East Offroad,,False,M/T,38x15.50R26,,AMP Terrain Attack M/T Tire - 38X15.50R26LT 126P,1,750.0,,750.0,,14998232531316,54153003172212,https://shop.app/products/14998232531316/amp-terrain-attack-m-t-tire-38x15-50r26lt-126p?variantId=54153003172212,shop.app,,,,,,,750.0
TFS Wheels,,False,Terrain Attack A/T A,35x12.50R20,,AMP Terrain Attack AT A 35x12.50R20,1,309.0,,309.0,,8731417936023,45042232230039,https://shop.app/products/8731417936023/amp-terrain-attack-at-a-35x12-50r20?variantId=45042232230039,shop.app,,,0.0,309.0,free shipping,,309.0
Speedzone Performance LLC,,False,M/T,35x12.50R20,,AMP Terrain Attack M/T Tire - 35x12.50R20LT 121Q,1,328.99,,328.99,,7350050324565,42283605590101,https://shop.app/products/7350050324565/amp-terrain-attack-m-t-tire-35x12-50r20lt-121q?variantId=42283605590101,shop.app,,,,,,,328.99
TryBeepbeep,,False,Terrain Attack A/T A,35x12.50R20,E,Terrain Attack AMP 35x12.50R20 A/T A 121R E/10 Ply Tire,1,302.99,,302.99,,10125594951962,51707330068762,https://shop.app/products/10125594951962/terrain-attack-amp-35x12-50r20-a-t-a-121r-e-10-ply-tire?variantId=51707330068762,shop.app,,,0.0,302.99,free shipping,,302.99
Performance Discounters,,False,Terrain Attack A/T A,35x12.50R20,E,35X12.50R20 AMP Terrain Attack A/T All Terrain Tires 121R LRE BSW 35125020,1,309.0,,309.0,,10501914919077,47550942150821,https://shop.app/products/10501914919077/35x12-50r20-amp-terrain-attack-a-t-all-terrain-tires-121r-lre-bsw?variantId=47550942150821,shop.app,,,,,,,309.0
EZ Wheeler,,False,M/T,35x12.50R20,E,TERRAIN ATTACK M/T A 35X12.50R20 121Q LR E 65PSI MAX,1,346.0,,346.0,,9219911778537,50619113505001,https://shop.app/products/9219911778537/terrain-attack-m-t-a-35x12-50r20-121q-lr-e-65psi-max?variantId=50619113505001,shop.app,,,,,,,346.0
Battle Born Offroad,,False,M/T,35x12.50R20,E,20 Inch Terrain Attack M/T A 35X12.50R20 121Q LR E 65PSI Max AMP Tires,1,328.99,,328.99,,8858081493145,48703190728857,https://shop.app/products/8858081493145/20-inch-terrain-attack-m-t-a-35x12-50r20-121q-lr-e-65psi?variantId=48703190728857,shop.app,,,,,,,328.99
BattlegroundOffroadSupply,,False,Terrain Pro A/T P,33x12.50R20,,AMP Terrain Pro A/T Tire - 33X12.50R20LT 114S,1,256.99,,256.99,,9988577231096,49645575602424,https://shop.app/products/9988577231096/amp-terrain-pro-a-t-tire-33x12-50r20lt-114s?variantId=49645575602424,shop.app,,,,,,,256.99
Complete Street Performance,,False,R/T,35x12.50R20,,Amp Tires 35-125020AMP/RTF - AMP Terrain Attack R/T Tire - 35X12.50R20LT 125Q,1,353.99,389.39,353.99,,9986580283670,50065228792086,https://shop.app/products/9986580283670/amp-tires-35-125020amp-rtf-amp-terrain-attack-r-t-tire-35x12-50r20lt?variantId=50065228792086,shop.app,,,,,,,353.99
Speedzone Performance LLC,,False,R/T,35x12.50R22,,AMP Terrain Attack R/T Tire - 35X12.50R22LT 121Q,1,395.99,,395.99,,7350050521173,42283605819477,https://shop.app/products/7350050521173/amp-terrain-attack-r-t-tire-35x12-50r22lt-121q?variantId=42283605819477,shop.app,,,,,,,395.99
Street Driven Performance,,False,R/T,35x12.50R20,,AMP Terrain Attack R/T Tire - 35X12.50R20LT 121Q,1,269.28,334.99,269.28,,10875106033823,62579915096223,https://shop.app/products/10875106033823/amp-terrain-attack-r-t-tire-35x12-50r20lt-121q?variantId=62579915096223,shop.app,,,25.0,294.28,$25.00/tire (store_shipping.csv),,294.28
Destined Industries,,False,M/T,35x12.50R20,,AMP Terrain Attack M/T Tire - 35x12.50R20LT 121Q,1,348.99,,348.99,,8587414536383,46091318657215,https://shop.app/products/8587414536383/amp-terrain-attack-m-t-tire-35x12-50r20lt-121q?variantId=46091318657215,shop.app,,,,,,,348.99
Trail Ops,,False,Terrain Pro A/T P,35x12.50R20,E,AMP Terrain Pro A/T 35x12.50R20LT Load E Tire,1,299.0,,299.0,,9204446527727,47418206453999,https://shop.app/products/9204446527727/amp-terrain-pro-a-t-35x12-50r20lt-load-e-tire?variantId=47418206453999,shop.app,,,,,,,299.0
Flex Offroad,,False,M/T,35x12.50R20,E,35x12.50R20LT AMP Terrain Attack M/T A (Load E) 80psi,1,329.0,,329.0,,9685933457681,49270690709777,https://shop.app/products/9685933457681/35x12-50r20lt-amp-terrain-attack-m-t-a-load-e-80psi?variantId=49270690709777,shop.app,,,,,,,329.0
Speedzone Performance LLC,,False,M/T,35x12.50R18,,AMP Terrain Attack M/T Tire - 35x12.50R18LT 123Q,1,374.0,,374.0,,7350050193493,42283605360725,https://shop.app/products/7350050193493/amp-terrain-attack-m-t-tire-35x12-50r18lt-123q?variantId=42283605360725,shop.app,,,,,,,374.0
Flex Offroad,,False,Terrain Pro A/T P,35x12.50R20,E,35X12.50R20LT AMP Terrain PRO A/T P (Load E) 65psi,1,285.0,,285.0,,9685979463953,49270863790353,https://shop.app/products/9685979463953/35x12-50r20lt-amp-terrain-pro-a-t-p-load-e-65psi?variantId=49270863790353,shop.app,,,,,,,285.0
FR SPORT,,False,M/T,35x12.50R20,,AMP Tires AMP Terrain Attack M/T Tire - 35x12.50R20LT 121Q 35-125020AMP/CM2,1,328.99,,328.99,,8881864409240,47391136645272,https://shop.app/products/8881864409240/amp-tires-amp-terrain-attack-m-t-tire-35x12-50r20lt-121q-35-125020amp?variantId=47391136645272,shop.app,,,,,,,328.99
Forge USA,,False,M/T,35x12.50R20,,AMP Terrain Attack M/T A LT35X12.50R20,1,346.0,,346.0,,10122093428976,50086595297520,https://shop.app/products/10122093428976/amp-terrain-attack-m-t-a-lt35x12-50r20?variantId=50086595297520,shop.app,,,,,,,346.0
MOTORMIA,,False,M/T,35x13.50R24,,AMP Terrain Attack M/T Tire - 35x13.50R24LT 112Q,1,437.99,,437.99,,10469040455992,51835883258168,https://shop.app/products/10469040455992/amp-terrain-attack-m-t-tire-35x13-50r24lt-112q?variantId=51835883258168,shop.app,,,0.0,437.99,free shipping,,437.99
Pure Auto Performance,,False,R/T,35x12.50R20,,AMP Terrain Attack R/T Tire - 35X12.50R20LT 121Q,1,334.99,,334.99,,10025377890611,52837593415987,https://shop.app/products/10025377890611/amp-terrain-attack-r-t-tire-35x12-50r20lt-121q?variantId=52837593415987,shop.app,,,,,,,334.99
Kris Wilcox Racing,,False,M/T,35x12.50R20,,AMP Terrain Attack M/T Tire - 35x12.50R20LT 121Q,1,366.43,,366.43,,14886544736622,53007206121838,https://shop.app/products/14886544736622/amp-terrain-attack-m-t-tire-35x12-50r20lt-121q?variantId=53007206121838,shop.app,,,,,,,366.43
Wheel Tire Direct,,True,M/T,35x12.50R18,E,AMP Mud Terrain Attack MT A 35x12.50R18LT (Load E),1,273.83,374.0,273.83,,9967842328890,51621735727418,https://shop.app/products/9967842328890/amp-mud-terrain-attack-mt-a-35x12-50r18lt-load-e?variantId=51621735727418,shop.app,,,,,,,
797 Offroad,,False,M/T,35x11.50R20,,AMP Terrain Attack M/T Tire - 35X11.50R20LT 124Q,1,343.99,,343.99,,8952084267232,47639716790496,https://shop.app/products/8952084267232/amp-terrain-attack-m-t-tire-35x11-50r20lt-124q?variantId=47639716790496,shop.app,,,,,,,343.99
Down East Offroad,,False,Terrain Pro A/T P,35x12.50R24,,AMP Terrain Pro A/T Tire - 35X12.50R24LT 116R,1,384.0,,384.0,,14998230008180,54152997077364,https://shop.app/products/14998230008180/amp-terrain-pro-a-t-tire-35x12-50r24lt-116r?variantId=54152997077364,shop.app,,,,,,,384.0
Dually Wheels,,False,M/T,35x12.50R20,,35x12.50R20LT/10 Amp Tires Terrain Attack M/T Tires Set of 6,6,2076.0,2283.6,346.0,,7916248858879,46050004369663,https://shop.app/products/7916248858879/35x12-50r20lt-10-amp-tires-terrain-attack-m-t-tires-set-of-6?variantId=46050004369663,shop.app,,,,,,,346.0
Demonic Performance,,False,M/T,35x12.50R18,,AMP Terrain Attack M/T Tire - 35x12.50R18LT 123Q,1,373.99,,373.99,,10603285512476,52970588176668,https://shop.app/products/10603285512476/amp-terrain-attack-m-t-tire-35x12-50r18lt-123q?variantId=52970588176668,shop.app,,,,,,,373.99
EZ Wheeler,,False,R/T,35x12.50R22,F,35X12.50R22LT TERRAIN ATTACK R/T 121Q LR F,1,395.99,416.0,395.99,,9219914465513,50619121893609,https://shop.app/products/9219914465513/35x12-50r22lt-terrain-attack-r-t-121q-lr-f?variantId=50619121893609,shop.app,,,,,,,395.99
Signature Performance,,False,R/T,35x12.50R22,,35x12.50R22LT AMP Terrain Attack R/T Tire,1,416.0,,416.0,,8105874456716,43932431351948,https://shop.app/products/8105874456716/35x12-50r22lt-amp-terrain-attack-r-t-tire?variantId=43932431351948,shop.app,,,,,,,416.0
Gladiator Auto,,False,R/T,35x12.50R22,E,35X12.50R22LT TERRAIN ATTACK R/T 117Q LR E - 35-125022AMP/RTE,1,387.0,,387.0,,9056632340734,47754430644478,https://shop.app/products/9056632340734/35x12-50r22lt-terrain-attack-r-t-117q-lr-e-35-125022amp-rte?variantId=47754430644478,shop.app,,,0.0,387.0,free shipping,,387.0
Legends Auto Parts,,False,Terrain Pro A/T P,35x12.50R24,,AMP Pro AT 35x12.50R24LT,1,549.99,,549.99,,8748694405379,45925339562243,https://shop.app/products/8748694405379/amp-pro-at-35x12-50r24lt?variantId=45925339562243,shop.app,,,,,,,549.99
Late Model Truck,,False,R/T,33x12.50R20,,AMP Terrain Attack R/T Tire - 33X12.50R20LT 114Q,1,320.99,,320.99,,7841427980495,44974624014543,https://shop.app/products/7841427980495/amp-terrain-attack-r-t-tire-33x12-50r20lt-114q?variantId=44974624014543,shop.app,,,,,,,320.99
Late Model Truck,,False,M/T,35x13.50R26,,AMP Terrain Attack M/T Tire - 35x13.50R26LT 117Q,1,512.99,,512.99,,7841428799695,44974625718479,https://shop.app/products/7841428799695/amp-terrain-attack-m-t-tire-35x13-50r26lt-117q?variantId=44974625718479,shop.app,,,,,,,512.99
Custom Trucks Unlimited,,False,Terrain Pro A/T P,33x12.50R20,E,TERRAIN PRO A/T P 33X12.50R20LT 114S LR E 65PSI MAX,1,256.99,270.0,256.99,,8826174439622,45646130512070,https://shop.app/products/8826174439622/terrain-pro-a-t-p-33x12-50r20lt-114s-lr-e-65psi-max?variantId=45646130512070,shop.app,,,,,,,256.99
Speedzone Performance LLC,,False,M/T,33x12.50R20,,AMP Terrain Attack M/T Tire - 33x12.50R20LT 114Q,1,309.99,,309.99,,7350049701973,42283604115541,https://shop.app/products/7350049701973/amp-terrain-attack-m-t-tire-33x12-50r20lt-114q?variantId=42283604115541,shop.app,,,,,,,309.99
SHOPWHEELXPRESS,,False,Terrain Pro A/T P,33x12.50R20,,AMP Pro AT All Terrain 33x12.50R20 Tire,1,289.99,,289.99,,8509369680009,45408417087625,https://shop.app/products/8509369680009/amp-pro-at-all-terrain-33x12-50r20-tire?variantId=45408417087625,shop.app,,,,,,,289.99
Tacoma Wheels,,False,Terrain Pro A/T P,33x12.50R20,E,33x12.50R20LT Amp Tires Terrain Pro A/T Tire E Rated 10 Ply,1,256.99,282.69,256.99,,8301955416255,45151982059711,https://shop.app/products/8301955416255/33x12-50r20lt-amp-tires-terrain-pro-a-t-tire-e-rated-10-ply?variantId=45151982059711,shop.app,,,0.0,256.99,free shipping,,256.99
Gladiator Auto,,False,R/T,33x12.50R20,E,33X12.50R20LT TERRAIN ATTACK R/T 114Q LR E - 33-125020AMP/RTE,1,337.0,,337.0,,9056631652606,47754431496446,https://shop.app/products/9056631652606/33x12-50r20lt-terrain-attack-r-t-114q-lr-e-33-125020amp-rte?variantId=47754431496446,shop.app,,,0.0,337.0,free shipping,,337.0
Myka Racing,,False,M/T,33x12.50R20,E,TERRAIN ATTACK M/T A 33X12.50R20 114Q LR E 65PSI MAX,1,326.0,,326.0,,15300733927728,67837833281840,https://shop.app/products/15300733927728/terrain-attack-m-t-a-33x12-50r20-114q-lr-e-65psi-max?variantId=67837833281840,shop.app,,,,,,,326.0
SPO Supply Co.,,False,Terrain Pro A/T P,33x12.50R20,,20x9 Fuel Blitz 6x5.5 & 33x12.50R20 AMP A/T Pro,1,2999.0,,2999.0,,9235605356709,45960712945829,https://shop.app/products/9235605356709/20x9-fuel-blitz-6x5-5-33x12-50r20-amp-a-t-pro?variantId=45960712945829,shop.app,,,,,,"price looks like a set, not per tire",
Complete Street Performance,,False,R/T,33x12.50R20,,Amp Tires 33-125020AMP/RTE - AMP Terrain Attack R/T Tire - 33X12.50R20LT 114Q,1,320.99,353.09,320.99,,9986580676886,50065228988694,https://shop.app/products/9986580676886/amp-tires-33-125020amp-rte-amp-terrain-attack-r-t-tire-33x12-50r20lt?variantId=50065228988694,shop.app,,,,,,,320.99
FR SPORT,,False,M/T,33x12.50R20,,AMP Tires AMP Terrain Attack M/T Tire - 33x12.50R20LT 114Q 33-125020AMP/CM2,1,309.99,,309.99,,8881864245400,47391136514200,https://shop.app/products/8881864245400/amp-tires-amp-terrain-attack-m-t-tire-33x12-50r20lt-114q-33-125020amp?variantId=47391136514200,shop.app,,,,,,,309.99
SPO Supply Co.,,False,Terrain Pro A/T P,33x12.50R20,,20x10 Fuel Darkstar 6x5.5/ 6x135 8 33x12.50R20 AMP A/T Pro,1,2999.0,,2999.0,,9235572359333,45960673624229,https://shop.app/products/9235572359333/20x10-fuel-darkstar-6x5-5-6x135-8-33x12-50r20-amp-a-t-pro?variantId=45960673624229,shop.app,,,,,,"price looks like a set, not per tire",
Wade Racing Performance LLC,,False,M/T,33x12.50R22,E,Amp Tires 33X12.50 R22 Mud Terrain Attack M/T A 109 Q Lr E - Off-Road Heavy-Duty Tire,1,336.99,,336.99,,14786875982194,60688480371058,https://shop.app/products/14786875982194/amp-tires-33x12-50-r22-mud-terrain-attack-m-t-a-109-q?variantId=60688480371058,shop.app,,,0.0,336.99,free shipping,,336.99
ATOMIC-SHOP Performance Parts & Motorsport Equipment - USA,,False,R/T,33x12.50R22,,AMP Terrain Attack R/T Tire - 33X12.50R22LT 109Q,1,336.99,,336.99,,10491625668910,51939882664238,https://shop.app/products/10491625668910/amp-terrain-attack-r-t-tire-33x12-50r22lt-109q?variantId=51939882664238,shop.app,,,,,,,336.99
Trail Ops,,False,R/T,33x12.50R20,E,AMP Terrain Attack R/T 33x12.50R20LT Load E Tire,1,337.0,,337.0,,9204444496111,47418199703791,https://shop.app/products/9204444496111/amp-terrain-attack-r-t-33x12-50r20lt-load-e-tire?variantId=47418199703791,shop.app,,,,,,,337.0
Speedzone Performance LLC,,False,Terrain Pro A/T P,33x12.50R24,,AMP Terrain Pro A/T Tire - 33x12.50R24LT 106R,1,350.99,,350.99,,7350049931349,42283604770901,https://shop.app/products/7350049931349/amp-terrain-pro-a-t-tire-33x12-50r24lt-106r?variantId=42283604770901,shop.app,,,,,,,350.99
Black Patch Performance,,False,Terrain Pro A/T P,305/55R20,E,LT305/55R20 TERRAIN PRO A/T Load Range E,1,289.0,,289.0,,7070311678039,40739070312535,https://shop.app/products/7070311678039/lt305-55r20-terrain-pro-a-t-load-range-e?variantId=40739070312535,shop.app,,,,,,,289.0
EZ Wheeler,,False,Terrain Pro A/T P,33x12.50R24,F,TERRAIN PRO A/T P 33X12.50R24LT 106R LR F 80PSI MAX,1,350.99,358.0,350.99,,9219912630505,50619115995369,https://shop.app/products/9219912630505/terrain-pro-a-t-p-33x12-50r24lt-106r-lr-f-80psi-max?variantId=50619115995369,shop.app,,,,,,,350.99
RAV Performance,,False,R/T,33x12.50R22,,AMP Terrain Attack R/T Tire - 33X12.50R22LT 109Q,1,336.99,,336.99,,9455577039093,47431095255285,https://shop.app/products/9455577039093/amp-terrain-attack-r-t-tire-33x12-50r22lt-109q?variantId=47431095255285,shop.app,,,,,,,336.99
Speedzone Performance LLC,,False,Terrain Attack A/T A,33x12.50R22,,AMP Terrain Attack A/T A Tire - 33x12.50R22LT 109R?,1,302.99,,302.99,,7350049800277,42283604279381,https://shop.app/products/7350049800277/amp-terrain-attack-a-t-a-tire-33x12-50r22lt-109r?variantId=42283604279381,shop.app,,,,,,,302.99
SHOPWHEELXPRESS,,False,Terrain Attack A/T A,33x12.50R22,,AMP Terrain Attack AT A All Terrain 33x12.50R22 Tire,1,332.83,,332.83,,8513430454409,45420403654793,https://shop.app/products/8513430454409/amp-terrain-attack-at-a-all-terrain-33x12-50r22-tire?variantId=45420403654793,shop.app,,,,,,,332.83
Signature Performance,,False,R/T,33x12.50R22,,33x12.50R22LT AMP Terrain Attack R/T Tire,1,354.0,,354.0,,8111620423820,43953185849484,https://shop.app/products/8111620423820/33x12-50r22lt-amp-terrain-attack-r-t-tire?variantId=43953185849484,shop.app,,,,,,,354.0
797 Offroad,,False,Terrain Pro A/T P,33x12.50R24,,AMP Terrain Pro A/T Tire - 33x12.50R24LT 106R,1,350.99,,350.99,,8952084103392,47639716462816,https://shop.app/products/8952084103392/amp-terrain-pro-a-t-tire-33x12-50r24lt-106r?variantId=47639716462816,shop.app,,,,,,,350.99
Trail Ops,,False,Terrain Pro A/T P,305/55R20,E,AMP Terrain Pro A/T LT305/55R20 Load E Tire,1,289.0,,289.0,,9204446396655,47418206126319,https://shop.app/products/9204446396655/amp-terrain-pro-a-t-lt305-55r20-load-e-tire?variantId=47418206126319,shop.app,,,,,,,289.0
MOTORMIA,,False,Terrain Attack A/T A,33x12.50R20,E,TWG TERRAIN ATTACK M T A 33X12.50R20 114Q LR E 65PSI MAX,1,303.78,,303.78,,10632529903928,52121730416952,https://shop.app/products/10632529903928/twg-terrain-attack-m-t-a-33x12-50r20-114q-lr-e-65psi-max?variantId=52121730416952,shop.app,,,0.0,303.78,free shipping,,303.78
Late Model Truck,,False,R/T,35x12.50R17,,AMP Terrain Attack R/T Tire - 35X12.50R17LT 125Q,1,344.99,,344.99,,7841428340943,44974624800975,https://shop.app/products/7841428340943/amp-terrain-attack-r-t-tire-35x12-50r17lt-125q?variantId=44974624800975,shop.app,,,,,,,344.99
Down East Offroad,,False,Terrain Pro A/T P,325/60R20,,AMP Terrain Pro A/T Tire - LT325/60R20 126/123S,1,368.99,,368.99,,14998230204788,54152997241204,https://shop.app/products/14998230204788/amp-terrain-pro-a-t-tire-lt325-60r20-126-123s?variantId=54152997241204,shop.app,,,,,,,368.99
Speedzone Performance LLC,,False,Terrain Pro A/T P,275/65R20,,AMP Terrain Pro A/T Tire - LT275/65R20 126/123S,1,292.0,,292.0,,7350048620629,42283600937045,https://shop.app/products/7350048620629/amp-terrain-pro-a-t-tire-lt275-65r20-126-123s?variantId=42283600937045,shop.app,,,,,,,292.0
Forge USA,,False,Terrain Pro A/T P,275/55R20,,AMP Terrain Pro A/T LT275/55R20,1,241.0,,241.0,,10122090447088,50086589071600,https://shop.app/products/10122090447088/amp-terrain-pro-a-t-lt275-55r20?variantId=50086589071600,shop.app,,,,,,,241.0
K2 Industries,,False,M/T,37x13.50R24,,AMP Terrain Attack M/T Tire - 37x13.50R24LT 120Q,1,487.99,,487.99,,8607067209962,45752243585258,https://shop.app/products/8607067209962/amp-terrain-attack-m-t-tire-37x13-50r24lt-120q?variantId=45752243585258,shop.app,,,,,,,487.99
Ocean Rock Audio,,False,M/T,37x13.50R28,,Amp Tires 37X13.50XR28 Terrain Attack M/t - Automobile Tires,1,858.99,,858.99,,9431150461153,48173651886305,https://shop.app/products/9431150461153/amp-tires-37x13-50xr28-terrain-attack-m-t-automobile-tires?variantId=48173651886305,shop.app,,,,,,,858.99
CWO,,False,M/T,37x13.50R20,E,37x13.50R20LT Amp Tires Terrain Attack M/T 127Q LRE Black Wall Tire,1,556.99,,556.99,,10122309042489,51952033694009,https://shop.app/products/10122309042489/37x13-50r20lt-amp-tires-terrain-attack-m-t-127q-lre-black-wall-tire?variantId=51952033694009,shop.app,,,0.0,556.99,free shipping,,556.99
FR SPORT,,False,M/T,37x13.50R26,,AMP Tires AMP Terrain Attack M/T Tire - 37x13.50R26LT 117Q 37-135026AMP/CM2F,1,550.99,,550.99,,8881865130136,47391137431704,https://shop.app/products/8881865130136/amp-tires-amp-terrain-attack-m-t-tire-37x13-50r26lt-117q-37-135026amp?variantId=47391137431704,shop.app,,,,,,,550.99
SHOPWHEELXPRESS,,False,Terrain Pro A/T P,35x12.50R20,,AMP Pro AT All Terrain 35x12.50R20 Tire,1,324.35,,324.35,,8508624470153,45406600429705,https://shop.app/products/8508624470153/amp-pro-at-all-terrain-35x12-50r20-tire?variantId=45406600429705,shop.app,,,,,,,324.35
eliteracefab.com,,False,Terrain Pro A/T P,35x12.50R20,,AMP Terrain Pro A/T P Tires - 35x12.50R20LT,1,299.0,,299.0,,9444124229800,55530725507240,https://shop.app/products/9444124229800/amp-terrain-pro-a-t-p-tires-35x12-50r20lt?variantId=55530725507240,shop.app,,,0.0,299.0,free shipping,,299.0
797 Offroad,,False,R/T,37x13.50R24,,AMP Terrain Attack R/T Tire - 37X13.50R24LT 120Q,1,483.99,,483.99,,8952085086432,47639718396128,https://shop.app/products/8952085086432/amp-terrain-attack-r-t-tire-37x13-50r24lt-120q?variantId=47639718396128,shop.app,,,,,,,483.99
Flex Offroad,,False,Terrain Attack A/T A,37x12.50R20,E,37x12.50R20LT AMP Terrain Attack A/T A (Load E) 65psi,1,362.0,,362.0,,9685094105361,49267998490897,https://shop.app/products/9685094105361/37x12-50r20lt-amp-terrain-attack-a-t-a-load-e-65psi?variantId=49267998490897,shop.app,,,,,,,362.0
PETER'S CAR PARTS,,False,M/T,37x13.50R26,,AMP Terrain Attack M/T Tire - 37x13.50R26LT 117Q,1,551.15,,551.15,,9835710841138,49988693885234,https://shop.app/products/9835710841138/amp-terrain-attack-m-t-tire-37x13-50r26lt-117q?variantId=49988693885234,shop.app,,,,,,,551.15
Wheels Below Retail,,False,M/T,37x13.50R24,,AMP MUD TERRAIN ATTACK MT A 37X13.50R24 Tires,1,538.0,,538.0,,5426292359330,35033315049634,https://shop.app/products/5426292359330/amp-mud-terrain-attack-mt-a-37x13-50r24-tires?variantId=35033315049634,shop.app,,,,,,,538.0
CWO,,False,Terrain Attack A/T A,37x12.50R20,E,37x12.50R20LT Amp Tires Terrain Attack A/T 126R LRE Black Wall Tire,1,482.99,,482.99,,10122310615353,51952035627321,https://shop.app/products/10122310615353/37x12-50r20lt-amp-tires-terrain-attack-a-t-126r-lre-black-wall-tire?variantId=51952035627321,shop.app,,,0.0,482.99,free shipping,,482.99
Signature Performance,,False,M/T,37x13.50R24,,37x13.50R24LT AMP Terrain Attack M/T Tire,1,513.0,,513.0,,8111625306252,43953194041484,https://shop.app/products/8111625306252/37x13-50r24lt-amp-terrain-attack-m-t-tire?variantId=43953194041484,shop.app,,,,,,,513.0
Complete Street Performance,,False,M/T,37x13.50R22,,Amp Tires 37-135022AMP/CM2 - AMP Terrain Attack M/T Tire - 37x13.50R22LT 123Q,1,468.99,515.89,468.99,,9986579300630,50065227546902,https://shop.app/products/9986579300630/amp-tires-37-135022amp-cm2-amp-terrain-attack-m-t-tire-37x13-50r22lt?variantId=50065227546902,shop.app,,,,,,,468.99
Flex Offroad,,False,M/T,37x13.50R28,F,37X13.50R28LT AMP Terrain Attack M/T A (Load F) 80psi,1,859.0,,859.0,,9685883486481,49270495215889,https://shop.app/products/9685883486481/37x13-50r28lt-amp-terrain-attack-m-t-a-load-f-80psi?variantId=49270495215889,shop.app,,,,,,,859.0
797 Offroad,,False,R/T,37x13.50R24,,AMP Terrain Attack R/T Tire - 37X13.50R24LT 124Q,1,503.99,,503.99,,8952085119200,47639718461664,https://shop.app/products/8952085119200/amp-terrain-attack-r-t-tire-37x13-50r24lt-124q?variantId=47639718461664,shop.app,,,,,,,503.99
Gladiator Auto,,False,M/T,37x13.50R24,E,TERRAIN ATTACK M/T A 37X13.50R24 120Q LR E 65PSI MAX - 37-135024AMP/CM2,1,513.0,,513.0,,9056632766718,47754430185726,https://shop.app/products/9056632766718/terrain-attack-m-t-a-37x13-50r24-120q-lr-e-65psi-max-37?variantId=47754430185726,shop.app,,,0.0,513.0,free shipping,,513.0
Street Driven Performance,,False,M/T,35x13.50R24,,AMP Terrain Attack M/T Tire - 35x13.50R24LT 112Q,1,352.67,437.99,352.67,,10875106230431,62579915554975,https://shop.app/products/10875106230431/amp-terrain-attack-m-t-tire-35x13-50r24lt-112q?variantId=62579915554975,shop.app,,,25.0,377.67,$25.00/tire (store_shipping.csv),,377.67
TruckStoreOnline.com,,False,Terrain Attack A/T A,37x12.50R20,,AMP Tires 1992-2001 AM General Hummer Base AMP Terrain Attack A Tire 37x12.50R20LT 126R,1,412.99,,412.99,,15115332878700,53718391554412,https://shop.app/products/15115332878700/amp-tires-1992-2001-am-general-hummer-base-amp-terrain-attack-a-tire?variantId=53718391554412,shop.app,,,107.0,519.99,$107.00/tire (store_shipping.csv),,519.99
Red 5 Garage,,False,M/T,35x11.50R20,,AMP Terrain Attack M/T Tire - 35X11.50R20LT 124Q,1,343.99,,343.99,,7938475819051,44152675762219,https://shop.app/products/7938475819051/amp-terrain-attack-m-t-tire-35x11-50r20lt-124q?variantId=44152675762219,shop.app,,,,,,,343.99
Red 5 Garage,,False,R/T,35x12.50R17,,AMP Terrain Attack R/T Tire - 35X12.50R17LT 125Q,1,344.99,,344.99,,7938475851819,44152675827755,https://shop.app/products/7938475851819/amp-terrain-attack-r-t-tire-35x12-50r17lt-125q?variantId=44152675827755,shop.app,,,,,,,344.99
JDR-Partsbarn and Sales,,False,Terrain Attack A/T A,285/70R17,,AMP Terrain Attack A/T A Tire - LT285/70R17 121/118R,1,221.0,,221.0,,10172961423651,54891574493475,https://shop.app/products/10172961423651/amp-terrain-attack-a-t-a-tire-lt285-70r17-121-118r?variantId=54891574493475,shop.app,,,,,,,221.0
Speedzone Performance LLC,,False,Terrain Attack A/T A,265/70R17,,AMP Terrain Attack A/T A Tire - LT265/70R17 121/118S,1,205.99,,205.99,,7350048424021,42283600478293,https://shop.app/products/7350048424021/amp-terrain-attack-a-t-a-tire-lt265-70r17-121-118s?variantId=42283600478293,shop.app,,,,,,,205.99
TFS Wheels,,False,Terrain Attack A/T A,35x12.50R22,,AMP Terrain Attack AT A 35x12.50R22,1,331.0,,331.0,,8731417346199,45042231640215,https://shop.com/products/8731417346199/amp-terrain-attack-at-a-35x12-50r22?variantId=45042231640215,shop.app,,,0.0,331.0,free shipping,,331.0
Tacoma Wheels,,False,R/T,35x12.50R22,E,35x12.50R22LT Amp Tires Terrain Attack R/T Tire E Rated 10 Ply,1,367.99,404.79,367.99,,8301956137151,45151982780607,https://shop.com/products/8301956137151/35x12-50r22lt-amp-tires-terrain-attack-r-t-tire-e-rated-10-ply?variantId=45151982780607,shop.app,,,0.0,367.99,free shipping,,367.99
Maxxed Diesel,,False,R/T,35x12.50R22,,AMP Terrain Attack R/T Tire - 35X12.50R22LT 117Q,1,367.99,,367.99,,9497915359469,50414822359277,https://shop.com/products/9497915359469/amp-terrain-attack-r-t-tire-35x12-50r22lt-117q?variantId=50414822359277,shop.app,,,,,,,367.99
MOTORMIA,,False,Terrain Attack A/T A,35x12.50R22,,35X12.50R22 TERRAIN ATTACK A/T A 12,1,331.0,,331.0,,10635991974200,52125280436536,https://shop.com/products/10635991974200/35x12-50r22-terrain-attack-a-t-a-12?variantId=52125280436536,shop.app,,,0.0,331.0,free shipping,,331.0
CA Auto Parts,,False,R/T,35x12.50R22,,Terrain Attack R/T Tire <br> 35X12.50R22LT 121Q,1,395.99,,395.99,,15026195497323,53284677910891,https://shop.com/products/15026195497323/terrain-attack-r-t-tire-br-35x12-50r22lt-121q?variantId=53284677910891,shop.app,,,,,,,395.99
797 Offroad,,False,R/T,35x12.50R22,,AMP Terrain Attack R/T Tire - 35X12.50R22LT 121Q,1,395.99,,395.99,,8952084660448,47639717544160,https://shop.com/products/8952084660448/amp-terrain-attack-r-t-tire-35x12-50r22lt-121q?variantId=47639717544160,shop.app,,,,,,,395.99
MOTORMIA,,False,M/T,35x15.50R22,,AMP Terrain Attack M/T Tire - 35x15.50R22LT 125Q,1,487.0,,487.0,,10469033935160,51835876737336,https://shop.com/products/10469033935160/amp-terrain-attack-m-t-tire-35x15-50r22lt-125q?variantId=51835876737336,shop.app,,,0.0,487.0,free shipping,,487.0
BattlegroundOffroadSupply,,False,R/T,33x12.50R22,,AMP Terrain Attack R/T Tire - 33X12.50R22LT 114Q,1,357.99,,357.99,,9988577722616,49645576159480,https://shop.com/products/9988577722616/amp-terrain-attack-r-t-tire-33x12-50r22lt-114q?variantId=49645576159480,shop.app,,,,,,,357.99
EZ Wheeler,,False,M/T,325/50R22,E,TERRAIN ATTACK M/T A 325/50R22 122Q LR E 65PSI MAX,1,459.0,,459.0,,9219913548009,50619120124137,https://shop.com/products/9219913548009/terrain-attack-m-t-a-325-50r22-122q-lr-e-65psi-max?variantId=50619120124137,shop.app,,,,,,,459.0
Next Level Performance,,False,M/T,325/50R22,,AMP Terrain Attack M/T Tire - LT325/50R22 122Q,1,436.99,,436.99,,9618273140887,47847820656791,https://shop.com/products/9618273140887/amp-terrain-attack-m-t-tire-lt325-50r22-122q?variantId=47847820656791,shop.app,,,20.0,456.99,$20.00/tire (store_shipping.csv),,456.99
MOTORMIA,,False,R/T,35x12.50R22,,35X12.50R22LT TERRAIN ATTACK R/T 12,1,416.0,,416.0,,10634948968760,52124235333944,https://shop.com/products/10634948968760/35x12-50r22lt-terrain-attack-r-t-12?variantId=52124235333944,shop.app,,,0.0,416.0,free shipping,,416.0
Custom Trucks Unlimited,,False,R/T,35x12.50R20,F,35X12.50R20LT TERRAIN ATTACK R/T 125Q LR F,1,353.99,372.0,353.99,,8826174505158,45646130643142,https://shop.com/products/8826174505158/35x12-50r20lt-terrain-attack-r-t-125q-lr-f?variantId=45646130643142,shop.app,,,,,,,353.99
Kris Wilcox Racing,,False,M/T,35x15.50R22,,AMP Terrain Attack M/T Tire - 35x15.50R22LT 125Q,1,571.2,,571.2,,14886545097070,53007206842734,https://shop.com/products/14886545097070/amp-terrain-attack-m-t-tire-35x15-50r22lt-125q?variantId=53007206842734,shop.app,,,,,,,571.2
FR SPORT,,False,M/T,35x15.50R22,,AMP Tires AMP Terrain Attack M/T Tire - 35x15.50R22LT 125Q 35-155022AMP/CM2F,1,486.99,,486.99,,8881864540312,47391136841880,https://shop.com/products/8881864540312/amp-tires-amp-terrain-attack-m-t-tire-35x15-50r22lt-125q-35-155022amp?variantId=47391136841880,shop.app,,,,,,,486.99
AutoHouseSupply,,False,R/T,33x12.50R22,,AMP Terrain Attack R/T Tire - 33X12.50R22LT 114Q,1,357.99,,357.99,,10304034439460,51514739163428,https://shop.com/products/10304034439460/amp-terrain-attack-r-t-tire-33x12-50r22lt-114q?variantId=51514739163428,shop.app,,,,,,,357.99
Wheel Tire Direct,,True,Terrain Pro A/T P,295/50R22,E,AMP Pro AT LT295/50R22 (Load E),1,296.0,330.0,296.0,,9965960724794,51613860823354,https://shop.com/products/9965960724794/amp-pro-at-lt295-50r22-load-e?variantId=51613860823354,shop.app,,,,,,,
eliteracefab.com,,False,Terrain Attack A/T A,35x12.50R20,,AMP Terrain Attack A/T A Tires - 35x12.50R20LT,1,309.0,,309.0,,9444124295336,55530725834920,https://shop.com/products/9444124295336/amp-terrain-attack-a-t-a-tires-35x12-50r20lt?variantId=55530725834920,shop.app,,,0.0,309.0,free shipping,,309.0
Street Driven Performance,,False,M/T,33x12.50R22,,AMP Terrain Attack M/T Tire - 33x12.50R22LT 109Q,1,270.82,336.99,270.82,,10875105575071,62579914145951,https://shop.com/products/10875105575071/amp-terrain-attack-m-t-tire-33x12-50r22lt-109q?variantId=62579914145951,shop.app,,,25.0,295.82,$25.00/tire (store_shipping.csv),,295.82
Signature Performance,,False,Terrain Pro A/T P,285/55R22,,LT285/55R22 AMP Terrain Pro A/T Tire,1,338.0,,338.0,,8105876193420,43932432990348,https://shop.com/products/8105876193420/lt285-55r22-amp-terrain-pro-a-t-tire?variantId=43932432990348,shop.app,,,,,,,338.0
TruckStoreOnline.com,,False,Terrain Attack A/T A,35x12.50R22,,AMP Tires 2008-2026 Ford Bronco AMP Terrain Attack A Tire 35x12.50R22LT 117R,1,339.99,,339.99,,15115332714860,53718391390572,https://shop.com/products/15115332714860/amp-tires-2008-2026-ford-bronco-amp-terrain-attack-a-tire-35x12-50r22lt?variantId=53718391390572,shop.app,,,107.0,446.99,$107.00/tire (store_shipping.csv),,446.99
CWO,,False,M/T,37x13.50R22,E,37x13.50R22LT Amp Tires Terrain Attack M/T 123Q LRE Black Wall Tire,1,586.99,,586.99,,10122310746425,51952035660089,https://shop.com/products/10122310746425/37x13-50r22lt-amp-tires-terrain-attack-m-t-123q-lre-black-wall-tire?variantId=51952035660089,shop.app,,,0.0,586.99,free shipping,,586.99
PETER'S CAR PARTS,,False,R/T,35x12.50R20,,AMP Terrain Attack R/T Tire - 35X12.50R20LT 125Q,1,354.09,,354.09,,9835710251314,49988692607282,https://shop.com/products/9835710251314/amp-terrain-attack-r-t-tire-35x12-50r20lt-125q?variantId=49988692607282,shop.app,,,,,,,354.09
Kris Wilcox Racing,,False,M/T,33x12.50R22,,AMP Terrain Attack M/T Tire - 33x12.50R22LT 109Q,1,374.77,,374.77,,14886544310638,53007205269870,https://shop.com/products/14886544310638/amp-terrain-attack-m-t-tire-33x12-50r22lt-109q?variantId=53007205269870,shop.app,,,,,,,374.77
Pure Auto Performance,,False,M/T,285/65R18,,AMP Terrain Attack M/T Tire - LT285/65R18 125/122Q,1,329.0,,329.0,,10238154473779,53509949161779,https://shop.com/products/10238154473779/amp-terrain-attack-m-t-tire-lt285-65r18-125-122q?variantId=53509949161779,shop.app,,,,,,,329.0
Gladiator Auto,,False,M/T,37x13.50R22,E,TERRAIN ATTACK M/T A 37X13.50R22 123Q LR E 65PSI MAX - 37-135022AMP/CM2,1,493.0,,493.0,,9056632635646,47754430316798,https://shop.com/products/9056632635646/terrain-attack-m-t-a-37x13-50r22-123q-lr-e-65psi-max-37?variantId=47754430316798,shop.app,,,0.0,493.0,free shipping,,493.0
Tacoma Wheels,,False,M/T,37x13.50R22,E,37x13.50R22LT Amp Tires Terrain Attack M/T Tire E Rated 10 Ply,1,468.99,515.89,468.99,,8301956661439,45151983370431,https://shop.com/products/8301956661439/37x13-50r22lt-amp-tires-terrain-attack-m-t-tire-e-rated-10-ply?variantId=45151983370431,shop.app,,,0.0,468.99,free shipping,,468.99
Myka Racing,,False,M/T,37x13.50R22,E,TERRAIN ATTACK M/T A 37X13.50R22 123Q LR E 65PSI MAX,1,493.0,,493.0,,15300750049584,67837873750320,https://shop.com/products/15300750049584/terrain-attack-m-t-a-37x13-50r22-123q-lr-e-65psi-max?variantId=67837873750320,shop.app,,,,,,,493.0
797 Offroad,,False,M/T,37x13.50R22,,AMP Terrain Attack M/T Tire - 37x13.50R22LT 123Q,1,468.99,,468.99,,8952085020896,47639718265056,https://shop.com/products/8952085020896/amp-terrain-attack-m-t-tire-37x13-50r22lt-123q?variantId=47639718265056,shop.app,,,,,,,468.99
Forge USA,,False,M/T,37x12.50R22,,AMP Terrain Attack M/T A LT37X12.50R22,1,450.0,,450.0,,10122093232368,50086595100912,https://shop.com/products/10122093232368/amp-terrain-attack-m-t-a-lt37x12-50r22?variantId=50086595100912,shop.app,,,,,,,450.0
MOTORMIA,,False,Terrain Attack A/T A,37x13.50R22,E,TWG TERRAIN ATTACK M T A 37X13.50R22 123Q LR E 65PSI MAX,1,459.39,,459.39,,10632861548856,52122065797432,https://shop.com/products/10632861548856/twg-terrain-attack-m-t-a-37x13-50r22-123q-lr-e-65psi-max?variantId=52122065797432,shop.app,,,0.0,459.39,free shipping,,459.39
Red 5 Garage,,False,M/T,37x13.50R26,,AMP Terrain Attack M/T Tire - 37x13.50R26LT 117Q,1,550.99,,550.99,,7938476408875,44152677302315,https://shop.com/products/7938476408875/amp-terrain-attack-m-t-tire-37x13-50r26lt-117q?variantId=44152677302315,shop.app,,,,,,,550.99
Mach Yeti Racing,,False,M/T,37x13.50R26,,AMP Terrain Attack M/T Tire - 37x13.50R26LT 117Q,1,550.99,,550.99,,9799004782676,45266132041812,https://shop.com/products/9799004782676/amp-terrain-attack-m-t-tire-37x13-50r26lt-117q?variantId=45266132041812,shop.app,,,,,,,550.99
Gladiator Auto,,False,R/T,37x13.50R24,E,37X13.50R24LT TERRAIN ATTACK R/T 120Q LR E - 37-135024AMP/RTE,1,509.0,,509.0,,9056632668414,47754430284030,https://shop.com/products/9056632668414/37x13-50r24lt-terrain-attack-r-t-120q-lr-e-37-135024amp-rte?variantId=47754430284030,shop.app,,,0.0,509.0,free shipping,,509.0
Wheels Below Retail,,False,Terrain Attack A/T A,305/40R22,,AMP TERRAIN ATTACK AT A 305X40R22 (31.6X12R 22) Tires,1,302.0,,302.0,,8073220292843,44017377575147,https://shop.com/products/8073220292843/amp-terrain-attack-at-a-305x40r22-31-6x12r-22-tires?variantId=44017377575147,shop.app,,,,,,,302.0
Pure Auto Performance,,False,M/T,37x13.50R26,,AMP Terrain Attack M/T Tire - 37x13.50R26LT 117Q,1,551.0,,551.0,,10188621938995,53395164823859,https://shop.com/products/10188621938995/amp-terrain-attack-m-t-tire-37x13-50r26lt-117q?variantId=53395164823859,shop.app,,,,,,,551.0
Street Driven Performance,,False,M/T,33x14.50R22,,AMP Terrain Attack M/T Tire - 33x14.50R22LT 117Q,1,379.31,424.99,379.31,,10875105771679,62579914539167,https://shop.com/products/10875105771679/amp-terrain-attack-m-t-tire-33x14-50r22lt-117q?variantId=62579914539167,shop.app,,,25.0,404.31,$25.00/tire (store_shipping.csv),,404.31
BattlegroundOffroadSupply,,False,M/T,35x15.50R22,,AMP Terrain Attack M/T Tire - 35x15.50R22LT 125Q,1,486.99,,486.99,,9988578509048,49645577634040,https://shop.com/products/9988578509048/amp-terrain-attack-m-t-tire-35x15-50r22lt-125q?variantId=49645577634040,shop.app,,,,,,,486.99
Next Level Performance,,False,R/T,35x12.50R22,,AMP Terrain Attack R/T Tire - 35X12.50R22LT 121Q,1,395.99,,395.99,,9562143588503,47624125546647,https://shop.com/products/9562143588503/amp-terrain-attack-r-t-tire-35x12-50r22lt-121q?variantId=47624125546647,shop.app,,,20.0,415.99,$20.00/tire (store_shipping.csv),,415.99
CWO,,False,M/T,37x13.50R26,F,37x13.50R26LT Amp Tires Terrain Attack M/T 117Q LRF Black Wall Tire,1,632.99,,632.99,,10122310943033,51952035856697,https://shop.com/products/10122310943033/37x13-50r26lt-amp-tires-terrain-attack-m-t-117q-lrf-black-wall-tire?variantId=51952035856697,shop.app,,,0.0,632.99,free shipping,,632.99
BattlegroundOffroadSupply,,False,R/T,35x12.50R22,,AMP Terrain Attack R/T Tire - 35X12.50R22LT 121Q,1,395.99,,395.99,,9988578312440,49645577240824,https://shop.com/products/9988578312440/amp-terrain-attack-r-t-tire-35x12-50r22lt-121q?variantId=49645577240824,shop.app,,,,,,,395.99
AutoHouseSupply,,False,M/T,33x12.50R22,,AMP Terrain Attack M/T Tire - 33x12.50R22LT 109Q,1,336.99,,336.99,,10304034341156,51514738770212,https://shop.com/products/10304034341156/amp-terrain-attack-m-t-tire-33x12-50r22lt-109q?variantId=51514738770212,shop.app,,,,,,,336.99
PETER'S CAR PARTS,,False,R/T,37x13.50R24,,AMP Terrain Attack R/T Tire - 37X13.50R24LT 124Q,1,504.13,,504.13,,9835710808370,49988693819698,https://shop.com/products/9835710808370/amp-terrain-attack-r-t-tire-37x13-50r24lt-124q?variantId=49988693819698,shop.app,,,,,,,504.13
Tires Nation,,False,Terrain Attack A/T A,305/40R22,,Amp Terrain Attack A/T A 305/40R22 114S Tire,1,277.0,383.46,277.0,,10465100235042,52390032933154,https://shop.com/products/10465100235042/amp-terrain-attack-a-t-a-305-40r22-114s-tire?variantId=52390032933154,shop.app,,,,,,,277.0
Down East Offroad,,False,Terrain Pro A/T P,33x12.50R24,,AMP Terrain Pro A/T Tire - 33x12.50R24LT 106R,1,350.99,,350.99,,14998230434164,54152997601652,https://shop.com/products/14998230434164/amp-terrain-pro-a-t-tire-33x12-50r24lt-106r?variantId=54152997601652,shop.app,,,,,,,350.99
Signature Performance,,False,Terrain Pro A/T P,33x12.50R24,,33x12.50R24LT AMP Terrain Pro A/T Tire,1,358.0,,358.0,,8111626256524,43953195188364,https://shop.com/products/8111626256524/33x12-50r24lt-amp-terrain-pro-a-t-tire?variantId=43953195188364,shop.app,,,,,,,358.0
Tacoma Wheels,,False,Terrain Pro A/T P,33x12.50R24,F,33x12.50R24LT Amp Tires Terrain Pro A/T Tire F Rated 12 Ply,1,350.99,386.09,350.99,,8301955645631,45151982289087,https://shop.com/products/8301955645631/33x12-50r24lt-amp-tires-terrain-pro-a-t-tire-f-rated-12-ply?variantId=45151982289087,shop.app,,,0.0,350.99,free shipping,,350.99
Battle Born Offroad,,False,M/T,33x13.50R24,F,24 Inch Terrain Attack M/T A 33X13.50R24LT 121Q LR F 80PSI Max AMP Tires,1,391.99,,391.99,,8892836577433,48849396138137,https://shop.com/products/8892836577433/24-inch-terrain-attack-m-t-a-33x13-50r24lt-121q-lr-f-80psi?variantId=48849396138137,shop.app,,,,,,,391.99
PERFORMANCE MODS,,False,M/T,33x12.50R22,,AMP Tires 33-125022AMP/CM2 AMP Terrain Attack M/T Tire - 33x12.50R22LT 109Q,1,354.0,,354.0,,8149781774522,44920712954042,https://shop.com/products/8149781774522/amp-tires-33-125022amp-cm2-amp-terrain-attack-m-t-tire-33x12-50r22lt?variantId=44920712954042,shop.app,,,,,,,354.0
SPO Supply Co.,,False,Terrain Pro A/T P,33x12.50R24,,24x12 Fuel Forged FF019 GBM 8x170 & 33x12.50R24 AMP A/T Pro,1,4499.0,,4499.0,,9234633228453,45958287917221,https://shop.com/products/9234633228453/24x12-fuel-forged-ff019-gbm-8x170-33x12-50r24-amp-a-t-pro?variantId=45958287917221,shop.app,,,,,,"price looks like a set, not per tire",
Dually Wheels,,False,Terrain Pro A/T P,33x12.50R24,,33x12.50R24LT/12 Amp Tires Terrain Pro A/T Tires Set of 6,6,2148.0,2362.8,358.0,,7916248170751,43681057636607,https://shop.com/products/7916248170751/33x12-50r24lt-12-amp-tires-terrain-pro-a-t-tires-set-of-6?variantId=43681057636607,shop.app,,,,,,,358.0
Trail Ops,,False,M/T,33x13.50R24,F,AMP Terrain Attack M/T 33x13.50R24LT Load F Tire,1,400.0,,400.0,,9204445675759,47418203996399,https://shop.com/products/9204445675759/amp-terrain-attack-m-t-33x13-50r24lt-load-f-tire?variantId=47418203996399,shop.app,,,,,,,400.0
Mach Yeti Racing,,False,R/T,33x12.50R20,,AMP Terrain Attack R/T Tire - 33X12.50R20LT 114Q,1,320.99,,320.99,,9798992035924,45266117460052,https://shop.com/products/9798992035924/amp-terrain-attack-r-t-tire-33x12-50r20lt-114q?variantId=45266117460052,shop.app,,,,,,,320.99
eliteracefab.com,,False,Terrain Pro A/T P,35x12.50R24,,AMP Terrain Pro A/T P Tires - 35x12.50R24LT,1,384.0,,384.0,,9444124819624,55530728161448,https://shop.com/products/9444124819624/amp-terrain-pro-a-t-p-tires-35x12-50r24lt?variantId=55530728161448,shop.app,,,0.0,384.0,free shipping,,384.0
Complete Street Performance,,False,Terrain Pro A/T P,35x12.50R20,,Amp Tires 35-125020AMP/CA2 - AMP Terrain Pro A/T Tire - 35X12.50R20LT 121S,1,284.99,313.49,284.99,,9986579333398,50065227579670,https://shop.com/products/9986579333398/amp-tires-35-125020amp-ca2-amp-terrain-pro-a-t-tire-35x12-50r20lt?variantId=50065227579670,shop.app,,,,,,,284.99
AutoHouseSupply,,False,R/T,35x13.50R24,,AMP Terrain Attack R/T Tire - 35X13.50R24LT 112Q,1,440.99,,440.99,,10304035422500,51514745159972,https://shop.com/products/10304035422500/amp-terrain-attack-r-t-tire-35x13-50r24lt-112q?variantId=51514745159972,shop.app,,,,,,,440.99
Legends Auto Parts,,False,Terrain Attack A/T A,33x12.50R22,,AMP Terrain Attack AT A 33x12.50R22,1,378.74,,378.74,,8748692504835,45925332910339,https://shop.com/products/8748692504835/amp-terrain-attack-at-a-33x12-50r22?variantId=45925332910339,shop.app,,,,,,,378.74
PERFORMANCE MODS,,False,Terrain Pro A/T P,33x12.50R20,,AMP Tires 33-125020AMP/CA2 AMP Terrain Pro A/T Tire - 33X12.50R20LT 114S,1,256.99,,256.99,,8149781577914,44920712659130,https://shop.com/products/8149781577914/amp-tires-33-125020amp-ca2-amp-terrain-pro-a-t-tire-33x12-50r20lt?variantId=44920712659130,shop.app,,,,,,,256.99
PERFORMANCE MODS,,False,M/T,33x13.50R24,,AMP Tires 33-135024AMP/CM2F AMP Terrain Attack M/T Tire - 33x13.50R24LT 121Q,1,391.99,,391.99,,8149781938362,44920713248954,https://shop.com/products/8149781938362/amp-tires-33-135024amp-cm2f-amp-terrain-attack-m-t-tire-33x13-50r24lt?variantId=44920713248954,shop.app,,,,,,,391.99
SHOPWHEELXPRESS,,False,M/T,33x13.50R26,,AMP Mud Terrain Attack MT A Mud Terrain 33x13.50R26LT Tire,1,471.28,,471.28,,8508616966281,45406583488649,https://shop.com/products/8508616966281/amp-mud-terrain-attack-mt-a-mud-terrain-33x13-50r26lt-tire?variantId=45406583488649,shop.app,,,,,,,471.28
Quadratec,,False,M/T,33x12.50R22,,Terrain Attack M/TA 33X12.50X22,1,336.99,,336.99,,9127738540290,46804147241218,https://shop.com/products/9127738540290/terrain-attack-m-ta-33x12-50x22?variantId=46804147241218,shop.app,,,0.0,336.99,free shipping,,336.99
MSV Racing,,False,M/T,37x13.50R24,,AMP Terrain Attack M/T Tire - 37x13.50R24LT 120Q,1,487.99,,487.99,,8663169499289,46196028539033,https://shop.com/products/8663169499289/amp-terrain-attack-m-t-tire-37x13-50r24lt-120q?variantId=46196028539033,shop.app,,,,,,,487.99
SPO Supply Co.,,False,Terrain Pro A/T P,33x12.50R24,,24x12 American Force Smooth 5x5 (5x127) & 33x12.50R24 AMP AT PRO,1,6999.0,,6999.0,,9241481609381,45978952269989,https://shop.com/products/9241481609381/24x12-american-force-smooth-5x5-5x127-33x12-50r24-amp-at-pro?variantId=45978952269989,shop.app,,,,,,"price looks like a set, not per tire",
Legends Auto Parts,,False,R/T,35x13.50R24,,AMP Terrain Attack RT 35x13.50R24LT,1,599.99,,599.99,,8748708200707,45925413814531,https://shop.com/products/8748708200707/amp-terrain-attack-rt-35x13-50r24lt?variantId=45925413814531,shop.app,,,,,,,599.99
SHOPWHEELXPRESS,,False,M/T,33x14.50R22,,AMP Mud Terrain Attack MT A Mud Terrain 33x14.50R22 Tire,1,446.03,,446.03,,8509114286217,45407418810505,https://shop.com/products/8509114286217/amp-mud-terrain-attack-mt-a-mud-terrain-33x14-50r22-tire?variantId=45407418810505,shop.app,,,,,,,446.03
Trail Ops,,False,M/T,33x12.50R20,E,AMP Terrain Attack M/T 33x12.50R20LT Load E Tire,1,326.0,,326.0,,9204445184239,47418202456303,https://shop.com/products/9204445184239/amp-terrain-attack-m-t-33x12-50r20lt-load-e-tire?variantId=47418202456303,shop.app,,,,,,,326.0
ATOMIC-SHOP Performance Parts & Motorsport Equipment - USA,,False,Terrain Pro A/T P,305/35R24,,AMP Terrain Pro A/T Tire - P305/35R24 112S,1,301.99,,301.99,,10491625111854,51939881550126,https://shop.com/products/10491625111854/amp-terrain-pro-a-t-tire-p305-35r24-112s?variantId=51939881550126,shop.app,,,,,,,301.99
MSV Racing,,False,M/T,35x12.50R18,,AMP Terrain Attack M/T Tire - 35x12.50R18LT 123Q,1,374.0,,374.0,,8663170777241,46196030111897,https://shop.com/products/8663170777241/amp-terrain-attack-m-t-tire-35x12-50r18lt-123q?variantId=46196030111897,shop.app,,,,,,,374.0
Street Driven Performance,,False,Terrain Pro A/T P,305/35R24,,AMP Terrain Pro A/T Tire - P305/35R24 112S,1,256.42,301.99,256.42,,10875105018015,62579912900767,https://shop.com/products/10875105018015/amp-terrain-pro-a-t-tire-p305-35r24-112s?variantId=62579912900767,shop.app,,,25.0,281.42,$25.00/tire (store_shipping.csv),,281.42
ATOMIC-SHOP Performance Parts & Motorsport Equipment - USA,,False,M/T,35x13.50R24,,AMP Terrain Attack M/T Tire - 35x13.50R24LT 112Q,1,437.99,,437.99,,10491626389806,51939884302638,https://shop.com/products/10491626389806/amp-terrain-attack-m-t-tire-35x13-50r24lt-112q?variantId=51939884302638,shop.app,,,,,,,437.99
SPO Supply Co.,,False,Terrain Pro A/T P,33x12.50R24,,24x12 American Force Smooth 8x180 & 33x12.50R24 AMP AT PRO,1,6999.0,,6999.0,,9229884489893,45946504675493,https://shop.com/products/9229884489893/24x12-american-force-smooth-8x180-33x12-50r24-amp-at-pro?variantId=45946504675493,shop.app,,,,,,"price looks like a set, not per tire",
Speedzone Performance LLC,,False,R/T,35x13.50R24,,AMP Terrain Attack R/T Tire - 35X13.50R24LT 116Q,1,456.99,,456.99,,7350050750549,42283606016085,https://shop.com/products/7350050750549/amp-terrain-attack-r-t-tire-35x13-50r24lt-116q?variantId=42283606016085,shop.app,,,,,,,456.99
Legends Auto Parts,,False,Terrain Attack A/T A,35x12.50R22,,AMP Terrain Attack AT A 35x12.50R22,1,459.99,,459.99,,8748692209923,45925331599619,https://shop.com/products/8748692209923/amp-terrain-attack-at-a-35x12-50r22?variantId=45925331599619,shop.app,,,,,,,459.99
Mach Yeti Racing,,False,Terrain Pro A/T P,285/55R22,,AMP Terrain Pro A/T Tire - LT285/55R22 124/121R,1,331.99,,331.99,,9798983843924,45266107891796,https://shop.com/products/9798983843924/amp-terrain-pro-a-t-tire-lt285-55r22-124-121r?variantId=45266107891796,shop.app,,,,,,,331.99
JDR-Partsbarn and Sales,,False,Terrain Attack A/T A,35x12.50R20,,AMP Terrain Attack A/T A Tire - 35x12.50R20LT 121R,1,302.99,,302.99,,10172966994211,54891580195107,https://shop.com/products/10172966994211/amp-terrain-attack-a-t-a-tire-35x12-50r20lt-121r?variantId=54891580195107,shop.app,,,,,,,302.99
Down East Offroad,,False,M/T,37x13.50R28,,AMP Terrain Attack M/T Tire - 37X13.50R28LT 114Q,1,859.0,,859.0,,14998232400244,54153003041140,https://shop.com/products/14998232400244/amp-terrain-attack-m-t-tire-37x13-50r28lt-114q?variantId=54153003041140,shop.app,,,,,,,859.0
PETER'S CAR PARTS,,False,M/T,38x13.50R24,,AMP Terrain Attack M/T Tire - 38x13.50R24LT 127Q,1,617.16,,617.16,,9835710906674,49988694016306,https://shop.com/products/9835710906674/amp-terrain-attack-m-t-tire-38x13-50r24lt-127q?variantId=49988694016306,shop.app,,,,,,,617.16
SHOPWHEELXPRESS,,False,M/T,35x13.50R26,,AMP Mud Terrain Attack MT A Mud Terrain 35x13.50R26LT Tire,1,540.0,,540.0,,8509451010185,45409167704201,https://shop.com/products/8509451010185/amp-mud-terrain-attack-mt-a-mud-terrain-35x13-50r26lt-tire?variantId=45409167704201,shop.app,,,,,,,540.0
Mach Yeti Racing,,False,M/T,285/65R18,,AMP Terrain Attack M/T Tire - LT285/65R18 125/122Q,1,328.99,,328.99,,9798985089108,45266109333588,https://shop.com/products/9798985089108/amp-terrain-attack-m-t-tire-lt285-65r18-125-122q?variantId=45266109333588,shop.app,,,,,,,328.99
Mach Yeti Racing,,False,Terrain Pro A/T P,275/55R20,,AMP Terrain Pro A/T Tire - LT275/55R20 115/112S,1,240.99,,240.99,,9798980141140,45266104156244,https://shop.com/products/9798980141140/amp-terrain-pro-a-t-tire-lt275-55r20-115-112s?variantId=45266104156244,shop.app,,,,,,,240.99
Complete Street Performance,,False,Terrain Pro A/T P,305/55R20,,Amp Tires 305-5520AMP/CA2 - AMP Terrain Pro A/T Tire - LT305/55R20 121/118S,1,274.99,302.49,274.99,,9986579595542,50065227841814,https://shop.com/products/9986579595542/amp-tires-305-5520amp-ca2-amp-terrain-pro-a-t-tire-lt305-55r20?variantId=50065227841814,shop.app,,,,,,,274.99
Legends Auto Parts,,False,M/T,37x13.50R28,,AMP Mud Terrain Attack MT A 37x13.50R28LT,1,1159.99,,1159.99,,8732979527939,45882273825027,https://shop.com/products/8732979527939/amp-mud-terrain-attack-mt-a-37x13-50r28lt?variantId=45882273825027,shop.app,,,,,,,1159.99
TFS Wheels,,False,Terrain Pro A/T P,275/65R20,,AMP Pro AT 275/65R20,1,292.0,,292.0,,8731416658071,45042230821015,https://shop.com/products/8731416658071/amp-pro-at-275-65r20?variantId=45042230821015,shop.app,,,0.0,292.0,free shipping,,292.0
Signature Performance,,False,Terrain Pro A/T P,35x12.50R24,,35X12.50R24LT AMP Terrain Pro A/T Tire,1,384.0,,384.0,,8111626190988,43953195122828,https://shop.com/products/8111626190988/35x12-50r24lt-amp-terrain-pro-a-t-tire?variantId=43953195122828,shop.app,,,,,,,384.0
FI Performance,,False,M/T,35x13.50R24,,AMP Terrain Attack M/T Tire - 35x13.50R24LT 112Q,1,437.99,,437.99,,10653748363404,61739774050444,https://shop.com/products/10653748363404/amp-terrain-attack-m-t-tire-35x13-50r24lt-112q?variantId=61739774050444,shop.app,,,,,,,437.99
MSV Racing,,False,R/T,35x13.50R24,,AMP Terrain Attack R/T Tire - 35X13.50R24LT 116Q,1,456.99,,456.99,,8663179264153,46196040040601,https://shop.com/products/8663179264153/amp-terrain-attack-r-t-tire-35x13-50r24lt-116q?variantId=46196040040601,shop.app,,,,,,,456.99
TFS Wheels,,False,M/T,35x15.50R24,,AMP Mud Terrain Attack MT A 35x15.50R24LT,1,496.0,,496.0,,8731324612759,45042122358935,https://shop.com/products/8731324612759/amp-mud-terrain-attack-mt-a-35x15-50r24lt?variantId=45042122358935,shop.app,,,0.0,496.0,free shipping,,496.0
RAV Performance,,False,M/T,35x11.50R20,,AMP Terrain Attack M/T Tire - 35X11.50R20LT 124Q,1,343.99,,343.99,,9455577268469,47431097417973,https://shop.com/products/9455577268469/amp-terrain-attack-m-t-tire-35x11-50r20lt-124q?variantId=47431097417973,shop.app,,,,,,,343.99
MOTORMIA,,False,Terrain Attack A/T A,35x12.50R20,,AMP Terrain Attack A/T A Tire - 35x12.50R20LT 121R,1,302.99,,302.99,,10469047730488,51835890532664,https://shop.com/products/10469047730488/amp-terrain-attack-a-t-a-tire-35x12-50r20lt-121r?variantId=51835890532664,shop.app,,,0.0,302.99,free shipping,,302.99
SHOPWHEELXPRESS,,False,Terrain Pro A/T P,305/35R24,,AMP Pro AT All Terrain P305/35R24 Tire,1,327.72,,327.72,,8509238935689,45407889326217,https://shop.com/products/8509238935689/amp-pro-at-all-terrain-p305-35r24-tire?variantId=45407889326217,shop.app,,,,,,,327.72
ClassicAutoStoreOnline.com,,False,M/T,35x12.50R18,,AMP 2003-2025 Jeep Wrangler Rubicon Terrain Attack M/T Tire 35x12.50R18LT 123Q - Off-Road Performance,1,380.99,,380.99,,15366907756915,62811800371571,https://shop.com/products/15366907756915/amp-2003-2025-jeep-wrangler-rubicon-terrain-attack-m-t-tire-35x12-50r18lt?variantId=62811800371571,shop.app,,,,,,,380.99
PERFORMANCE MODS,,False,R/T,35x12.50R20,,AMP Tires 35-125020AMP/RTE AMP Terrain Attack R/T Tire - 35X12.50R20LT 121Q,1,334.99,,334.99,,8149782364346,44920713937082,https://shop.com/products/8149782364346/amp-tires-35-125020amp-rte-amp-terrain-attack-r-t-tire-35x12-50r20lt?variantId=44920713937082,shop.app,,,,,,,334.99
Speedzone Performance LLC,,False,Terrain Pro A/T P,305/35R24,,AMP Terrain Pro A/T Tire - P305/35R24 112S,1,301.99,,301.99,,7350049243221,42283602640981,https://shop.com/products/7350049243221/amp-terrain-pro-a-t-tire-p305-35r24-112s?variantId=42283602640981,shop.app,,,,,,,301.99
TruckStoreOnline.com,,False,Terrain Pro A/T P,305/35R24,,AMP Terrain Pro A/T Tire - P305/35R24 112S,1,344.99,,344.99,,15144893579628,53792916799852,https://shop.com/products/15144893579628/amp-terrain-pro-a-t-tire-p305-35r24-112s?variantId=53792916799852,shop.app,,,107.0,451.99,$107.00/tire (store_shipping.csv),,451.99
AutoHouseSupply,,False,M/T,35x15.50R22,,AMP Terrain Attack M/T Tire - 35x15.50R22LT 125Q,1,487.0,,487.0,,10304035553572,51514746929444,https://shop.com/products/10304035553572/amp-terrain-attack-m-t-tire-35x15-50r22lt-125q?variantId=51514746929444,shop.app,,,,,,,487.0
Pure Auto Performance,,False,M/T,35x12.50R18,,AMP Terrain Attack M/T Tire - 35x12.50R18LT 123Q,1,374.0,,374.0,,10025377792307,52837593219379,https://shop.com/products/10025377792307/amp-terrain-attack-m-t-tire-35x12-50r18lt-123q?variantId=52837593219379,shop.app,,,,,,,374.0
Legends Auto Parts,,False,M/T,38x15.50R24,,AMP Mud Terrain Attack MT A 38x15.50R24LT,1,833.74,,833.74,,8748674253059,45925244666115,https://shop.com/products/8748674253059/amp-mud-terrain-attack-mt-a-38x15-50r24lt?variantId=45925244666115,shop.app,,,,,,,833.74
Pure Auto Performance,,False,R/T,35x13.50R24,,AMP Terrain Attack R/T Tire - 35X13.50R24LT 116Q,1,456.99,,456.99,,10075676115251,53032346452275,https://shop.com/products/10075676115251/amp-terrain-attack-r-t-tire-35x13-50r24lt-116q?variantId=53032346452275,shop.app,,,,,,,456.99
Late Model Truck,,False,Terrain Attack A/T A,33x12.50R22,,AMP Terrain Attack A/T A Tire - 33x12.50R22LT 109R?,1,302.99,,302.99,,7841428013263,44974624080079,https://shop.com/products/7841428013263/amp-terrain-attack-a-t-a-tire-33x12-50r22lt-109r?variantId=44974624080079,shop.app,,,,,,,302.99
PERFORMANCE MODS,,False,R/T,33x12.50R22,,AMP Tires 33-125022AMP/RTE AMP Terrain Attack R/T Tire - 33X12.50R22LT 109Q,1,336.99,,336.99,,8149781807290,44920713052346,https://shop.com/products/8149781807290/amp-tires-33-125022amp-rte-amp-terrain-attack-r-t-tire-33x12-50r22lt?variantId=44920713052346,shop.app,,,,,,,336.99
ClassicAutoStoreOnline.com,,False,M/T,35x12.50R20,,AMP 2009 Jeep Wrangler X Terrain Attack M/T Tire - 35x12.50R20LT 121Q Off-Road,1,355.99,,355.99,,15366907855219,62811800502643,https://shop.com/products/15366907855219/amp-2009-jeep-wrangler-x-terrain-attack-m-t-tire-35x12-50r20lt-121q?variantId=62811800502643,shop.app,,,,,,,355.99
SHOPWHEELXPRESS,,False,M/T,33x12.50R22,,AMP Mud Terrain Attack MT A Mud Terrain 33x12.50R22LT Tire,1,354.0,,354.0,,8509269246089,45407968460937,https://shop.com/products/8509269246089/amp-mud-terrain-attack-mt-a-mud-terrain-33x12-50r22lt-tire?variantId=45407968460937,shop.app,,,,,,,354.0
Dually Wheels,,False,M/T,35x13.50R26,,35x13.50R26LT/12 Amp Tires Terrain Attack M/T Tires Set of 6,6,3240.0,3564.0,540.0,,7916248957183,46049273676031,https://shop.com/products/7916248957183/35x13-50r26lt-12-amp-tires-terrain-attack-m-t-tires-set-of-6?variantId=46049273676031,shop.app,,,,,,,540.0
Speedzone Performance LLC,,False,Terrain Pro A/T P,295/50R22,,AMP Terrain Pro A/T Tire - LT295/50R22 122/119S,1,323.99,,323.99,,7350049112149,42283602477141,https://shop.com/products/7350049112149/amp-terrain-pro-a-t-tire-lt295-50r22-122-119s?variantId=42283602477141,shop.app,,,,,,,323.99
Wheels Below Retail,,False,Terrain Attack A/T A,305/70R18,,AMP TERRAIN ATTACK AT A 305/70R18 (34.8X12R 18) Tires,1,333.0,,333.0,,5425786716322,35031300374690,https://shop.com/products/5425786716322/amp-terrain-attack-at-a-305-70r18-34-8x12r-18-tires?variantId=35031300374690,shop.app,,,,,,,333.0
ATOMIC-SHOP Performance Parts & Motorsport Equipment - USA,,False,Terrain Attack A/T A,285/55R20,,AMP Terrain Attack A/T A Tire - LT285/55R20 122/119S,1,260.99,,260.99,,10491624718638,51939880698158,https://shop.com/products/10491624718638/amp-terrain-attack-a-t-a-tire-lt285-55r20-122-119s?variantId=51939880698158,shop.app,,,,,,,260.99
Signature Performance,,False,Terrain Attack A/T A,305/40R22,,305/40R22 AMP Terrain Attack A/T A Tire,1,277.0,,277.0,,8105876029580,43932432826508,https://shop.com/products/8105876029580/305-40r22-amp-terrain-attack-a-t-a-tire?variantId=43932432826508,shop.app,,,,,,,277.0
RAV Performance,,False,M/T,38x15.50R26,,AMP Terrain Attack M/T Tire - 38X15.50R26LT 126P,1,712.99,,712.99,,9455578284277,47431099351285,https://shop.com/products/9455578284277/amp-terrain-attack-m-t-tire-38x15-50r26lt-126p?variantId=47431099351285,shop.app,,,,,,,712.99
Mach Yeti Racing,,False,Terrain Pro A/T P,325/60R20,,AMP Terrain Pro A/T Tire - LT325/60R20 126/123S,1,368.99,,368.99,,9798990725204,45266115788884,https://shop.com/products/9798990725204/amp-terrain-pro-a-t-tire-lt325-60r20-126-123s?variantId=45266115788884,shop.app,,,,,,,368.99
Kris Wilcox Racing,,False,M/T,35x12.50R17,,AMP Terrain Attack M/T Tire - 35x12.50R17LT 121Q,1,450.48,,450.48,,14886544572782,53007205794158,https://shop.com/products/14886544572782/amp-terrain-attack-m-t-tire-35x12-50r17lt-121q?variantId=53007205794158,shop.app,,,,,,,450.48
797 Offroad,,False,R/T,35x12.50R17,,AMP Terrain Attack R/T Tire - 35X12.50R17LT 125Q,1,344.99,,344.99,,8952084365536,47639716921568,https://shop.com/products/8952084365536/amp-terrain-attack-r-t-tire-35x12-50r17lt-125q?variantId=47639716921568,shop.app,,,,,,,344.99
Demonic Performance,,False,M/T,35x12.50R17,,AMP Terrain Attack M/T Tire - 35x12.50R17LT 121Q,1,369.99,,369.99,,10603285446940,52970588045596,https://shop.com/products/10603285446940/amp-terrain-attack-m-t-tire-35x12-50r17lt-121q?variantId=52970588045596,shop.app,,,,,,,369.99
PurAuto,,False,M/T,35x12.50R17,,AMP Terrain Attack M/T Tire - 35x12.50R17LT 121Q,1,369.99,,369.99,,8925235740846,47207257440430,https://shop.com/products/8925235740846/amp-terrain-attack-m-t-tire-35x12-50r17lt-121q?variantId=47207257440430,shop.app,,,,,,,369.99
Speedzone Performance LLC,,False,Terrain Pro A/T P,265/70R17,,AMP Terrain Pro A/T Tire - LT265/70R17 121/118S,1,221.0,,221.0,,7350048391253,42283600347221,https://shop.com/products/7350048391253/amp-terrain-pro-a-t-tire-lt265-70r17-121-118s?variantId=42283600347221,shop.app,,,,,,,221.0
Trail Ops,,False,M/T,35x12.50R17,E,AMP Terrain Attack M/T 35x12.50R17LT Load E Tire,1,370.0,,370.0,,9204444987631,47418201833711,https://shop.com/products/9204444987631/amp-terrain-attack-m-t-35x12-50r17lt-load-e-tire?variantId=47418201833711,shop.app,,,,,,,370.0
Gladiator Auto,,False,Terrain Attack A/T A,315/70R17,E,TERRAIN ATTACK A/T A 315/70R17 121/118R LR E 65PSI MAX - 315-7017AMP/CA3,1,287.0,,287.0,,9056631390462,47754431758590,https://shop.com/products/9056631390462/terrain-attack-a-t-a-315-70r17-121-118r-lr-e-65psi-max?variantId=47754431758590,shop.app,,,0.0,287.0,free shipping,,287.0
797 Offroad,,False,Terrain Pro A/T P,35x12.50R24,,AMP Terrain Pro A/T Tire - 35X12.50R24LT 116R,1,376.99,,376.99,,8952084693216,47639717609696,https://shop.com/products/8952084693216/amp-terrain-pro-a-t-tire-35x12-50r24lt-116r?variantId=47639717609696,shop.app,,,,,,,376.99
Red 5 Garage,,False,M/T,35x15.50R24,,AMP Terrain Attack M/T Tire - 35X15.50R24LT 117Q,1,495.99,,495.99,,7938476212267,44152676909099,https://shop.com/products/7938476212267/amp-terrain-attack-m-t-tire-35x15-50r24lt-117q?variantId=44152676909099,shop.app,,,,,,,495.99
BattlegroundOffroadSupply,,False,Terrain Pro A/T P,35x12.50R24,,AMP Terrain Pro A/T Tire - 35X12.50R24LT 116R,1,376.99,,376.99,,9988578345208,49645577306360,https://shop.com/products/9988578345208/amp-terrain-pro-a-t-tire-35x12-50r24lt-116r?variantId=49645577306360,shop.app,,,,,,,376.99
Gladiator Auto,,False,M/T,35x12.50R20,E,TERRAIN ATTACK M/T A 35X12.50R20 121Q LR E 65PSI MAX - 35-125020AMP/CM2,1,346.0,,346.0,,9056632045822,47754430939390,https://shop.com/products/9056632045822/terrain-attack-m-t-a-35x12-50r20-121q-lr-e-65psi-max-35?variantId=47754430939390,shop.app,,,0.0,346.0,free shipping,,346.0
FR SPORT,,False,M/T,35x12.50R18,,AMP Tires AMP Terrain Attack M/T Tire - 35x12.50R18LT 123Q 35-125018AMP/CM2,1,373.99,,373.99,,8881864212632,47391136481432,https://shop.com/products/8881864212632/amp-tires-amp-terrain-attack-m-t-tire-35x12-50r18lt-123q-35-125018amp?variantId=47391136481432,shop.app,,,,,,,373.99
TruckStoreOnline.com,,False,Terrain Attack A/T A,35x12.50R17,XL,AMP Tires 2025 Ford F-250 Super Duty XL AMP Terrain Attack M Tire 35x12.50R17LT 121Q,1,376.99,,376.99,,15115332551020,53718390997356,https://shop.com/products/15115332551020/amp-tires-2025-ford-f-250-super-duty-xl-amp-terrain-attack-m?variantId=53718390997356,shop.app,,,107.0,483.99,$107.00/tire (store_shipping.csv),,483.99
TruckStoreOnline.com,,False,M/T,285/65R18,,AMP Terrain Attack M/T Tire - LT285/65R18 125/122Q,1,393.99,,393.99,,15167264489836,53913369805164,https://shop.com/products/15167264489836/amp-terrain-attack-m-t-tire-lt285-65r18-125-122q?variantId=53913369805164,shop.app,,,107.0,500.99,$107.00/tire (store_shipping.csv),,500.99
Forge USA,,False,M/T,37x12.50R17,,AMP Terrain Attack M/T A LT37X12.50R17,1,403.0,,403.0,,10122095231216,50086598672624,https://shop.com/products/10122095231216/amp-terrain-attack-m-t-a-lt37x12-50r17?variantId=50086598672624,shop.app,,,,,,,403.0
MOTORMIA,,False,M/T,37x13.50R24,,AMP Terrain Attack M/T Tire - 37x13.50R24LT 120Q,1,487.99,,487.99,,10468888478008,51835731280184,https://shop.com/products/10468888478008/amp-terrain-attack-m-t-tire-37x13-50r24lt-120q?variantId=51835731280184,shop.app,,,0.0,487.99,free shipping,,487.99
Red 5 Garage,,False,R/T,37x13.50R24,,AMP Terrain Attack R/T Tire - 37X13.50R24LT 120Q,1,483.99,,483.99,,7938476376107,44152677236779,https://shop.com/products/7938476376107/amp-terrain-attack-r-t-tire-37x13-50r24lt-120q?variantId=44152677236779,shop.app,,,,,,,483.99
Gladiator Auto,,False,Terrain Attack A/T A,285/70R17,E,TERRAIN ATTACK A/T A 285/70R17 121/118R LR E 80PSI MAX - 285-7017AMP/CA3,1,221.0,,221.0,,9056631128318,47754432020734,https://shop.com/products/9056631128318/terrain-attack-a-t-a-285-70r17-121-118r-lr-e-80psi-max?variantId=47754432020734,shop.app,,,0.0,221.0,free shipping,,221.0
Late Model Truck,,False,R/T,37x13.50R24,,AMP Terrain Attack R/T Tire - 37X13.50R24LT 124Q,1,503.99,,503.99,,7841429094607,44974626308303,https://shop.com/products/7841429094607/amp-terrain-attack-r-t-tire-37x13-50r24lt-124q?variantId=44974626308303,shop.app,,,,,,,503.99
Wheel Tire Direct,,True,Terrain Attack A/T A,265/70R17,E,AMP Terrain Attack AT A 265/70R17 (Load E),1,188.0,210.0,188.0,,9966499889466,51616576995642,https://shop.com/products/9966499889466/amp-terrain-attack-at-a-265-70r17-load-e?variantId=51616576995642,shop.app,,,,,,,
EZ Wheeler,,False,M/T,37x12.50R22,F,TERRAIN ATTACK M/T A 37X12.50R22 127Q LR F 80PSI MAX,1,450.0,,450.0,,8787162333417,47887593898217,https://shop.com/products/8787162333417/terrain-attack-m-t-a-37x12-50r22-127q-lr-f-80psi-max?variantId=47887593898217,shop.app,,,,,,,450.0
Wheels Below Retail,,False,M/T,35x12.50R18,,AMP MUD TERRAIN ATTACK MT A LT35X12.50R18 Tires,1,399.0,,399.0,,5426289344674,35033300762786,https://shop.app/products/5426289344674/amp-mud-terrain-attack-mt-a-lt35x12-50r18-tires?variantId=35033300762786,shop.app,,,,,,,399.0
AutoHouseSupply,,False,Terrain Attack A/T A,305/55R20,,AMP Terrain Attack A/T A Tire - LT305/55R20 121/118S,1,293.99,,293.99,,10304033653028,51514736050468,https://shop.app/products/10304033653028/amp-terrain-attack-a-t-a-tire-lt305-55r20-121-118s?variantId=51514736050468,shop.app,,,,,,,293.99
WWM Performance,,False,Terrain Pro A/T P,35x12.50R24,,AMP Terrain Pro A/T All-Terrain Tire 35-125024AMP/CA2F 35X12.50R24LT,1,376.99,,376.99,,10152354513179,51800341971227,https://shop.app/products/10152354513179/amp-terrain-pro-a-t-all-terrain-tire-35-125024amp-ca2f-35x12-50r24lt?variantId=51800341971227,shop.app,,,,,,,376.99
Mach Yeti Racing,,False,R/T,35x12.50R22,,AMP Terrain Attack R/T Tire - 35X12.50R22LT 121Q,1,395.99,,395.99,,9798999670868,45266125914196,https://shop.app/products/9798999670868/amp-terrain-attack-r-t-tire-35x12-50r22lt-121q?variantId=45266125914196,shop.app,,,,,,,395.99
Pure Auto Performance,,False,M/T,35x12.50R20,,AMP Terrain Attack M/T Tire - 35x12.50R20LT 121Q,1,328.99,,328.99,,10071352770867,53015850844467,https://shop.app/products/10071352770867/amp-terrain-attack-m-t-tire-35x12-50r20lt-121q?variantId=53015850844467,shop.app,,,,,,,328.99
TFS Wheels,,False,Terrain Attack A/T A,285/70R17,,AMP Terrain Attack AT A 285/70R17,1,221.0,,221.0,,8731502248087,45042333646999,https://shop.com/products/8731502248087/amp-terrain-attack-at-a-285-70r17?variantId=45042333646999,shop.app,,,0.0,221.0,free shipping,,221.0
SHOPWHEELXPRESS,,False,Terrain Pro A/T P,285/70R17,,AMP Pro AT All Terrain 285/70R17 Tire,1,313.11,,313.11,,8513300562057,45420116738185,https://shop.com/products/8513300562057/amp-pro-at-all-terrain-285-70r17-tire?variantId=45420116738185,shop.app,,,,,,,313.11
Street Driven Performance,,False,Terrain Pro A/T P,285/70R17,,AMP Terrain Pro A/T Tire - LT285/70R17 121/118R,1,215.09,240.99,215.09,,10875104854175,62579912474783,https://shop.com/products/10875104854175/amp-terrain-pro-a-t-tire-lt285-70r17-121-118r?variantId=62579912474783,shop.app,,,25.0,240.09,$25.00/tire (store_shipping.csv),,240.09
TFS Wheels,,False,Terrain Pro A/T P,285/70R17,,AMP Pro AT 285/70R17,1,241.0,,241.0,,8731418230935,45042232492183,https://shop.com/products/8731418230935/amp-pro-at-285-70r17?variantId=45042232492183,shop.app,,,0.0,241.0,free shipping,,241.0
TryBeepbeep,,False,Terrain Pro A/T P,285/70R17,E,LT285/70R17 AMP Terrain Pro A/T E/10PLY BSW,1,240.99,,240.99,,10125593936154,51707325743386,https://shop.com/products/10125593936154/lt285-70r17-amp-terrain-pro-a-t-e-10ply-bsw?variantId=51707325743386,shop.app,,,0.0,240.99,free shipping,,240.99
BRR Tires & Automotive,,False,Terrain Attack A/T A,285/70R17,E,2 AMP TERRAIN ATTACK A/T A BSW LT 285/70R17 121/118R 10PLY ALL TERRAIN TIRE 2857017AMPCA3,1,329.99,359.99,329.99,,9277108355227,49303014310043,https://shop.com/products/9277108355227/2-amp-terrain-attack-a-t-a-bsw-lt-285-70r17-121-118r?variantId=49303014310043,shop.app,,,,,,,329.99
Forge USA,,False,Terrain Attack A/T A,285/70R17,,AMP Terrain Attack A/T A LT285/70R17,1,221.0,,221.0,,10122096410864,50086600474864,https://shop.com/products/10122096410864/amp-terrain-attack-a-t-a-lt285-70r17?variantId=50086600474864,shop.app,,,,,,,221.0
CWO,,False,Terrain Pro A/T P,285/70R17,E,LT285/70R17 Amp Tires Terrain Pro A/T 121R LRE Black Wall Tire,1,255.99,,255.99,,10122308223289,51952033071417,https://shop.com/products/10122308223289/lt285-70r17-amp-tires-terrain-pro-a-t-121r-lre-black-wall-tire?variantId=51952033071417,shop.app,,,0.0,255.99,free shipping,,255.99
MOTORMIA,,False,Terrain Attack A/T A,285/70R17,E,TWG TERRAIN ATTACK A/T A 285/70R17 121/118R LR E 80PSI MAX,1,221.0,,221.0,,10628083679544,52117275377976,https://shop.com/products/10628083679544/twg-terrain-attack-a-t-a-285-70r17-121-118r-lr-e-80psi?variantId=52117275377976,shop.app,,,0.0,221.0,free shipping,,221.0
eliteracefab.com,,False,Terrain Attack A/T A,265/70R17,,AMP Terrain Attack A/T A Tires - LT265/70R17,1,210.0,,210.0,,9444121247912,55530712563880,https://shop.com/products/9444121247912/amp-terrain-attack-a-t-a-tires-lt265-70r17?variantId=55530712563880,shop.app,,,0.0,210.0,free shipping,,210.0
GE Tires Online Inc,,False,Terrain Pro A/T P,265/70R17,,AMP Terrain Pro AT 265/70R17,1,234.0,,234.0,,10337600667928,52388308517144,https://shop.com/products/10337600667928/amp-terrain-pro-at-265-70r17?variantId=52388308517144,shop.app,,,0.0,234.0,free shipping,,234.0
SHOPWHEELXPRESS,,False,Terrain Pro A/T P,265/70R17,,AMP Pro AT All Terrain 265/70R17 Tire,1,270.04,,270.04,,8513537212553,45420824854665,https://shop.com/products/8513537212553/amp-pro-at-all-terrain-265-70r17-tire?variantId=45420824854665,shop.app,,,,,,,270.04
Signature Performance,,False,R/T,265/70R17,,265/70R17 AMP Terrain Attack R/T Tire,1,204.0,,204.0,,8109201195148,43942725025932,https://shop.com/products/8109201195148/265-70r17-amp-terrain-attack-r-t-tire?variantId=43942725025932,shop.app,,,,,,,204.0
Street Driven Performance,,False,Terrain Pro A/T P,265/70R17,,AMP Terrain Pro A/T Tire - LT265/70R17 121/118S,1,197.24,220.99,197.24,,10875104297119,62579911327903,https://shop.com/products/10875104297119/amp-terrain-pro-a-t-tire-lt265-70r17-121-118s?variantId=62579911327903,shop.app,,,25.0,222.24,$25.00/tire (store_shipping.csv),,222.24
TryBeepbeep,,False,Terrain Pro A/T P,265/70R17,,Terrain Pro Amp Tires 265-7017AMP/CA2 265/70R17,1,220.99,,220.99,,10125593346330,51707323711770,https://shop.com/products/10125593346330/terrain-pro-amp-tires-265-7017amp-ca2-265-70r17?variantId=51707323711770,shop.app,,,0.0,220.99,free shipping,,220.99
TFS Wheels,,False,Terrain Attack A/T A,265/70R17,,AMP Terrain Attack AT A 265/70R17,1,210.0,,210.0,,8731325726871,45042123636887,https://shop.com/products/8731325726871/amp-terrain-attack-at-a-265-70r17?variantId=45042123636887,shop.app,,,0.0,210.0,free shipping,,210.0
Quadratec,,False,R/T,265/70R17,,AMP - TERRAIN ATTACK R/T -P265/70R17 113T SL,1,193.99,,193.99,,9127739162882,46804148486402,https://shop.com/products/9127739162882/amp-terrain-attack-r-t-p265-70r17-113t-sl?variantId=46804148486402,shop.app,,,0.0,193.99,free shipping,,193.99
TFS Wheels,,False,Terrain Pro A/T P,265/70R17,,AMP Pro AT 265/70R17,1,221.0,,221.0,,8731501985943,45042333319319,https://shop.com/products/8731501985943/amp-pro-at-265-70r17?variantId=45042333319319,shop.app,,,0.0,221.0,free shipping,,221.0
Battle Born Offroad,,False,Terrain Pro A/T P,265/70R17,E,17 Inch Terrain Pro A/T 265/70R17 121/118S LR E 80 PSI Max AMP Tires,1,220.99,,220.99,,8858049282201,48702618599577,https://shop.com/products/8858049282201/17-inch-terrain-pro-a-t-265-70r17-121-118s-lr-e-80?variantId=48702618599577,shop.app,,,,,,,220.99
Tacoma Wheels,,False,R/T,265/70R17,C,P265/70R17 Amp Tires Terrain Attack R/T Tire SL Rated 6 Ply,1,193.99,213.39,193.99,,8301954171071,45151980683455,https://shop.com/products/8301954171071/p265-70r17-amp-tires-terrain-attack-r-t-tire-sl-rated-6-ply?variantId=45151980683455,shop.app,,,0.0,193.99,free shipping,,193.99
TryBeepbeep,,False,Terrain Attack A/T A,265/70R17,,265-7017AMP/CA3 Attack AT Amp Tires 265/70R17,1,205.99,,205.99,,10125593379098,51707323810074,https://shop.com/products/10125593379098/265-7017amp-ca3-attack-at-amp-tires-265-70r17?variantId=51707323810074,shop.app,,,0.0,205.99,free shipping,,205.99
AutoHouseSupply,,False,R/T,265/70R17,,AMP Terrain Attack R/T Tire - P265/70R17 113T,1,193.99,,193.99,,10304032768292,51514733723940,https://shop.com/products/10304032768292/amp-terrain-attack-r-t-tire-p265-70r17-113t?variantId=51514733723940,shop.app,,,,,,,193.99
Late Model Truck,,False,R/T,265/70R17,,AMP Terrain Attack R/T Tire - P265/70R17 113T,1,193.99,,193.99,,7841426866383,44974621786319,https://shop.com/products/7841426866383/amp-terrain-attack-r-t-tire-p265-70r17-113t?variantId=44974621786319,shop.app,,,,,,,193.99
PERFORMANCE MODS,,False,Terrain Attack A/T A,265/70R17,,AMP Tires 265-7017AMP/CA3 AMP Terrain Attack A/T A Tire - LT265/70R17 121/118S,1,205.99,,205.99,,8149780234426,44920710299834,https://shop.com/products/8149780234426/amp-tires-265-7017amp-ca3-amp-terrain-attack-a-t-a-tire-lt265?variantId=44920710299834,shop.app,,,,,,,205.99
Street Driven Performance,,False,Terrain Attack A/T A,265/70R17,,AMP Terrain Attack A/T A Tire - LT265/70R17 121/118S,1,174.83,205.99,174.83,,10875104329887,62579911393439,https://shop.com/products/10875104329887/amp-terrain-attack-a-t-a-tire-lt265-70r17-121-118s?variantId=62579911393439,shop.app,,,25.0,199.83,$25.00/tire (store_shipping.csv),,199.83
ClassicAutoStoreOnline.com,,False,Terrain Pro A/T P,265/70R17,,AMP 2005 Chevrolet Silverado 1500 Terrain Pro A/T LT265/70R17 121/118S All-Terrain Tire - Period-Correct Fitment,1,264.99,,264.99,,15366906970483,62811799060851,https://shop.com/products/15366906970483/amp-2005-chevrolet-silverado-1500-terrain-pro-a-t-lt265-70r17-121-118s?variantId=62811799060851,shop.app,,,,,,,264.99
Flex Offroad,,False,Terrain Pro A/T P,265/70R17,E,LT265/70R17 AMP Terrain PRO A/T P (Load E),1,277.0,,277.0,,9685115306257,49268058128657,https://shop.com/products/9685115306257/lt265-70r17-amp-terrain-pro-a-t-p-load-e?variantId=49268058128657,shop.app,,,,,,,277.0
Forge USA,,False,Terrain Attack A/T A,265/70R17,,AMP Terrain Attack A/T A LT265/70R17,1,210.0,,210.0,,10122096673008,50086600966384,https://shop.com/products/10122096673008/amp-terrain-attack-a-t-a-lt265-70r17?variantId=50086600966384,shop.app,,,,,,,210.0
Gladiator Auto,,False,Terrain Pro A/T P,285/70R17,E,TERRAIN PRO A/T P 285/70R17 121/118R LR E 80 PSI MAX - 285-7017AMP/CA2,1,241.0,,241.0,,9056630997246,47754432151806,https://shop.com/products/9056630997246/terrain-pro-a-t-p-285-70r17-121-118r-lr-e-80-psi?variantId=47754432151806,shop.app,,,0.0,241.0,free shipping,,241.0
CWO,,False,Terrain Attack A/T A,265/70R17,E,LT265/70R17 Amp Tires Terrain Attack A/T 121S LRE Black Wall Tire,1,227.99,,227.99,,10122313990457,51952038674745,https://shop.com/products/10122313990457/lt265-70r17-amp-tires-terrain-attack-a-t-121s-lre-black-wall-tire?variantId=51952038674745,shop.app,,,0.0,227.99,free shipping,,227.99
GE Tires Online Inc,,False,Terrain Pro A/T P,275/65R20,,AMP Terrain Pro AT 275/65R20,1,288.33,,288.33,,10410422403352,52644734337304,https://shop.com/products/10410422403352/amp-terrain-pro-at-275-65r20?variantId=52644734337304,shop.app,,,0.0,288.33,free shipping,,288.33
Gladiator Auto,,False,Terrain Pro A/T P,275/65R20,E,TERRAIN PRO A/T 275/65R20 126/123S LR E 80 PSI MAX - 275-6520AMP/CA2,1,292.0,,292.0,,9056630702334,47754432446718,https://shop.com/products/9056630702334/terrain-pro-a-t-275-65r20-126-123s-lr-e-80-psi-max?variantId=47754432446718,shop.app,,,0.0,292.0,free shipping,,292.0
Tacoma Wheels,,False,Terrain Pro A/T P,275/65R20,E,LT275/65R20 Amp Tires Terrain Pro A/T Tire E Rated 10 Ply,1,291.99,321.19,291.99,,8301954302143,45151980912831,https://shop.com/products/8301954302143/lt275-65r20-amp-tires-terrain-pro-a-t-tire-e-rated-10-ply?variantId=45151980912831,shop.app,,,0.0,291.99,free shipping,,291.99
Street Driven Performance,,False,Terrain Pro A/T P,275/65R20,,AMP Terrain Pro A/T Tire - LT275/65R20 126/123S,1,260.62,291.99,260.62,,10875104493727,62579911721119,https://shop.com/products/10875104493727/amp-terrain-pro-a-t-tire-lt275-65r20-126-123s?variantId=62579911721119,shop.app,,,25.0,285.62,$25.00/tire (store_shipping.csv),,285.62
TryBeepbeep,,False,Terrain Pro A/T P,275/65R20,E,Terrain Pro AMP A/T LT275/65R20 E/10PLY BSW,1,291.99,,291.99,,10125593542938,51707324301594,https://shop.com/products/10125593542938/terrain-pro-amp-a-t-lt275-65r20-e-10ply-bsw?variantId=51707324301594,shop.app,,,0.0,291.99,free shipping,,291.99
SHOPWHEELXPRESS,,False,Terrain Pro A/T P,295/65R20,,AMP Pro AT All Terrain LT295/65R20 Tire,1,350.78,,350.78,,8513726382217,45421797015689,https://shop.com/products/8513726382217/amp-pro-at-all-terrain-lt295-65r20-tire?variantId=45421797015689,shop.app,,,,,,,350.78
Trail Ops,,False,Terrain Pro A/T P,275/65R20,E,AMP Terrain Pro A/T LT275/65R20 Load E Tire,1,292.0,,292.0,,9204446298351,47418205831407,https://shop.com/products/9204446298351/amp-terrain-pro-a-t-lt275-65r20-load-e-tire?variantId=47418205831407,shop.app,,,,,,,292.0
Wheel Tire Direct,,True,Terrain Pro A/T P,295/65R20,E,AMP Pro AT LT295/65R20 (Load E),1,289.56,325.0,289.56,,9966642856250,51617848131898,https://shop.com/products/9966642856250/amp-pro-at-lt295-65r20-load-e?variantId=51617848131898,shop.app,,,,,,,
ClassicAutoStoreOnline.com,,False,Terrain Pro A/T P,275/65R20,,AMP 1999-2005 Chevrolet Silverado 1500 Terrain Pro A/T LT275/65R20 - Period-Correct All-Terrain Tire,1,349.99,,349.99,,15366907199859,62811799454067,https://shop.com/products/15366907199859/amp-1999-2005-chevrolet-silverado-1500-terrain-pro-a-t-lt275-65r20-period?variantId=62811799454067,shop.app,,,,,,,349.99
EZ Wheeler,,False,Terrain Pro A/T P,275/60R20,E,TERRAIN PRO A/T P 275/60R20 123/120S LR E 80 PSI MAX,1,270.99,271.0,270.99,,9219912368361,50619114619113,https://shop.com/products/9219912368361/terrain-pro-a-t-p-275-60r20-123-120s-lr-e-80-psi?variantId=50619114619113,shop.app,,,,,,,270.99
MOTORMIA,,False,Terrain Pro A/T P,295/65R20,,AMP Terrain Pro A/T Tire - LT295/65R20 129/126R,1,318.99,,318.99,,10468893196600,51835736031544,https://shop.com/products/10468893196600/amp-terrain-pro-a-t-tire-lt295-65r20-129-126r?variantId=51835736031544,shop.app,,,0.0,318.99,free shipping,,318.99
Gladiator Auto,,False,Terrain Pro A/T P,275/60R20,E,TERRAIN PRO A/T P 275/60R20 123/120S LR E 80 PSI MAX - 275-6020AMP/CA2,1,271.0,,271.0,,9056630669566,47754432545022,https://shop.com/products/9056630669566/terrain-pro-a-t-p-275-60r20-123-120s-lr-e-80-psi?variantId=47754432545022,shop.app,,,0.0,271.0,free shipping,,271.0
SHOPWHEELXPRESS,,False,Terrain Pro A/T P,275/55R20,,AMP Pro AT All Terrain LT275/55R20 Tire,1,284.38,,284.38,,8508625191049,45406602264713,https://shop.com/products/8508625191049/amp-pro-at-all-terrain-lt275-55r20-tire?variantId=45406602264713,shop.app,,,,,,,284.38
Wheel Tire Direct,,True,Terrain Pro A/T P,275/55R20,D,AMP Pro AT LT275/55R20 (Load D),1,234.09,241.0,234.09,,9966904803642,51618710716730,https://shop.com/products/9966904803642/amp-pro-at-lt275-55r20-load-d?variantId=51618710716730,shop.app,,,,,,,
Gladiator Auto,,False,Terrain Pro A/T P,295/65R20,E,TERRAIN PRO A/T P LT295/65R20 129/126R LR E 80PSI MAX - 295-6520AMP/CA2,1,325.0,,325.0,,9056631193854,47754431955198,https://shop.com/products/9056631193854/terrain-pro-a-t-p-lt295-65r20-129-126r-lr-e-80psi-max?variantId=47754431955198,shop.app,,,0.0,325.0,free shipping,,325.0
Trail Ops,,False,Terrain Pro A/T P,295/65R20,E,AMP Terrain Pro A/T LT295/65R20 Load E Tire,1,325.0,,325.0,,9204446331119,47418205962479,https://shop.com/products/9204446331119/amp-terrain-pro-a-t-lt295-65r20-load-e-tire?variantId=47418205962479,shop.app,,,,,,,325.0
TryBeepbeep,,False,Terrain Pro A/T P,295/65R20,,295-6520AMP/CA2 Amp Tires Terrain Pro LT295/65R20,1,318.99,,318.99,,10125594099994,51707326464282,https://shop.com/products/10125594099994/295-6520amp-ca2-amp-tires-terrain-pro-lt295-65r20?variantId=51707326464282,shop.app,,,0.0,318.99,free shipping,,318.99
SHOPWHEELXPRESS,,False,Terrain Attack A/T A,275/55R20,,AMP Terrain Attack AT A All Terrain 275/55R20 Tire,1,307.71,,307.71,,8509200236681,45407821955209,https://shop.com/products/8509200236681/amp-terrain-attack-at-a-all-terrain-275-55r20-tire?variantId=45407821955209,shop.app,,,,,,,307.71
Gladiator Auto,,False,Terrain Pro A/T P,275/70R18,E,TERRAIN PRO A/T P LT275/70R18 125/122R LR E 80PSI MAX - 275-7018AMP/CA2,1,271.0,,271.0,,9056630800638,47754432348414,https://shop.com/products/9056630800638/terrain-pro-a-t-p-lt275-70r18-125-122r-lr-e-80psi-max?variantId=47754432348414,shop.app,,,0.0,271.0,free shipping,,271.0
Wheels Below Retail,,False,Terrain Pro A/T P,275/70R18,,AMP PRO AT LT275X70R18 (33.2X10.8R 18) Tires,1,296.0,,296.0,,8073220063467,44017377280235,https://shop.com/products/8073220063467/amp-pro-at-lt275x70r18-33-2x10-8r-18-tires?variantId=44017377280235,shop.app,,,,,,,296.0
Tacoma Wheels,,False,Terrain Pro A/T P,275/70R18,E,LT275/70R18 Amp Tires Terrain Pro A/T Tire E Rated 10 Ply,1,270.99,298.09,270.99,,8301954334911,45151980945599,https://shop.com/products/8301954334911/lt275-70r18-amp-tires-terrain-pro-a-t-tire-e-rated-10-ply?variantId=45151980945599,shop.app,,,0.0,270.99,free shipping,,270.99
MOTORMIA,,False,Terrain Pro A/T P,275/70R18,E,TWG TERRAIN PRO A/T P LT275/70R18 125/122R LR E 80PSI MAX,1,271.0,,271.0,,10629714116920,52118909026616,https://shop.com/products/10629714116920/twg-terrain-pro-a-t-p-lt275-70r18-125-122r-lr-e-80psi?variantId=52118909026616,shop.app,,,0.0,271.0,free shipping,,271.0
Down East Offroad,,False,Terrain Pro A/T P,265/70R17,,AMP Terrain Pro A/T Tire - LT265/70R17 121/118S,1,221.0,,221.0,,14998232170868,54153001959796,https://shop.com/products/14998232170868/amp-terrain-pro-a-t-tire-lt265-70r17-121-118s?variantId=54153001959796,shop.app,,,,,,,221.0
Quadratec,,False,Terrain Pro A/T P,285/65R18,,AMP PRO A/T 285/65R18 TIRE,1,256.99,,256.99,,9127737557250,46804146258178,https://shop.com/products/9127737557250/amp-pro-a-t-285-65r18-tire?variantId=46804146258178,shop.app,,,0.0,256.99,free shipping,,256.99
Speedzone Performance LLC,,False,M/T,285/65R18,,AMP Terrain Attack M/T Tire - LT285/65R18 125/122Q,1,329.0,,329.0,,7350048981077,42283602051157,https://shop.com/products/7350048981077/amp-terrain-attack-m-t-tire-lt285-65r18-125-122q?variantId=42283602051157,shop.app,,,,,,,329.0
SHOPWHEELXPRESS,,False,Terrain Pro A/T P,285/65R18,,AMP Pro AT All Terrain 285/65R18 Tire,1,300.13,,300.13,,8513335165065,45420189221001,https://shop.com/products/8513335165065/amp-pro-at-all-terrain-285-65r18-tire?variantId=45420189221001,shop.app,,,,,,,300.13
GE Tires Online Inc,,False,Terrain Pro A/T P,285/65R18,,AMP Terrain Pro AT 285/65R18,1,258.91,,258.91,,10325002060056,52356356604184,https://shop.com/products/10325002060056/amp-terrain-pro-at-285-65r18?variantId=52356356604184,shop.app,,,0.0,258.91,free shipping,,258.91
TFS Wheels,,False,Terrain Pro A/T P,285/65R18,,AMP Pro AT 285/65R18,1,262.0,,262.0,,8731325300887,45042123079831,https://shop.com/products/8731325300887/amp-pro-at-285-65r18?variantId=45042123079831,shop.app,,,0.0,262.0,free shipping,,262.0
Street Driven Performance,,False,Terrain Pro A/T P,285/65R18,,AMP Terrain Pro A/T Tire - LT285/65R18 125/122R,1,218.11,256.99,218.11,,10875104788639,62579912310943,https://shop.com/products/10875104788639/amp-terrain-pro-a-t-tire-lt285-65r18-125-122r?variantId=62579912310943,shop.app,,,25.0,243.11,$25.00/tire (store_shipping.csv),,243.11
Black Patch Performance,,False,Terrain Pro A/T P,285/65R18,E,LT285/65R18 TERRAIN PRO A/T Load Range E,1,262.0,,262.0,,7070314332247,40739073654871,https://shop.com/products/7070314332247/lt285-65r18-terrain-pro-a-t-load-range-e?variantId=40739073654871,shop.app,,,,,,,262.0
Tacoma Wheels,,False,Terrain Pro A/T P,285/65R18,E,LT285/65R18 Amp Tires Terrain Pro A/T Tire E Rated 10 Ply,1,256.99,282.69,256.99,,8301954760895,45151981404351,https://shop.com/products/8301954760895/lt285-65r18-amp-tires-terrain-pro-a-t-tire-e-rated-10-ply?variantId=45151981404351,shop.app,,,0.0,256.99,free shipping,,256.99
Street Driven Performance,,False,M/T,285/65R18,,AMP Terrain Attack M/T Tire - LT285/65R18 125/122Q,1,293.63,328.99,293.63,,10875104821407,62579912409247,https://shop.com/products/10875104821407/amp-terrain-attack-m-t-tire-lt285-65r18-125-122q?variantId=62579912409247,shop.app,,,25.0,318.63,$25.00/tire (store_shipping.csv),,318.63
Myka Racing,,False,Terrain Pro A/T P,285/65R18,E,TERRAIN PRO A/T P 285/65R18 125/122R LR E 80 PSI MAX,1,262.0,,262.0,,15300724523312,67837812703536,https://shop.com/products/15300724523312/terrain-pro-a-t-p-285-65r18-125-122r-lr-e-80-psi?variantId=67837812703536,shop.app,,,,,,,262.0
Trail Ops,,False,Terrain Pro A/T P,285/65R18,E,AMP Terrain Pro A/T LT285/65R18 Load E Tire,1,262.0,,262.0,,9204446167279,47418205470959,https://shop.com/products/9204446167279/amp-terrain-pro-a-t-lt285-65r18-load-e-tire?variantId=47418205470959,shop.app,,,,,,,262.0
CWO,,False,Terrain Pro A/T P,285/65R18,E,LT285/65R18 Amp Tires Terrain Pro A/T 125R LRE Black Wall Tire,1,267.99,,267.99,,10122308157753,51952033005881,https://shop.com/products/10122308157753/lt285-65r18-amp-tires-terrain-pro-a-t-125r-lre-black-wall-tire?variantId=51952033005881,shop.app,,,0.0,267.99,free shipping,,267.99
797 Offroad,,False,M/T,285/65R18,,AMP Terrain Attack M/T Tire - LT285/65R18 125/122Q,1,329.0,,329.0,,8952083251424,47639714595040,https://shop.com/products/8952083251424/amp-terrain-attack-m-t-tire-lt285-65r18-125-122q?variantId=47639714595040,shop.app,,,,,,,329.0
Flex Offroad,,False,Terrain Pro A/T P,285/65R18,E,LT285/65R18 AMP Terrain PRO A/T P (Load E),1,257.0,,257.0,,9685371486481,49268805075217,https://shop.com/products/9685371486481/lt285-65r18-amp-terrain-pro-a-t-p-load-e?variantId=49268805075217,shop.app,,,,,,,257.0
Gladiator Auto,,False,Terrain Pro A/T P,325/65R18,E,TERRAIN PRO A/T P 325/65R18 127/124R LR E 65 PSI MAX - 325-6518AMP/CA2,1,333.0,,333.0,,9056631587070,47754431561982,https://shop.com/products/9056631587070/terrain-pro-a-t-p-325-65r18-127-124r-lr-e-65-psi?variantId=47754431561982,shop.app,,,0.0,333.0,free shipping,,333.0
TryBeepbeep,,False,Terrain Pro A/T P,325/65R18,E,Terrain Pro AMP A/T LT325/65R18 E/10PLY BSW,1,332.99,,332.99,,10125594460442,51707328037146,https://shop.com/products/10125594460442/terrain-pro-amp-a-t-lt325-65r18-e-10ply-bsw?variantId=51707328037146,shop.app,,,0.0,332.99,free shipping,,332.99
Wheel Tire Direct,,True,Terrain Pro A/T P,325/65R18,E,AMP Pro AT 325/65R18 (Load E),1,298.7,333.0,298.7,,9965466583354,51611196981562,https://shop.com/products/9965466583354/amp-pro-at-325-65r18-load-e?variantId=51611196981562,shop.app,,,,,,,
FI Performance,,False,Terrain Pro A/T P,285/65R18,,AMP Terrain Pro A/T Tire - LT285/65R18 125/122R,1,256.99,,256.99,,10653746233484,61739770478732,https://shop.com/products/10653746233484/amp-terrain-pro-a-t-tire-lt285-65r18-125-122r?variantId=61739770478732,shop.app,,,,,,,256.99
Tires Nation,,False,Terrain Pro A/T P,325/65R18,,Amp Terrain Pro A/T P 325/65R18 127/124R Tire,1,333.0,481.29,333.0,,10464992690466,52389508219170,https://shop.com/products/10464992690466/amp-terrain-pro-a-t-p-325-65r18-127-124r-tire?variantId=52389508219170,shop.app,,,,,,,333.0
Tacoma Wheels,,False,Terrain Pro A/T P,305/35R24,E,P305/35R24 Amp Tires Terrain Pro A/T Tire XL Rated 10 Ply,1,301.99,332.19,301.99,,8301954990271,45151981633727,https://shop.app/products/8301954990271/p305-35r24-amp-tires-terrain-pro-a-t-tire-xl-rated-10-ply?variantId=45151981633727,shop.app,,,0.0,301.99,free shipping,,301.99
MOTORMIA,,False,Terrain Pro A/T P,305/35R24,XL,TWG TERRAIN PRO A/T P 305/35R24 112S XL 50PSI MAX,1,308.0,,308.0,,10633529983288,52122740359480,https://shop.app/products/10633529983288/twg-terrain-pro-a-t-p-305-35r24-112s-xl-50psi-max?variantId=52122740359480,shop.app,,,0.0,308.0,free shipping,,308.0
FR SPORT,,False,Terrain Pro A/T P,35x12.50R20,,AMP Tires AMP Terrain Pro A/T Tire - 35X12.50R20LT 121S 35-125020AMP/CA2,1,284.99,,284.99,,8881865654424,47391137988760,https://shop.app/products/8881865654424/amp-tires-amp-terrain-pro-a-t-tire-35x12-50r20lt-121s-35-125020amp?variantId=47391137988760,shop.app,,,,,,,284.99
Wheels Below Retail,,False,Terrain Attack A/T A,305/60R18,,AMP TERRAIN ATTACK AT A 305/60R18 (32.4X12R 18) Tires,1,322.0,,322.0,,5425786388642,35031298441378,https://shop.app/products/5425786388642/amp-terrain-attack-at-a-305-60r18-32-4x12r-18-tires?variantId=35031298441378,shop.app,,,,,,,322.0
Wheel Tire Direct,,True,Terrain Attack A/T A,305/55R20,E,AMP Terrain Attack AT A 305/55R20 (Load E),1,268.1,299.0,268.1,,9966571585850,51617032667450,https://shop.app/products/9966571585850/amp-terrain-attack-at-a-305-55r20-load-e?variantId=51617032667450,shop.app,,,,,,,
MOTORMIA,,False,Terrain Attack A/T A,305/40R22,,AMP Terrain Attack A/T A Tire - 305/40R22 114S,1,268.99,,268.99,,10468962238776,51835805073720,https://shop.app/products/10468962238776/amp-terrain-attack-a-t-a-tire-305-40r22-114s?variantId=51835805073720,shop.app,,,0.0,268.99,free shipping,,268.99
Gladiator Auto,,False,Terrain Pro A/T P,305/55R20,E,TERRAIN PRO A/T P 305/55R20 121/118S LR E 65 PSI MAX - 305-5520AMP/CA2,1,289.0,,289.0,,9056631423230,47754431725822,https://shop.app/products/9056631423230/terrain-pro-a-t-p-305-55r20-121-118s-lr-e-65-psi?variantId=47754431725822,shop.app,,,0.0,289.0,free shipping,,289.0
Wheels Below Retail,,False,Terrain Attack A/T A,305/55R20,,AMP TERRAIN ATTACK AT A 305/55R20 (33.2X12R 20) Tires,1,324.0,,324.0,,5425787601058,35031306600610,https://shop.app/products/5425787601058/amp-terrain-attack-at-a-305-55r20-33-2x12r-20-tires?variantId=35031306600610,shop.app,,,,,,,324.0
Red 5 Garage,,False,Terrain Attack A/T A,305/40R22,,AMP Terrain Attack A/T A Tire - 305/40R22 114S,1,268.99,,268.99,,7938475327531,44152674746411,https://shop.app/products/7938475327531/amp-terrain-attack-a-t-a-tire-305-40r22-114s?variantId=44152674746411,shop.app,,,,,,,268.99
Tacoma Wheels,,False,Terrain Pro A/T P,305/55R20,E,LT305/55R20 Amp Tires Terrain Pro A/T Tire E Rated 10 Ply,1,274.99,302.49,274.99,,8301955055807,45151981699263,https://shop.app/products/8301955055807/lt305-55r20-amp-tires-terrain-pro-a-t-tire-e-rated-10-ply?variantId=45151981699263,shop.app,,,0.0,274.99,free shipping,,274.99
Next Level Performance,,False,Terrain Attack A/T A,305/60R18,,AMP Terrain Attack A/T A Tire - LT305/60R18 121/118R,1,291.99,,291.99,,9687057596567,48103997833367,https://shop.app/products/9687057596567/amp-terrain-attack-a-t-a-tire-lt305-60r18-121-118r?variantId=48103997833367,shop.app,,,20.0,311.99,$20.00/tire (store_shipping.csv),,311.99
SHOPWHEELXPRESS,,False,Terrain Attack A/T A,305/40R22,,AMP Terrain Attack AT A All Terrain 305/40R22 Tire,1,310.04,,310.04,,8508660809865,45406702796937,https://shop.app/products/8508660809865/amp-terrain-attack-at-a-all-terrain-305-40r22-tire?variantId=45406702796937,shop.app,,,,,,,310.04
Dually Wheels,,False,M/T,35x13.50R24,,35x13.50R24LT/10 Amp Tires Terrain Attack M/T Tires Set of 6,6,2766.0,3042.6,461.0,,7916249022719,46050004893951,https://shop.app/products/7916249022719/35x13-50r24lt-10-amp-tires-terrain-attack-m-t-tires-set-of-6?variantId=46050004893951,shop.app,,,,,,,461.0
